Variant,Condition,ROI,RCADS Scale,Score Column,N,Pearson r,Pearson CI 95% Low,Pearson CI 95% High,Pearson p,Spearman rho,Spearman p,Most Influential PID,Pearson r Without Most Influential PID,Leave-One-Out r Minimum,Leave-One-Out r Maximum,Pearson q (BH-FDR),Pearson q (BY-FDR),Pearson p (Holm),Spearman q (BH-FDR),Spearman q (BY-FDR),Spearman p (Holm)
All 35 participants; T scores,Neutral Angry,LOT,Social Phobia,Social Phobia T,35,-0.04462086063886567,-0.3723309381169127,0.29298225612798956,0.7990937201659034,0.12677053989404313,0.468033206685719,P25,0.2599759260661023,-0.09798512183048477,0.2599759260661023,0.9397045357055679,1.0,1.0,0.96834456555666,1.0,1.0
All 35 participants; T scores,Neutral Angry,LOT,Panic Disorder,Panic Disorder T,35,0.10934312076837308,-0.23237059395775242,0.42702947266658736,0.5317946281009671,0.12046296066404698,0.4906326586520533,P35,0.20353578503859746,0.030495391436867487,0.20353578503859746,0.8453057128874474,1.0,1.0,0.9812653173041066,1.0,1.0
All 35 participants; T scores,Neutral Angry,LOT,Major Depression,Major Depression T,35,0.1031635524494366,-0.23827461049270823,0.42190545274627234,0.5553679610804045,-0.0060338282681981735,0.9725578152968349,P25,-0.12589206449914592,-0.12589206449914592,0.1885368714121726,0.8453057128874474,1.0,1.0,0.9856903698584495,1.0,1.0
All 35 participants; T scores,Neutral Angry,LOT,Separation Anxiety,Separation Anxiety T,35,0.12411061018837927,-0.2181588609436713,0.43919240629067685,0.4774957910133029,0.23028933984581423,0.18322153700830882,P27,0.3435157862584963,0.03555492269836201,0.3435157862584963,0.8149014905509329,1.0,1.0,0.7857134098506081,1.0,1.0
All 35 participants; T scores,Neutral Angry,LOT,Generalized Anxiety,Generalized Anxiety T,35,0.09484111754985208,-0.24618626064398066,0.41497226663335535,0.5878636094536009,0.08308226018082894,0.6351488599806145,P27,0.22659972619329133,0.017760927232632433,0.22659972619329133,0.8547531392862968,1.0,1.0,0.9856903698584495,1.0,1.0
All 35 participants; T scores,Neutral Angry,LOT,Obsessive Compulsive,Obsessive Compulsive T,35,0.21010511778837634,-0.13241252892233848,0.5077973168877106,0.22572884283015332,0.19089933759448194,0.2719860187441978,P30,0.2866790415713247,0.1651414829165574,0.2866790415713247,0.7105548198254538,1.0,1.0,0.844094540930269,1.0,1.0
All 35 participants; T scores,Neutral Angry,ROT,Social Phobia,Social Phobia T,35,-0.22205094996413652,-0.5170378748739032,0.12008133890380193,0.1998294002540248,0.01724864646788419,0.9216578990411077,P27,0.07946021272031895,-0.2565445572413422,0.07946021272031895,0.6917171547254705,1.0,1.0,0.9856903698584495,1.0,1.0
All 35 participants; T scores,Neutral Angry,ROT,Panic Disorder,Panic Disorder T,35,-0.1568329049382669,-0.46573810230750723,0.18614217885891857,0.368266606165132,0.09977598026963705,0.5684936834477037,P27,0.053114877329666195,-0.20391826069374647,0.053114877329666195,0.7553951423357717,1.0,1.0,0.9856903698584495,1.0,1.0
All 35 participants; T scores,Neutral Angry,ROT,Major Depression,Major Depression T,35,-0.28977316081487114,-0.5681552771166357,0.04812014950966177,0.09131405325587956,-0.061320533795409346,0.7263899851034965,P27,0.05226650354688642,-0.3278927010374471,0.05226650354688642,0.5542899746379294,1.0,1.0,0.9856903698584495,1.0,1.0
All 35 participants; T scores,Neutral Angry,ROT,Separation Anxiety,Separation Anxiety T,35,-0.5730402287614422,-0.7609692818403407,-0.2963942126280056,0.0003207920368884819,-0.06389124977429603,0.7153867084854539,P27,0.06063219250344039,-0.6286977209633097,0.06063219250344039,0.011548513327985349,0.06666896370420984,0.05645939849237281,0.9856903698584495,1.0,1.0
All 35 participants; T scores,Neutral Angry,ROT,Generalized Anxiety,Generalized Anxiety T,35,-0.41745251816564055,-0.6590197831412499,-0.09781322171921776,0.012592546208296702,-0.02267159981205671,0.8971421850238871,P27,0.06334023505295568,-0.5355454932188305,0.06334023505295568,0.202706786406084,1.0,1.0,0.9856903698584495,1.0,1.0
All 35 participants; T scores,Neutral Angry,ROT,Obsessive Compulsive,Obsessive Compulsive T,35,-0.04152173732067357,-0.36965339688965837,0.29581803412607494,0.8127912294927203,-0.0618446078893366,0.7241423667193752,P27,0.006613547940347242,-0.08759824334005986,0.006613547940347242,0.9397045357055679,1.0,1.0,0.9856903698584495,1.0,1.0
All 35 participants; T scores,Neutral Angry,O,Social Phobia,Social Phobia T,35,-0.03972800017786278,-0.3681011727778642,0.29745663788933646,0.8207444987895147,-0.09157208246771038,0.6008529387128896,P4,-0.1083973610784933,-0.1083973610784933,0.01713230631753946,0.9397045357055679,1.0,1.0,0.9856903698584495,1.0,1.0
All 35 participants; T scores,Neutral Angry,O,Panic Disorder,Panic Disorder T,35,0.015360405520651994,-0.3195217074145265,0.346831587833561,0.9302119751519065,-0.17408023638017073,0.31724597133741106,P4,-0.21709239264769187,-0.21709239264769187,0.07292390717821066,0.9723072696212857,1.0,1.0,0.8523026095631938,1.0,1.0
All 35 participants; T scores,Neutral Angry,O,Major Depression,Major Depression T,35,-0.09863929330035666,-0.41814103862535235,0.24258118685460375,0.5729294276237143,-0.2301274037173257,0.18353827856334404,P4,-0.23436071657534735,-0.23436071657534735,-0.058493289315670834,0.8453057128874474,1.0,1.0,0.7857134098506081,1.0,1.0
All 35 participants; T scores,Neutral Angry,O,Separation Anxiety,Separation Anxiety T,35,0.010844247561751511,-0.32357162272634543,0.3428517915650295,0.9507004414074793,-0.08411177717539191,0.6309480596554472,P4,-0.10469187110964956,-0.10469187110964956,0.08051068571600475,0.9723072696212857,1.0,1.0,0.9856903698584495,1.0,1.0
All 35 participants; T scores,Neutral Angry,O,Generalized Anxiety,Generalized Anxiety T,35,-0.1252393943653937,-0.4401173780981037,0.2170665519866207,0.4734680481575838,-0.18010544198522072,0.3005203531089758,P16,-0.2536600063813411,-0.2536600063813411,-0.0377773028148705,0.8149014905509329,1.0,1.0,0.8523026095631938,1.0,1.0
All 35 participants; T scores,Neutral Angry,O,Obsessive Compulsive,Obsessive Compulsive T,35,-0.12336266919469673,-0.4385791447503062,0.2188821611162247,0.4801744171017656,-0.2761827694784073,0.10827547824728379,P4,-0.26491761439070854,-0.26491761439070854,-0.04003056171620564,0.8149014905509329,1.0,1.0,0.6720546925693476,1.0,1.0
All 35 participants; T scores,Neutral Angry,Frontal,Social Phobia,Social Phobia T,35,-0.07239271165046371,-0.39608388265387806,0.2673024020540018,0.6794087803814268,-0.01640724907920691,0.9254685719925484,P27,-0.023392520588562705,-0.11644795836703949,-0.023392520588562705,0.918919313141301,1.0,1.0,0.9856903698584495,1.0,1.0
All 35 participants; T scores,Neutral Angry,Frontal,Panic Disorder,Panic Disorder T,35,0.011068565528755483,-0.3233707518449457,0.34304975008569105,0.9496819360162082,0.10653091264332193,0.5424622125597304,P1,-0.09902537253935137,-0.09902537253935137,0.04812681299835149,0.9723072696212857,1.0,1.0,0.9841700300559924,1.0,1.0
All 35 participants; T scores,Neutral Angry,Frontal,Major Depression,Major Depression T,35,0.04553303850310907,-0.2921464568548786,0.37311799223255876,0.7950730863479363,0.10860890882756714,0.5345699135815171,P1,-0.0775352424063237,-0.0775352424063237,0.11585833168457456,0.9397045357055679,1.0,1.0,0.9841700300559924,1.0,1.0
All 35 participants; T scores,Neutral Angry,Frontal,Separation Anxiety,Separation Anxiety T,35,0.008420240856932708,-0.3257403363542336,0.3407107455557875,0.9617111018467533,0.056448972328059344,0.74738817785642,P1,-0.1938079574149914,-0.1938079574149914,0.16722566779730258,0.9723804666858936,1.0,1.0,0.9856903698584495,1.0,1.0
All 35 participants; T scores,Neutral Angry,Frontal,Generalized Anxiety,Generalized Anxiety T,35,0.0368832215117657,-0.30005131561551024,0.36563566277554305,0.8333938118958734,0.12758055546412037,0.465171423160205,P16,-0.09443404794368596,-0.09443404794368596,0.144083926202946,0.9434646927123095,1.0,1.0,0.96834456555666,1.0,1.0
All 35 participants; T scores,Neutral Angry,Frontal,Obsessive Compulsive,Obsessive Compulsive T,35,0.16233875586880275,-0.18068250046718612,0.4701506980057554,0.35147586873226844,0.039111772569283644,0.8234809006333879,P1,-0.028141382057326678,-0.028141382057326678,0.2265284190114199,0.7553951423357717,1.0,1.0,0.9856903698584495,1.0,1.0
All 35 participants; T scores,Neutral Angry,PO,Social Phobia,Social Phobia T,35,0.23414890975691993,-0.10748458321405754,0.526326553810108,0.17578632687874052,0.1099425921204976,0.5295338314666261,P13,0.1656305981173763,0.1656305981173763,0.28058214537737813,0.6846566459274539,1.0,1.0,0.9841700300559924,1.0,1.0
All 35 participants; T scores,Neutral Angry,PO,Panic Disorder,Panic Disorder T,35,0.15980575078110187,-0.18319689190890198,0.46812256206513575,0.35914227138420507,0.1054050905810411,0.5467611278088846,P13,0.038851639416560536,0.038851639416560536,0.24804675517463923,0.7553951423357717,1.0,1.0,0.9841700300559924,1.0,1.0
All 35 participants; T scores,Neutral Angry,PO,Major Depression,Major Depression T,35,0.13483096924032845,-0.20775019777415635,0.4479502342141465,0.43997361116066447,0.13611194000354018,0.4356008338015359,P13,0.0722266440450159,0.0722266440450159,0.1841843401512495,0.8149014905509329,1.0,1.0,0.96834456555666,1.0,1.0
All 35 participants; T scores,Neutral Angry,PO,Separation Anxiety,Separation Anxiety T,35,0.11451654175429049,-0.22740841784280513,0.43130357498186245,0.5124389708984938,0.08635850244218035,0.621820143917146,P27,0.2434670123755746,0.03993517072882686,0.2434670123755746,0.8309821149705304,1.0,1.0,0.9856903698584495,1.0,1.0
All 35 participants; T scores,Neutral Angry,PO,Generalized Anxiety,Generalized Anxiety T,35,0.23979190263741165,-0.10157117666895281,0.5306354614156092,0.16530560066611155,0.09702318180439176,0.5792628712312056,P16,0.03177397708675196,0.03177397708675196,0.334911388878407,0.6678444638101573,1.0,1.0,0.9856903698584495,1.0,1.0
All 35 participants; T scores,Neutral Angry,PO,Obsessive Compulsive,Obsessive Compulsive T,35,0.025515006018733993,-0.3103705534314946,0.3557367961631055,0.8843238048395309,-0.028380744716339397,0.8714339109324282,P30,0.11944765634303292,-0.049879585639100714,0.11944765634303292,0.9705992979946071,1.0,1.0,0.9856903698584495,1.0,1.0
All 35 participants; T scores,Neutral Angry,CP,Social Phobia,Social Phobia T,35,-0.1930647971548157,-0.4944963483616063,0.14982095441830579,0.26648220182205246,-0.17781531480713134,0.30681032130973146,P25,-0.010470785013537034,-0.2676996655602556,-0.010470785013537034,0.7267696413328704,1.0,1.0,0.8523026095631938,1.0,1.0
All 35 participants; T scores,Neutral Angry,CP,Panic Disorder,Panic Disorder T,35,0.04881418250916591,-0.2891357793550624,0.3759451677588698,0.7806542478158314,0.02434590209682258,0.8895909420901097,P35,0.10765199288339927,0.005343830404212738,0.10765199288339927,0.9367850973789976,1.0,1.0,0.9856903698584495,1.0,1.0
All 35 participants; T scores,Neutral Angry,CP,Major Depression,Major Depression T,35,0.20383548484043568,-0.13884226354792148,0.5029199491486205,0.2401978907948853,0.0788607322494738,0.6524904502519846,P25,0.05677621370470483,0.05677621370470483,0.2459039638123405,0.7105548198254538,1.0,1.0,0.9856903698584495,1.0,1.0
All 35 participants; T scores,Neutral Angry,CP,Separation Anxiety,Separation Anxiety T,35,0.11983992241420877,-0.22228380139661316,0.4356867753303851,0.49289487624798367,0.02092262904696727,0.9050396782095643,P27,0.22372069312346654,0.02789425988136339,0.22372069312346654,0.8149014905509329,1.0,1.0,0.9856903698584495,1.0,1.0
All 35 participants; T scores,Neutral Angry,CP,Generalized Anxiety,Generalized Anxiety T,35,0.17025930111862447,-0.17279112207141153,0.4764716433100889,0.3281482936925871,0.07604139067397903,0.6641733165273271,P27,0.23797534433168543,0.11699028623571478,0.23797534433168543,0.7476796565147554,1.0,1.0,0.9856903698584495,1.0,1.0
All 35 participants; T scores,Neutral Angry,CP,Obsessive Compulsive,Obsessive Compulsive T,35,0.17301704802161302,-0.1700331548365518,0.4786650426303718,0.3202565685902917,0.053372743794906925,0.7607416274954734,P30,0.25159178076875754,0.09863658352269791,0.25159178076875754,0.7476796565147554,1.0,1.0,0.9856903698584495,1.0,1.0
All 35 participants; T scores,Neutral Happy,LOT,Social Phobia,Social Phobia T,35,0.22348642479864236,-0.11859241803453763,0.5181436612065646,0.19686272576325062,0.24372477692018474,0.15827134511429233,P20,0.1331925881385557,0.1331925881385557,0.26585273472721194,0.6917171547254705,1.0,1.0,0.7528498093073327,1.0,1.0
All 35 participants; T scores,Neutral Happy,LOT,Panic Disorder,Panic Disorder T,35,0.2782077674679523,-0.06066294668858621,0.5595751091902336,0.10560770443842585,0.39643009368063126,0.018390736001159126,P7,0.3277649478866199,0.23415346606405926,0.3277649478866199,0.5542899746379294,1.0,1.0,0.38171671708568766,1.0,1.0
All 35 participants; T scores,Neutral Happy,LOT,Major Depression,Major Depression T,35,-0.05436929050769143,-0.38071784516475615,0.2840232955362936,0.7564081096451228,-0.04756901820742281,0.7861178805865479,P27,-0.17884344132452104,-0.17884344132452104,0.014548383721202436,0.9239871091140355,1.0,1.0,0.9856903698584495,1.0,1.0
All 35 participants; T scores,Neutral Happy,LOT,Separation Anxiety,Separation Anxiety T,35,0.2765570462052914,-0.06244448720364411,0.5583455287987618,0.10777860617959739,0.02232683233871004,0.8986982408187278,P27,0.10105997556738641,0.10105997556738641,0.34345847595229007,0.5542899746379294,1.0,1.0,0.9856903698584495,1.0,1.0
All 35 participants; T scores,Neutral Happy,LOT,Generalized Anxiety,Generalized Anxiety T,35,0.08580670692071793,-0.25472360527908916,0.4074036307911011,0.6240568936016238,0.09110885141863784,0.6027035167938717,P27,-0.07700093517279098,-0.07700093517279098,0.1925938786878253,0.8829085367608915,1.0,1.0,0.9856903698584495,1.0,1.0
All 35 participants; T scores,Neutral Happy,LOT,Obsessive Compulsive,Obsessive Compulsive T,35,0.1774420594239558,-0.16559653147954934,0.482176562097995,0.3078433124500581,0.17734435504339444,0.3081140731502426,P20,0.08005533982935095,0.08005533982935095,0.21757522450750688,0.7476796565147554,1.0,1.0,0.8523026095631938,1.0,1.0
All 35 participants; T scores,Neutral Happy,ROT,Social Phobia,Social Phobia T,35,0.27691358175548264,-0.062059879124069045,0.5586112079461881,0.1073068893012134,0.12074052527518932,0.48962655354726936,P27,0.07187864542299294,0.07187864542299294,0.30211231211473255,0.5542899746379294,1.0,1.0,0.9812653173041066,1.0,1.0
All 35 participants; T scores,Neutral Happy,ROT,Panic Disorder,Panic Disorder T,35,0.17498036052944554,-0.1680664051047196,0.4802242598905358,0.31471100087324605,0.0685344180413445,0.6956563828800011,P27,-0.044318627569481975,-0.044318627569481975,0.2490909769436805,0.7476796565147554,1.0,1.0,0.9856903698584495,1.0,1.0
All 35 participants; T scores,Neutral Happy,ROT,Major Depression,Major Depression T,35,0.30802706110168504,-0.028104367363998347,0.5815754900822356,0.07183113183414798,0.0009822511134276097,0.9955318495349241,P27,-0.07203176171936337,-0.07203176171936337,0.33477477565430025,0.5171841492058654,1.0,1.0,0.9955318495349241,1.0,1.0
All 35 participants; T scores,Neutral Happy,ROT,Separation Anxiety,Separation Anxiety T,35,0.5972815185641475,0.3296489637737564,0.7760596054382117,0.00015184000562107976,-0.1415436918076712,0.4173267752439792,P27,-0.1288950999529306,-0.1288950999529306,0.6468140587057352,0.009110400337264785,0.052593864869521285,0.027027521000552196,0.96834456555666,1.0,1.0
All 35 participants; T scores,Neutral Happy,ROT,Generalized Anxiety,Generalized Anxiety T,35,0.4510620560566784,0.1386578481292912,0.6818207953367487,0.0065371354872264574,0.01492664335452181,0.9321781180858814,P27,-0.04196032776989242,-0.04196032776989242,0.5470309038972005,0.1186325509699148,0.6848595148247387,1.0,0.9856903698584495,1.0,1.0
All 35 participants; T scores,Neutral Happy,ROT,Obsessive Compulsive,Obsessive Compulsive T,35,0.047421788015358984,-0.2904142150744702,0.37474616386293236,0.7867645792835756,-0.0523843596505568,0.765046734203346,P30,0.10147512618160766,0.006360077755181173,0.10147512618160766,0.9378650613976397,1.0,1.0,0.9856903698584495,1.0,1.0
All 35 participants; T scores,Neutral Happy,O,Social Phobia,Social Phobia T,35,0.13157930066144147,-0.21091554182356848,0.4453001687767561,0.45118078763682823,0.16645645005998808,0.33922618710618746,P4,0.2121948140228048,0.08852806986389851,0.2121948140228048,0.8149014905509329,1.0,1.0,0.8962092743044872,1.0,1.0
All 35 participants; T scores,Neutral Happy,O,Panic Disorder,Panic Disorder T,35,0.24803652221642,-0.09288788545418403,0.5369040224316329,0.15081070176009298,0.33605788559082267,0.04840818655932205,P24,0.2912291862610096,0.21946496769770302,0.2912291862610096,0.646331578971827,1.0,1.0,0.4149273133656176,1.0,1.0
All 35 participants; T scores,Neutral Happy,O,Major Depression,Major Depression T,35,0.03406430649498201,-0.30261749510837355,0.36318800890044267,0.845968836803841,-0.004349969216607985,0.9802143122481248,P27,-0.025033909703950814,-0.025033909703950814,0.0665198534679513,0.9466434873238069,1.0,1.0,0.9856903698584495,1.0,1.0
All 35 participants; T scores,Neutral Happy,O,Separation Anxiety,Separation Anxiety T,35,0.14329519171263153,-0.1994768988933,0.45482275469377437,0.41152748587993265,-0.014603714234124807,0.9336421375962987,P27,0.04376590198765789,0.04376590198765789,0.18353472512720564,0.7965048113805148,1.0,1.0,0.9856903698584495,1.0,1.0
All 35 participants; T scores,Neutral Happy,O,Generalized Anxiety,Generalized Anxiety T,35,0.1082600244001014,-0.23340721747613524,0.4261328550386439,0.5358911179459764,0.14166229447782017,0.4169326330446631,P4,0.22771333342480593,0.0307058729143149,0.22771333342480593,0.8453057128874474,1.0,1.0,0.96834456555666,1.0,1.0
All 35 participants; T scores,Neutral Happy,O,Obsessive Compulsive,Obsessive Compulsive T,35,0.10464751433863048,-0.23685911834026302,0.4231377957506319,0.5496629333567952,0.11154621057665734,0.5235090815859708,P29,0.03058891519657899,0.03058891519657899,0.15847711231566997,0.8453057128874474,1.0,1.0,0.9841700300559924,1.0,1.0
All 35 participants; T scores,Neutral Happy,Frontal,Social Phobia,Social Phobia T,35,0.10418337937726706,-0.2373019940690321,0.4227524855806362,0.5514443157565759,0.030711004686720632,0.8609763625201828,P20,-0.005682374128254911,-0.005682374128254911,0.15803150389769471,0.8453057128874474,1.0,1.0,0.9856903698584495,1.0,1.0
All 35 participants; T scores,Neutral Happy,Frontal,Panic Disorder,Panic Disorder T,35,0.053606901806444694,-0.2847260790593984,0.3800638658265722,0.7597227341604291,0.11624112793049395,0.5060654849124755,P8,0.18966556321963896,-0.05001909261328974,0.18966556321963896,0.9239871091140355,1.0,1.0,0.9841700300559924,1.0,1.0
All 35 participants; T scores,Neutral Happy,Frontal,Major Depression,Major Depression T,35,-0.026696101132639788,-0.35676869458082183,0.30930211363405696,0.8790075914447023,-0.05360284647562098,0.7597403767705209,P11,-0.08054602908250885,-0.08054602908250885,0.02155062974287733,0.9705992979946071,1.0,1.0,0.9856903698584495,1.0,1.0
All 35 participants; T scores,Neutral Happy,Frontal,Separation Anxiety,Separation Anxiety T,35,-0.1753690075143271,-0.480532685751785,0.16767675361709222,0.3136204119967388,-0.24798230132177315,0.1509029043717795,P20,-0.3369636453351679,-0.3369636453351679,-0.11578170431173417,0.7476796565147554,1.0,1.0,0.7528498093073327,1.0,1.0
All 35 participants; T scores,Neutral Happy,Frontal,Generalized Anxiety,Generalized Anxiety T,35,-0.011844763809702695,-0.3437345103635305,0.3226754538886667,0.9461582585112001,-0.006055147775890922,0.9724608896632891,P27,0.05995758605834856,-0.0694660787757182,0.05995758605834856,0.9723072696212857,1.0,1.0,0.9856903698584495,1.0,1.0
All 35 participants; T scores,Neutral Happy,Frontal,Obsessive Compulsive,Obsessive Compulsive T,35,0.17130544305784115,-0.17174552943220717,0.47730415087178196,0.32514055004051556,0.06283299203368672,0.7199096223854817,P11,0.08935946164302262,0.08935946164302262,0.2288631447991453,0.7476796565147554,1.0,1.0,0.9856903698584495,1.0,1.0
All 35 participants; T scores,Neutral Happy,PO,Social Phobia,Social Phobia T,35,0.1019844619749277,-0.23939826472082462,0.420925447106086,0.5599204942503017,0.03211333366784942,0.8546941766214895,P20,-0.010136177123327175,-0.010136177123327175,0.15809616001306948,0.8453057128874474,1.0,1.0,0.9856903698584495,1.0,1.0
All 35 participants; T scores,Neutral Happy,PO,Panic Disorder,Panic Disorder T,35,0.25330426208490486,-0.08731257914188872,0.5408925667773551,0.14204691632681338,0.3705361862481726,0.0284393595637819,P20,0.20121241487114291,0.20121241487114291,0.30508563348431533,0.6392111234706602,1.0,1.0,0.39080128014952276,1.0,1.0
All 35 participants; T scores,Neutral Happy,PO,Major Depression,Major Depression T,35,0.06006385568274766,-0.2787624175991072,0.385592355749062,0.7317886814023096,0.08657841956926217,0.6209296174486979,P27,-0.008569277221389032,-0.008569277221389032,0.12800430172338337,0.9211326059609491,1.0,1.0,0.9856903698584495,1.0,1.0
All 35 participants; T scores,Neutral Happy,PO,Separation Anxiety,Separation Anxiety T,35,0.17405341784420225,-0.16899531105558024,0.47948834381327,0.3173216942407965,-0.05532560969466513,0.7522563794347701,P27,0.05770738978687638,0.05770738978687638,0.21433555194003887,0.7476796565147554,1.0,1.0,0.9856903698584495,1.0,1.0
All 35 participants; T scores,Neutral Happy,PO,Generalized Anxiety,Generalized Anxiety T,35,0.16140693303698803,-0.1816079974639783,0.4694049804201814,0.35428455106312434,0.17742991157261773,0.30787696868748343,P27,0.07489744777520504,0.07489744777520504,0.22654881788760095,0.7553951423357717,1.0,1.0,0.8523026095631938,1.0,1.0
All 35 participants; T scores,Neutral Happy,PO,Obsessive Compulsive,Obsessive Compulsive T,35,0.23888384812261468,-0.1025243767379629,0.5299430975511688,0.16696111595253932,0.20332473826631212,0.24140342064360937,P20,0.17496109693606166,0.17496109693606166,0.2857982904364089,0.6678444638101573,1.0,1.0,0.8277474059300411,1.0,1.0
All 35 participants; T scores,Neutral Happy,CP,Social Phobia,Social Phobia T,35,0.06404859831727897,-0.27506901210558654,0.3889924971045827,0.7147150213321231,0.2280186923315422,0.18769820346431196,P25,0.3049824843638149,-0.07862428143198633,0.3049824843638149,0.918919313141301,1.0,1.0,0.7857134098506081,1.0,1.0
All 35 participants; T scores,Neutral Happy,CP,Panic Disorder,Panic Disorder T,35,0.24891120443821083,-0.09196361120281232,0.5375671958392473,0.14932895812054522,0.5377207624968733,0.0008642489903788388,P8,0.32189511800786663,0.19573531010163187,0.32189511800786663,0.646331578971827,1.0,1.0,0.155564818268191,0.8980675631764038,0.155564818268191
All 35 participants; T scores,Neutral Happy,CP,Major Depression,Major Depression T,35,0.23258569542066193,-0.10911844279358927,0.5251302457077432,0.17877145754772408,0.46165802331097655,0.005244229400788563,P20,0.3747592931996457,0.12642380241789491,0.3747592931996457,0.6846566459274539,1.0,1.0,0.22698974421817444,1.0,0.9282286039395757
All 35 participants; T scores,Neutral Happy,CP,Separation Anxiety,Separation Anxiety T,35,0.19572193548879976,-0.1471203356297512,0.49657973302654784,0.2598292616973434,0.13775234291996571,0.4300361648766212,P20,0.12493427813472603,0.12493427813472603,0.22139338641363077,0.7267696413328704,1.0,1.0,0.96834456555666,1.0,1.0
All 35 participants; T scores,Neutral Happy,CP,Generalized Anxiety,Generalized Anxiety T,35,0.20358054183641372,-0.13910310694042283,0.502721216200226,0.24079913338529269,0.48229956121921885,0.0033454998604459532,P25,0.22372310104844345,0.1926679352986175,0.22372310104844345,0.7105548198254538,1.0,1.0,0.22698974421817444,1.0,0.5988444750198256
All 35 participants; T scores,Neutral Happy,CP,Obsessive Compulsive,Obsessive Compulsive T,35,0.29967868178272244,-0.03729210960562937,0.5754562073553973,0.08029371087261089,0.39436527359570117,0.019064337444353027,P20,0.2552055960268649,0.2552055960268649,0.33653736548061625,0.5542899746379294,1.0,1.0,0.38171671708568766,1.0,1.0
All 35 participants; T scores,Neutral Sad,LOT,Social Phobia,Social Phobia T,35,-0.35194628343694706,-0.6132659973559473,-0.021184341938837066,0.038136565983900146,-0.20586189442970723,0.23545480718588935,P27,-0.28323745598392225,-0.3974196769282707,-0.28323745598392225,0.38429474554605325,1.0,1.0,0.8277474059300411,1.0,1.0
All 35 participants; T scores,Neutral Sad,LOT,Panic Disorder,Panic Disorder T,35,-0.29571414770582877,-0.5725393873165515,0.04163538584221283,0.08457363465812816,-0.31565236071198294,0.06472583923346276,P35,-0.3767705379128786,-0.3767705379128786,-0.24550530984954155,0.5542899746379294,1.0,1.0,0.5006084947228634,1.0,1.0
All 35 participants; T scores,Neutral Sad,LOT,Major Depression,Major Depression T,35,-0.2693770484537748,-0.552982888375532,0.07016844519918325,0.117614819084458,-0.23503865928446374,0.1741031699394213,P20,-0.39076292378865346,-0.39076292378865346,-0.16934506067835073,0.5634219436826926,1.0,1.0,0.7857134098506081,1.0,1.0
All 35 participants; T scores,Neutral Sad,LOT,Separation Anxiety,Separation Anxiety T,35,-0.4687516876274042,-0.6936441609351808,-0.16059105206483593,0.004507410983625367,-0.273257960573143,0.1122180384305477,P27,-0.32977389078823,-0.5076682551832605,-0.32977389078823,0.10141674713157076,0.5854735792813293,0.7797821001671884,0.6733082305832863,1.0,1.0
All 35 participants; T scores,Neutral Sad,LOT,Generalized Anxiety,Generalized Anxiety T,35,-0.35144781802493436,-0.6129109817059245,-0.020615766725909455,0.038429474554605325,-0.2820572324444074,0.1006738406629009,P27,-0.2189420012092664,-0.38528995085508816,-0.2189420012092664,0.38429474554605325,1.0,1.0,0.6711589377526727,1.0,1.0
All 35 participants; T scores,Neutral Sad,LOT,Obsessive Compulsive,Obsessive Compulsive T,35,-0.2684413117793064,-0.5522822647050086,0.07117208381610718,0.1189446325552351,-0.3664081220840833,0.03039565512274066,P11,-0.3518760163772436,-0.3518760163772436,-0.21245874374713855,0.5634219436826926,1.0,1.0,0.39080128014952276,1.0,1.0
All 35 participants; T scores,Neutral Sad,ROT,Social Phobia,Social Phobia T,35,0.31969298669942825,-0.01516968418060737,0.5900749611080236,0.061191699144907394,0.2832704541880168,0.09915574068440415,P27,0.20403271001791684,0.20403271001791684,0.35588488502121046,0.500870004995395,1.0,1.0,0.6711589377526727,1.0,1.0
All 35 participants; T scores,Neutral Sad,ROT,Panic Disorder,Panic Disorder T,35,0.14044050468836722,-0.20227266621518758,0.45250903243002266,0.4210029246346307,-0.0772595390240208,0.6591157645746886,P27,-0.10810607879586262,-0.10810607879586262,0.19714395836984286,0.8061758131301439,1.0,1.0,0.9856903698584495,1.0,1.0
All 35 participants; T scores,Neutral Sad,ROT,Major Depression,Major Depression T,35,0.3147930842885126,-0.020616173285636127,0.5865123126990155,0.0654977112921155,0.060197961094349224,0.7312119546243063,P27,0.014626681899351304,0.014626681899351304,0.35467175191077366,0.500870004995395,1.0,1.0,0.9856903698584495,1.0,1.0
All 35 participants; T scores,Neutral Sad,ROT,Separation Anxiety,Separation Anxiety T,35,0.5869752870381415,0.31542902017181634,0.7696688438806271,0.00021020129241597653,0.12048064243152964,0.4905685348983799,P27,-0.02820904354377051,-0.02820904354377051,0.6347945328044413,0.009459058158718944,0.05460664824548949,0.03720562875762785,0.9812653173041066,1.0,1.0
All 35 participants; T scores,Neutral Sad,ROT,Generalized Anxiety,Generalized Anxiety T,35,0.40215201382600135,0.07956896534468362,0.6484905928932679,0.016627071474121718,-0.006477599946301918,0.9705403621469479,P27,-0.12758133095797725,-0.12758133095797725,0.47774330402595544,0.23022098964168536,1.0,1.0,0.9856903698584495,1.0,1.0
All 35 participants; T scores,Neutral Sad,ROT,Obsessive Compulsive,Obsessive Compulsive T,35,-0.0013447253979785682,-0.334441398375632,0.3320506193766198,0.9938830212090126,-0.026545174162546304,0.8796866421353478,P27,-0.13210092703570908,-0.13210092703570908,0.055073618299720045,0.9938830212090126,1.0,1.0,0.9856903698584495,1.0,1.0
All 35 participants; T scores,Neutral Sad,O,Social Phobia,Social Phobia T,35,-0.14371024620803882,-0.4551588063332875,0.19906994577144474,0.41015993983897314,-0.04838034984894345,0.7825566961451876,P29,-0.06579437050087725,-0.18751734928101552,-0.06579437050087725,0.7965048113805148,1.0,1.0,0.9856903698584495,1.0,1.0
All 35 participants; T scores,Neutral Sad,O,Panic Disorder,Panic Disorder T,35,0.11902617128566977,-0.22306839459562292,0.4350177120680474,0.49585756929613856,-0.03208592877500317,0.854816862858103,P35,-0.12567867182636355,-0.12567867182636355,0.18055610265571573,0.8149014905509329,1.0,1.0,0.9856903698584495,1.0,1.0
All 35 participants; T scores,Neutral Sad,O,Major Depression,Major Depression T,35,-0.018247261437872392,-0.34936934800226777,0.3169264612174752,0.9171374223549765,-0.034378788969966344,0.8445640326964624,P29,0.07049156305857329,-0.10461529045182383,0.07049156305857329,0.9723072696212857,1.0,1.0,0.9856903698584495,1.0,1.0
All 35 participants; T scores,Neutral Sad,O,Separation Anxiety,Separation Anxiety T,35,0.01718153963445316,-0.31788511614738696,0.3484330649273771,0.9219617628029874,0.05139384047778537,0.7693680973553201,P27,-0.0707943535186549,-0.0707943535186549,0.06042814547516542,0.9723072696212857,1.0,1.0,0.9856903698584495,1.0,1.0
All 35 participants; T scores,Neutral Sad,O,Generalized Anxiety,Generalized Anxiety T,35,-0.06596082788096606,-0.3906210460843858,0.27329303034831803,0.7065690965901346,-0.039006417067948496,0.8239489450118642,P29,0.11053431903787019,-0.15816166450340796,0.11053431903787019,0.918919313141301,1.0,1.0,0.9856903698584495,1.0,1.0
All 35 participants; T scores,Neutral Sad,O,Obsessive Compulsive,Obsessive Compulsive T,35,-0.2124163167050852,-0.5095904782707582,0.13003501707005413,0.22054802915973254,-0.14854001712233356,0.3944369119659835,P29,-0.08791720997525837,-0.25944826639636104,-0.08791720997525837,0.7105548198254538,1.0,1.0,0.96834456555666,1.0,1.0
All 35 participants; T scores,Neutral Sad,Frontal,Social Phobia,Social Phobia T,35,-0.015669816777335914,-0.34710381565490334,0.31924379085939103,0.9288097334691257,0.09227324695827477,0.5980565004209806,P27,-0.12648296097883713,-0.12648296097883713,0.09325210590439832,0.9723072696212857,1.0,1.0,0.9856903698584495,1.0,1.0
All 35 participants; T scores,Neutral Sad,Frontal,Panic Disorder,Panic Disorder T,35,0.029239416271147577,-0.30699850156056846,0.35898800524441876,0.8675778451085517,0.026456818463599107,0.8800842113333167,P35,-0.05654614788690373,-0.05654614788690373,0.10496798357422724,0.9639753834539464,1.0,1.0,0.9856903698584495,1.0,1.0
All 35 participants; T scores,Neutral Sad,Frontal,Major Depression,Major Depression T,35,0.13088233491347018,-0.21159307120651472,0.44473143502179635,0.45360282625257203,0.1971518306236845,0.2562948794766644,P6,0.25986182911043126,0.01190453570691796,0.25986182911043126,0.8149014905509329,1.0,1.0,0.8387832419236289,1.0,1.0
All 35 participants; T scores,Neutral Sad,Frontal,Separation Anxiety,Separation Anxiety T,35,0.09339898747596213,-0.24755260463345594,0.41376707733394286,0.5935785689488172,-0.06557629372438735,0.7082046386316827,P27,-0.19087870806642332,-0.19087870806642332,0.13816469374999274,0.8547531392862968,1.0,1.0,0.9856903698584495,1.0,1.0
All 35 participants; T scores,Neutral Sad,Frontal,Generalized Anxiety,Generalized Anxiety T,35,0.20992872058270798,-0.1325938255769036,0.5076603517287046,0.2261276309785204,0.17559928550083675,0.3129753454187902,P27,0.046973918959216335,0.046973918959216335,0.2941759692357192,0.7105548198254538,1.0,1.0,0.8523026095631938,1.0,1.0
All 35 participants; T scores,Neutral Sad,Frontal,Obsessive Compulsive,Obsessive Compulsive T,35,-0.07745541225504259,-0.40036776476693986,0.26256848397527066,0.6583039093422082,-0.009460248238779799,0.9569860652196397,P18,-0.1499663377694753,-0.1499663377694753,-0.024524981904415176,0.904539722760286,1.0,1.0,0.9856903698584495,1.0,1.0
All 35 participants; T scores,Neutral Sad,PO,Social Phobia,Social Phobia T,35,-0.09884305540367785,-0.4183108153955417,0.24238751744847295,0.5721331266597618,-0.1534147905354903,0.3789258631554895,P4,-0.19638943933332187,-0.19638943933332187,-0.05672399365127124,0.8453057128874474,1.0,1.0,0.9590396514964025,1.0,1.0
All 35 participants; T scores,Neutral Sad,PO,Panic Disorder,Panic Disorder T,35,-0.2104218034645398,-0.5080431725041534,0.1320869897561982,0.22501410091580468,-0.2141876473489247,0.21663285854032083,P8,-0.28340286307931817,-0.28340286307931817,-0.1687962382375945,0.7105548198254538,1.0,1.0,0.8277474059300411,1.0,1.0
All 35 participants; T scores,Neutral Sad,PO,Major Depression,Major Depression T,35,-0.052235301693500456,-0.3788864807028961,0.28598952946858397,0.7656965909425338,0.04700773185689275,0.7885840438513805,P6,0.006040194274938866,-0.08855897986436707,0.006040194274938866,0.9250025930849403,1.0,1.0,0.9856903698584495,1.0,1.0
All 35 participants; T scores,Neutral Sad,PO,Separation Anxiety,Separation Anxiety T,35,-0.1221167589986816,-0.4375569295739856,0.22008619043334518,0.4846537233924689,-0.0732994118289726,0.6756107866463161,P27,-0.0873235551004185,-0.14492310326513963,-0.0873235551004185,0.8149014905509329,1.0,1.0,0.9856903698584495,1.0,1.0
All 35 participants; T scores,Neutral Sad,PO,Generalized Anxiety,Generalized Anxiety T,35,0.007261220130325513,-0.3267760494408209,0.3396858009659004,0.9669783529820831,-0.004787791264657939,0.978223343583673,P27,0.05449760187291246,-0.015279224178311597,0.05449760187291246,0.9723804666858936,1.0,1.0,0.9856903698584495,1.0,1.0
All 35 participants; T scores,Neutral Sad,PO,Obsessive Compulsive,Obsessive Compulsive T,35,-0.017543357097057913,-0.3487510114763695,0.3175597251767909,0.9203235613438412,0.059303048661007704,0.7350632962955395,P30,0.02572227336947615,-0.040195944109684495,0.02572227336947615,0.9723072696212857,1.0,1.0,0.9856903698584495,1.0,1.0
All 35 participants; T scores,Neutral Sad,CP,Social Phobia,Social Phobia T,35,-0.22245448773839063,-0.5173488308075731,0.11966293195274462,0.1989922871733817,-0.1531343247392645,0.37980844459183616,P27,-0.15521183771742086,-0.27424237422290254,-0.15521183771742086,0.6917171547254705,1.0,1.0,0.9590396514964025,1.0,1.0
All 35 participants; T scores,Neutral Sad,CP,Panic Disorder,Panic Disorder T,35,-0.04251966224939878,-0.3705161666774876,0.2949055555812232,0.8083744260585723,0.028708462588160732,0.8699618682083551,P4,0.08059584825527592,-0.1502596921565639,0.08059584825527592,0.9397045357055679,1.0,1.0,0.9856903698584495,1.0,1.0
All 35 participants; T scores,Neutral Sad,CP,Major Depression,Major Depression T,35,-0.007651338554018003,-0.34003087845514895,0.32642752507775286,0.9652052680421472,0.1754019845406446,0.3135279838995511,P27,0.10037262149973537,-0.0498400027296214,0.10037262149973537,0.9723804666858936,1.0,1.0,0.8523026095631938,1.0,1.0
All 35 participants; T scores,Neutral Sad,CP,Separation Anxiety,Separation Anxiety T,35,-0.19585379509733242,-0.4966830300962955,0.1469861850618725,0.25950199407050345,-0.011514466992290712,0.9476575753357248,P27,-0.010428756360969937,-0.24054895658333042,-0.010428756360969937,0.7267696413328704,1.0,1.0,0.9856903698584495,1.0,1.0
All 35 participants; T scores,Neutral Sad,CP,Generalized Anxiety,Generalized Anxiety T,35,-0.07911562691384232,-0.40176951449207665,0.261012515029815,0.6514381553897463,0.09829053831562473,0.5742935224225101,P27,0.07174619770551538,-0.12526012276243562,0.07174619770551538,0.904539722760286,1.0,1.0,0.9856903698584495,1.0,1.0
All 35 participants; T scores,Neutral Sad,CP,Obsessive Compulsive,Obsessive Compulsive T,35,0.014173273634361175,-0.32058746787923137,0.345786600835808,0.9355938992336139,0.20996103180694867,0.2260545478704071,P30,0.11108290759165332,-0.017375395389987284,0.11108290759165332,0.9723072696212857,1.0,1.0,0.8277474059300411,1.0,1.0
All 35 participants; T scores,Positive Valence,LOT,Social Phobia,Social Phobia T,35,0.0613466210874002,-0.2775745321603082,0.3866878925754823,0.7262780501243412,-0.007572576498095497,0.9655632279719845,P27,-0.14069412523754668,-0.14069412523754668,0.20459490733714733,0.9211326059609491,1.0,1.0,0.9856903698584495,1.0,1.0
All 35 participants; T scores,Positive Valence,LOT,Panic Disorder,Panic Disorder T,35,0.054609789408401395,-0.28380152388747265,0.3809240781353713,0.7553633797912944,-0.03180447325943296,0.8560770762894898,P27,-0.08218132397893867,-0.08218132397893867,0.11934918330529129,0.9239871091140355,1.0,1.0,0.9856903698584495,1.0,1.0
All 35 participants; T scores,Positive Valence,LOT,Major Depression,Major Depression T,35,0.41362930362323364,0.09323421296702668,0.6563976448783634,0.0135137857604056,0.2856947524198019,0.096174482311897,P27,0.28137352850346703,0.28137352850346703,0.4575523633895376,0.202706786406084,1.0,1.0,0.6711589377526727,1.0,1.0
All 35 participants; T scores,Positive Valence,LOT,Separation Anxiety,Separation Anxiety T,35,0.35782664857948326,0.02790797656920734,0.6174461404336561,0.03481580475941734,-0.015446236209170468,0.9298229723933844,P27,-0.06155804676031995,-0.06155804676031995,0.43360595325681567,0.38429474554605325,1.0,1.0,0.9856903698584495,1.0,1.0
All 35 participants; T scores,Positive Valence,LOT,Generalized Anxiety,Generalized Anxiety T,35,0.32922224369576947,-0.004520224529472845,0.59697352441309,0.053459391920337,0.19869333748330448,0.2525204503899241,P27,0.05236163560959993,0.05236163560959993,0.4909793839149669,0.4811345272830331,1.0,1.0,0.8387832419236289,1.0,1.0
All 35 participants; T scores,Positive Valence,LOT,Obsessive Compulsive,Obsessive Compulsive T,35,0.12663662119501667,-0.21571328645314608,0.44126139799697456,0.4685072353761272,0.061138619214800786,0.7271706963675016,P30,0.18880428713917333,0.06518836132311726,0.18880428713917333,0.8149014905509329,1.0,1.0,0.9856903698584495,1.0,1.0
All 35 participants; T scores,Positive Valence,ROT,Social Phobia,Social Phobia T,35,0.2811541131442864,-0.057477728861860644,0.5617666932410118,0.1018153295302414,0.21511726570515727,0.21459732568313197,P27,0.10350252614507763,0.10350252614507763,0.3142326578194841,0.5542899746379294,1.0,1.0,0.8277474059300411,1.0,1.0
All 35 participants; T scores,Positive Valence,ROT,Panic Disorder,Panic Disorder T,35,0.20641060267904557,-0.13620487894011016,0.504925531452235,0.23418143528289204,0.20250724345276125,0.2433414178411066,P27,0.12412295856134956,0.12412295856134956,0.24612276503194508,0.7105548198254538,1.0,1.0,0.8277474059300411,1.0,1.0
All 35 participants; T scores,Positive Valence,ROT,Major Depression,Major Depression T,35,0.3756235141884744,0.04844052372172522,0.6300085841815798,0.026171930418280955,0.3374734182562002,0.04741157432795531,P27,0.3173471607212202,0.3173471607212202,0.3961308698372296,0.3364962482350408,1.0,1.0,0.4149273133656176,1.0,1.0
All 35 participants; T scores,Positive Valence,ROT,Separation Anxiety,Separation Anxiety T,35,0.6453869348868626,0.397668033827636,0.805411285467614,2.8376727785407793e-05,0.2023456943401331,0.24372562507940101,P27,0.16056654629226122,0.16056654629226122,0.6783697773032504,0.0025539055006867013,0.01474356294127139,0.005079434273587995,0.8277474059300411,1.0,1.0
All 35 participants; T scores,Positive Valence,ROT,Generalized Anxiety,Generalized Anxiety T,35,0.492120533259168,0.1900400805843104,0.7090797884583041,0.002674898828377277,0.27741025856988644,0.10665235895540695,P27,0.1950455381360165,0.1950455381360165,0.6086123139944357,0.06878311272970142,0.397081313914803,0.4654323961376462,0.6720546925693476,1.0,1.0
All 35 participants; T scores,Positive Valence,ROT,Obsessive Compulsive,Obsessive Compulsive T,35,0.090164921709432,-0.25061179262468125,0.4110602770416749,0.6064820060570063,0.257544668470662,0.13526791253428458,P27,0.2626115956575683,0.07231837178509644,0.2626115956575683,0.8664028657957233,1.0,1.0,0.7071335053150407,1.0,1.0
All 35 participants; T scores,Positive Valence,O,Social Phobia,Social Phobia T,35,-0.06656926579291234,-0.3911387959864232,0.27272745865533865,0.7039838632801235,0.05356896707912,0.7598877728520186,P25,0.011462474270909684,-0.10663582449847381,0.011462474270909684,0.918919313141301,1.0,1.0,0.9856903698584495,1.0,1.0
All 35 participants; T scores,Positive Valence,O,Panic Disorder,Panic Disorder T,35,-0.13109559524634784,-0.4449054853000745,0.21138579303345212,0.45286097948813786,-0.050802720560421684,0.7719502594655886,P4,0.025358515084840653,-0.1541572606345904,0.025358515084840653,0.8149014905509329,1.0,1.0,0.9856903698584495,1.0,1.0
All 35 participants; T scores,Positive Valence,O,Major Depression,Major Depression T,35,0.0776323436317177,-0.26240274635107613,0.4005172231568903,0.6575708944013156,0.11337984280707268,0.5166615337049976,P4,0.252079750342173,0.007215831106450203,0.252079750342173,0.904539722760286,1.0,1.0,0.9841700300559924,1.0,1.0
All 35 participants; T scores,Positive Valence,O,Separation Anxiety,Separation Anxiety T,35,0.054794704453368426,-0.2836309832481269,0.3810826246795728,0.7545603967830119,0.1273612385610692,0.4659453520828961,P4,0.29689642578760567,-0.00102566382321706,0.29689642578760567,0.9239871091140355,1.0,1.0,0.96834456555666,1.0,1.0
All 35 participants; T scores,Positive Valence,O,Generalized Anxiety,Generalized Anxiety T,35,0.060442251615116675,-0.2784121175636181,0.3859156176220768,0.7301617439143905,0.039006417067948496,0.8239489450118642,P4,0.11040681093402606,0.02184152906413591,0.11040681093402606,0.9211326059609491,1.0,1.0,0.9856903698584495,1.0,1.0
All 35 participants; T scores,Positive Valence,O,Obsessive Compulsive,Obsessive Compulsive T,35,0.014574504741992303,-0.3202273531203561,0.3461398813549227,0.9337745712976617,-0.035158235991883134,0.8410842563877607,P4,0.08540855022541873,-0.03651221344000775,0.08540855022541873,0.9723072696212857,1.0,1.0,0.9856903698584495,1.0,1.0
All 35 participants; T scores,Positive Valence,Frontal,Social Phobia,Social Phobia T,35,-0.03389619062228573,-0.3630418908040802,0.3027703841303783,0.846720008106294,0.09605953520732252,0.583054195012446,P25,0.18569418564368848,-0.09871303453956495,0.18569418564368848,0.9466434873238069,1.0,1.0,0.9856903698584495,1.0,1.0
All 35 participants; T scores,Positive Valence,Frontal,Panic Disorder,Panic Disorder T,35,-0.04111035763038598,-0.3692975681147229,0.2961940107033048,0.8146136537007436,0.04756598213136435,0.7861312149265549,P35,0.08727134942794428,-0.09942016411164671,0.08727134942794428,0.9397045357055679,1.0,1.0,0.9856903698584495,1.0,1.0
All 35 participants; T scores,Positive Valence,Frontal,Major Depression,Major Depression T,35,0.2690257248340926,-0.0705453433101763,0.5527198852710971,0.11811278862880156,0.19378411252050415,0.2646702504405468,P25,0.17529742696681855,0.17529742696681855,0.32496159005006026,0.5634219436826926,1.0,1.0,0.844094540930269,1.0,1.0
All 35 participants; T scores,Positive Valence,Frontal,Separation Anxiety,Separation Anxiety T,35,0.15560427937436244,-0.18735761731928915,0.4647513347531196,0.37207735380736173,0.016710019171738963,0.9240971396807298,P27,0.021951915251510114,0.021951915251510114,0.21915827481139394,0.7553951423357717,1.0,1.0,0.9856903698584495,1.0,1.0
All 35 participants; T scores,Positive Valence,Frontal,Generalized Anxiety,Generalized Anxiety T,35,0.13312781782395317,-0.2094090296056202,0.44656287495044467,0.44582457521490276,0.13743777277371025,0.4311002058947604,P16,0.2436844876782606,0.034814370597599294,0.2436844876782606,0.8149014905509329,1.0,1.0,0.96834456555666,1.0,1.0
All 35 participants; T scores,Positive Valence,Frontal,Obsessive Compulsive,Obsessive Compulsive T,35,0.15514721385317407,-0.1878095092080322,0.4643840476447644,0.37350093148824265,0.08740139790753278,0.617601777544036,P30,0.26496733449017074,0.0770183224010198,0.26496733449017074,0.7553951423357717,1.0,1.0,0.9856903698584495,1.0,1.0
All 35 participants; T scores,Positive Valence,PO,Social Phobia,Social Phobia T,35,-0.08487379003865379,-0.4066195490519144,0.25560218032781923,0.6278460705855229,-0.02986960729804335,0.8647497302792628,P24,-0.009565084113858612,-0.13861120408259908,-0.009565084113858612,0.8829085367608915,1.0,1.0,0.9856903698584495,1.0,1.0
All 35 participants; T scores,Positive Valence,PO,Panic Disorder,Panic Disorder T,35,-0.17091227863623093,-0.4769913396214589,0.17213857808712835,0.32626891727367857,-0.09991670802742217,0.5679456065506098,P35,-0.08324666677189156,-0.24269017737444284,-0.08324666677189156,0.7476796565147554,1.0,1.0,0.9856903698584495,1.0,1.0
All 35 participants; T scores,Positive Valence,PO,Major Depression,Major Depression T,35,0.06519359723931586,-0.27400587315433605,0.3899678786600548,0.7098336398466316,0.1324635787250948,0.4481178889203711,P24,0.14524667517898127,-0.003998709876813815,0.14524667517898127,0.918919313141301,1.0,1.0,0.96834456555666,1.0,1.0
All 35 participants; T scores,Positive Valence,PO,Separation Anxiety,Separation Anxiety T,35,0.038803234029346864,-0.29830064924947514,0.3673002036208744,0.8248517591193318,0.025556499909718408,0.8841369515831765,P27,-0.0935657790715084,-0.0935657790715084,0.12524072256627053,0.9397045357055679,1.0,1.0,0.9856903698584495,1.0,1.0
All 35 participants; T scores,Positive Valence,PO,Generalized Anxiety,Generalized Anxiety T,35,0.15894617089543994,-0.18404913659352953,0.46743357147058795,0.3617664782110448,0.22573027638960813,0.19228723827577582,P24,0.2501661807992807,0.08889353778877676,0.2501661807992807,0.7553951423357717,1.0,1.0,0.7866296111281739,1.0,1.0
All 35 participants; T scores,Positive Valence,PO,Obsessive Compulsive,Obsessive Compulsive T,35,0.07404634108627275,-0.2657579638894526,0.39748467802326676,0.672487942919979,0.15192876276010545,0.383615860598561,P24,0.15273551450477868,0.02882200129365739,0.15273551450477868,0.9170290130726988,1.0,1.0,0.9590396514964025,1.0,1.0
All 35 participants; T scores,Positive Valence,CP,Social Phobia,Social Phobia T,35,-0.19329124426860206,-0.4946740340546753,0.14959100106888965,0.2659109071398556,-0.020894701818819056,0.9051658585690326,P25,0.04252266982943021,-0.22907807032593466,0.04252266982943021,0.7267696413328704,1.0,1.0,0.9856903698584495,1.0,1.0
All 35 participants; T scores,Positive Valence,CP,Panic Disorder,Panic Disorder T,35,0.017715829458661292,-0.31740458893646145,0.34890254447684554,0.9195427710506272,-0.008302937709320996,0.9622441254257714,P25,-0.05107747076380324,-0.05107747076380324,0.04893668598897682,0.9723072696212857,1.0,1.0,0.9856903698584495,1.0,1.0
All 35 participants; T scores,Positive Valence,CP,Major Depression,Major Depression T,35,0.2838553517725601,-0.05455141969773162,0.5637725042852268,0.09843011354382104,0.3773247491438346,0.025447781139045843,P25,0.24201568618247177,0.24201568618247177,0.3061097431661064,0.5542899746379294,1.0,1.0,0.38171671708568766,1.0,1.0
All 35 participants; T scores,Positive Valence,CP,Separation Anxiety,Separation Anxiety T,35,0.12498902007310589,-0.2173089097587202,0.43991226884448265,0.4743598959031538,0.0640316701034703,0.7147872741375602,P25,0.02236218219976818,0.02236218219976818,0.14854382024888038,0.8149014905509329,1.0,1.0,0.9856903698584495,1.0,1.0
All 35 participants; T scores,Positive Valence,CP,Generalized Anxiety,Generalized Anxiety T,35,0.15642073065348427,-0.18655004622959945,0.46540715116565723,0.36954242933790415,0.34232707542304264,0.044118589289568154,P25,0.26681905075004453,0.12756460964384217,0.26681905075004453,0.7553951423357717,1.0,1.0,0.4149273133656176,1.0,1.0
All 35 participants; T scores,Positive Valence,CP,Obsessive Compulsive,Obsessive Compulsive T,35,0.2018886641724707,-0.14083293728624047,0.5014015635019663,0.24481476593651955,0.27011126687739934,0.11657920558784642,P30,0.2977670423058325,0.17452364232725204,0.2977670423058325,0.7107525462673148,1.0,1.0,0.6769115163165276,1.0,1.0
All 35 participants; T scores,Negative Valence,LOT,Social Phobia,Social Phobia T,35,-0.18870812357009245,-0.4910728958910868,0.15423787490695198,0.27763030097712044,-0.2602722588975045,0.13103524132591463,P23,-0.3130227412936636,-0.3130227412936636,-0.10239501528801005,0.7458724503862937,1.0,1.0,0.7071335053150407,1.0,1.0
All 35 participants; T scores,Negative Valence,LOT,Panic Disorder,Panic Disorder T,35,-0.17814437744328251,-0.48273299583404905,0.16489109135186847,0.30590145282854636,-0.21123236443543755,0.2231917379548745,P4,-0.2446046410617808,-0.2446046410617808,-0.12021082463331847,0.7476796565147554,1.0,1.0,0.8277474059300411,1.0,1.0
All 35 participants; T scores,Negative Valence,LOT,Major Depression,Major Depression T,35,-0.28571413863155415,-0.5651508357055676,0.05253437442436757,0.0961509211710553,-0.192661539819444,0.2675015569991677,P27,-0.18927998951715125,-0.33595883470357923,-0.18927998951715125,0.5542899746379294,1.0,1.0,0.844094540930269,1.0,1.0
All 35 participants; T scores,Negative Valence,LOT,Separation Anxiety,Separation Anxiety T,35,-0.3703142327634654,-0.6262747536139099,-0.04228603618259366,0.02854184469766419,-0.3134181747169862,0.06674779929638179,P27,-0.1967300784492176,-0.46635778371908665,-0.1967300784492176,0.3425021363719703,1.0,1.0,0.5006084947228634,1.0,1.0
All 35 participants; T scores,Negative Valence,LOT,Generalized Anxiety,Generalized Anxiety T,35,-0.45066332109203394,-0.6815528928389075,-0.13816696724932137,0.006590697276106378,-0.39386624021318395,0.01923018512281359,P27,-0.3416168748770452,-0.5422701177899297,-0.3416168748770452,0.1186325509699148,0.6848595148247387,1.0,0.38171671708568766,1.0,1.0
All 35 participants; T scores,Negative Valence,LOT,Obsessive Compulsive,Obsessive Compulsive T,35,-0.24234454931657531,-0.5325796997419423,0.09888825885640026,0.16071492849915683,-0.3322382702365503,0.05118130013679105,P30,-0.3573645460159861,-0.3573645460159861,-0.18657613621561897,0.6678444638101573,1.0,1.0,0.4187560920282904,1.0,1.0
All 35 participants; T scores,Negative Valence,ROT,Social Phobia,Social Phobia T,35,-0.28323246962730353,-0.5633102744124089,0.055226717218654194,0.0992030049134871,-0.10222978272428923,0.5589718772878947,P27,-0.09479186685106963,-0.3150561920880495,-0.09479186685106963,0.5542899746379294,1.0,1.0,0.9856903698584495,1.0,1.0
All 35 participants; T scores,Negative Valence,ROT,Panic Disorder,Panic Disorder T,35,-0.2287221204929185,-0.5221685323729127,0.11314871609972371,0.18630321773154232,-0.11441166707928763,0.5128278351349633,P27,-0.1497128321352739,-0.2729435245272742,-0.1497128321352739,0.6917171547254705,1.0,1.0,0.9841700300559924,1.0,1.0
All 35 participants; T scores,Negative Valence,ROT,Major Depression,Major Depression T,35,-0.3424043233725754,-0.606451665684341,-0.010337319217192996,0.04406770876312582,-0.13092004126113713,0.45347161349931775,P27,-0.10020809783142912,-0.3837993966955813,-0.10020809783142912,0.41748355670329723,1.0,1.0,0.96834456555666,1.0,1.0
All 35 participants; T scores,Negative Valence,ROT,Separation Anxiety,Separation Anxiety T,35,-0.6878380361456652,-0.8306770736488893,-0.4600422040030562,4.979934182471988e-06,-0.38390917996247326,0.02279903178502831,P27,-0.34780803393757004,-0.713357871419176,-0.34780803393757004,0.0008963881528449579,0.00517480194460057,0.0008963881528449579,0.38171671708568766,1.0,1.0
All 35 participants; T scores,Negative Valence,ROT,Generalized Anxiety,Generalized Anxiety T,35,-0.5094079110880247,-0.7203662199105294,-0.212180854433981,0.0017750643021188749,-0.22319556336714216,0.1974613457593411,P27,-0.22334616739456498,-0.5849107534072595,-0.22334616739456498,0.053251929063566246,0.30742060255624265,0.3106362528708031,0.7898453830373644,1.0,1.0
All 35 participants; T scores,Negative Valence,ROT,Obsessive Compulsive,Obsessive Compulsive T,35,-0.10741738170226521,-0.4254348595325141,0.23421316779166942,0.539088608460911,-0.360054224013261,0.03362104156892474,P27,-0.17817859676055517,-0.17817859676055517,-0.07406393100438291,0.8453057128874474,1.0,1.0,0.3973405792488969,1.0,1.0
All 35 participants; T scores,Negative Valence,O,Social Phobia,Social Phobia T,35,-0.1762419359721495,-0.4812251568397157,0.16680117807581507,0.31117953045470276,-0.4338805867612494,0.00921332590418237,P4,-0.47104019349355664,-0.47104019349355664,-0.14135572835300675,0.7476796565147554,1.0,1.0,0.2763997771254711,1.0,1.0
All 35 participants; T scores,Negative Valence,O,Panic Disorder,Panic Disorder T,35,-0.2266649233402356,-0.5205886469847602,0.11529009328900588,0.19040355193365,-0.17858352462929394,0.3046911863849395,P27,-0.20339646201247757,-0.248492461494824,-0.20339646201247757,0.6917171547254705,1.0,1.0,0.8523026095631938,1.0,1.0
All 35 participants; T scores,Negative Valence,O,Major Depression,Major Depression T,35,-0.14533450206478882,-0.456473043476891,0.19747625609759328,0.4048330722757606,-0.336070202379875,0.04839944309301074,P4,-0.3443452934444696,-0.3443452934444696,-0.10077044409438152,0.7965048113805148,1.0,1.0,0.4149273133656176,1.0,1.0
All 35 participants; T scores,Negative Valence,O,Separation Anxiety,Separation Anxiety T,35,-0.26436978239919784,-0.5492290719092642,0.07553107365317031,0.12486194127520486,-0.4740590312923591,0.0040162922400549025,P4,-0.5753170295227037,-0.5753170295227037,-0.21698713592356733,0.5762858828086378,1.0,1.0,0.22698974421817444,1.0,0.7149000187297726
All 35 participants; T scores,Negative Valence,O,Generalized Anxiety,Generalized Anxiety T,35,-0.16568748669727015,-0.47282699178435383,0.1773514813153506,0.341493695443946,-0.35387410141427644,0.037020729452140265,P4,-0.5457209492017933,-0.5457209492017933,-0.10619174405055427,0.7553951423357717,1.0,1.0,0.3973405792488969,1.0,1.0
All 35 participants; T scores,Negative Valence,O,Obsessive Compulsive,Obsessive Compulsive T,35,-0.11863539018215255,-0.43469628917844844,0.22344501595638197,0.4972835335931341,-0.4528211358472659,0.006305270672727068,P4,-0.2906041097673959,-0.2906041097673959,-0.09721422385757496,0.8149014905509329,1.0,1.0,0.22698974421817444,1.0,1.0
All 35 participants; T scores,Negative Valence,Frontal,Social Phobia,Social Phobia T,35,0.022120872653733307,-0.3134362311426672,0.3527669237389792,0.8996279863115301,-0.13616614406760608,0.4354163293284681,P1,-0.17876049533761285,-0.17876049533761285,0.04838537561541008,0.9723072696212857,1.0,1.0,0.96834456555666,1.0,1.0
All 35 participants; T scores,Negative Valence,Frontal,Panic Disorder,Panic Disorder T,35,-0.05494153958776598,-0.3812085077610285,0.28349554711975106,0.7539229537408905,-0.006754932373684877,0.9692796574991112,P1,0.018037176089377813,-0.06924685527161108,0.018037176089377813,0.9239871091140355,1.0,1.0,0.9856903698584495,1.0,1.0
All 35 participants; T scores,Negative Valence,Frontal,Major Depression,Major Depression T,35,-0.09973792509320611,-0.4190561662201478,0.2415366501332013,0.5686419341615888,-0.12979746856007698,0.4573867439002033,P27,-0.07427586528958015,-0.12243126578761306,-0.07427586528958015,0.8453057128874474,1.0,1.0,0.96834456555666,1.0,1.0
All 35 participants; T scores,Negative Valence,Frontal,Separation Anxiety,Separation Anxiety T,35,-0.14681868604130424,-0.4576727580413439,0.19601841624812993,0.4000002659389161,-0.243348430459022,0.15893495974265912,P1,-0.32078829853747837,-0.32078829853747837,-0.11607781977810351,0.7965048113805148,1.0,1.0,0.7528498093073327,1.0,1.0
All 35 participants; T scores,Negative Valence,Frontal,Generalized Anxiety,Generalized Anxiety T,35,-0.10487215707539192,-0.4233242456875886,0.2366447141540595,0.5488017115263253,-0.2579774587309807,0.13458967136475147,P1,-0.49490054192895133,-0.49490054192895133,-0.07087849894398679,0.8453057128874474,1.0,1.0,0.7071335053150407,1.0,1.0
All 35 participants; T scores,Negative Valence,Frontal,Obsessive Compulsive,Obsessive Compulsive T,35,-0.2043310613926197,-0.5033061700909063,0.13833508131358846,0.23903204095530045,-0.2561326911215904,0.1374981815890357,P1,-0.09708597452051594,-0.2526380619250206,-0.09708597452051594,0.7105548198254538,1.0,1.0,0.7071335053150407,1.0,1.0
All 35 participants; T scores,Negative Valence,PO,Social Phobia,Social Phobia T,35,-0.12871881182659692,-0.44296435635190723,0.21369416515959808,0.461165696700778,-0.18286369913919498,0.29305425900569954,P23,-0.2061893715069424,-0.2061893715069424,-0.06499443993135309,0.8149014905509329,1.0,1.0,0.8523026095631938,1.0,1.0
All 35 participants; T scores,Negative Valence,PO,Panic Disorder,Panic Disorder T,35,0.06596957769831692,-0.2732848986429667,0.3906284931925443,0.706531895924317,0.008162209951535894,0.9628836112660858,P4,-0.046764643937797126,-0.046764643937797126,0.11994308476149194,0.918919313141301,1.0,1.0,0.9856903698584495,1.0,1.0
All 35 participants; T scores,Negative Valence,PO,Major Depression,Major Depression T,35,-0.15733560188759865,-0.46614162077174737,0.18564457466671652,0.3667141281219466,-0.14032158763251565,0.42140027091709953,P4,-0.2346933061119995,-0.2346933061119995,-0.08040897413684367,0.7553951423357717,1.0,1.0,0.96834456555666,1.0,1.0
All 35 participants; T scores,Negative Valence,PO,Separation Anxiety,Separation Anxiety T,35,-0.31338011605696386,-0.5854830069549269,0.022183069465339284,0.06678266733271933,-0.3780115261371536,0.02516016885352291,P4,-0.4791557111959095,-0.4791557111959095,-0.20369345135771663,0.500870004995395,1.0,1.0,0.38171671708568766,1.0,1.0
All 35 participants; T scores,Negative Valence,PO,Generalized Anxiety,Generalized Anxiety T,35,-0.3160975912680593,-0.5874618290511423,0.019168089775830566,0.06432872150209973,-0.234601771968239,0.17492819820291855,P27,-0.23039684070134603,-0.4013190785248359,-0.23039684070134603,0.500870004995395,1.0,1.0,0.7857134098506081,1.0,1.0
All 35 participants; T scores,Negative Valence,PO,Obsessive Compulsive,Obsessive Compulsive T,35,-0.1728930524937658,-0.4785665034918369,0.17015727576345593,0.3206088388178157,-0.35299433726790297,0.037526610262395815,P30,-0.33528032650933975,-0.33528032650933975,-0.12606938994639083,0.7476796565147554,1.0,1.0,0.3973405792488969,1.0,1.0
All 35 participants; T scores,Negative Valence,CP,Social Phobia,Social Phobia T,35,0.1794209569752603,-0.16360793749871708,0.48374377711980304,0.3023916807643994,0.10559537227899833,0.5460334149991304,P25,-0.01789359930404033,-0.01789359930404033,0.22928439226448455,0.7476796565147554,1.0,1.0,0.9841700300559924,1.0,1.0
All 35 participants; T scores,Negative Valence,CP,Panic Disorder,Panic Disorder T,35,0.06513772003346875,-0.274057774751953,0.3899202958771961,0.7100715950590911,0.13298773110692103,0.4463076992605749,P25,0.17931296240083475,0.00900928420833412,0.17931296240083475,0.918919313141301,1.0,1.0,0.96834456555666,1.0,1.0
All 35 participants; T scores,Negative Valence,CP,Major Depression,Major Depression T,35,-0.09455461825923092,-0.41473292832778286,0.24645781190655697,0.5889970326076759,0.10622344183781436,0.5436346830207844,P25,0.1474461442948406,-0.13737031291422855,0.1474461442948406,0.8547531392862968,1.0,1.0,0.9841700300559924,1.0,1.0
All 35 participants; T scores,Negative Valence,CP,Separation Anxiety,Separation Anxiety T,35,-0.21987220662125848,-0.515357644621573,0.12233826484137561,0.20439143330519668,-0.16499388677977544,0.34354688848338677,P27,-0.16663089867881897,-0.26556558183203904,-0.16663089867881897,0.694159584810102,1.0,1.0,0.8962092743044872,1.0,1.0
All 35 participants; T scores,Negative Valence,CP,Generalized Anxiety,Generalized Anxiety T,35,-0.11844053070029216,-0.4345359844541164,0.22363277665249465,0.4979953553366812,0.019010347668494756,0.9136848384458727,P27,-0.05719588470347442,-0.14294568926472306,-0.05719588470347442,0.8149014905509329,1.0,1.0,0.9856903698584495,1.0,1.0
All 35 participants; T scores,Negative Valence,CP,Obsessive Compulsive,Obsessive Compulsive T,35,-0.06730250499917872,-0.39176247262635894,0.27204556654934803,0.7008726850943927,-0.07059886745358059,0.6869456841100633,P25,0.09483700706341824,-0.1496892815686523,0.09483700706341824,0.918919313141301,1.0,1.0,0.9856903698584495,1.0,1.0
P27 omitted; T scores,Neutral Angry,LOT,Social Phobia,Social Phobia T,34,0.013569503213114384,-0.3260925485426495,0.35012855180454255,0.9392862701813987,0.21387610831799958,0.22453056067972632,P25,0.3863868997506128,-0.03889495209294386,0.3863868997506128,0.9769503026602425,1.0,1.0,0.9290596810807656,1.0,1.0
P27 omitted; T scores,Neutral Angry,LOT,Panic Disorder,Panic Disorder T,34,0.15607114714715925,-0.19224060769348594,0.46945974159124765,0.37808909349810915,0.19551794759683117,0.26779701658835847,P35,0.26503451337357625,0.08628897821996603,0.26503451337357625,0.9566959804789449,1.0,1.0,0.9290596810807656,1.0,1.0
P27 omitted; T scores,Neutral Angry,LOT,Major Depression,Major Depression T,34,0.1885368714121726,-0.15981831504381824,0.49513443042140665,0.28559169232014625,0.08068607910933825,0.6501026017068989,P25,-0.01130964767839985,-0.01130964767839985,0.2240225280813922,0.9566959804789449,1.0,1.0,0.9352730627777193,1.0,1.0
P27 omitted; T scores,Neutral Angry,LOT,Separation Anxiety,Separation Anxiety T,34,0.3435157862584963,0.006053268020115995,0.6107352657257098,0.046690507709168494,0.33371772774152925,0.05375464176439481,P10,0.3917004425197679,0.31109382676332553,0.3917004425197679,0.9566959804789449,1.0,1.0,0.6190271581860716,1.0,1.0
P27 omitted; T scores,Neutral Angry,LOT,Generalized Anxiety,Generalized Anxiety T,34,0.22659972619329133,-0.12082454549311578,0.524568644281846,0.197498933838065,0.16629815452412508,0.34723084180365593,P25,0.2916606094242502,0.1735714724108447,0.2916606094242502,0.9566959804789449,1.0,1.0,0.9290596810807656,1.0,1.0
P27 omitted; T scores,Neutral Angry,LOT,Obsessive Compulsive,Obsessive Compulsive T,34,0.22566075115142414,-0.12179955922483059,0.5238509991001378,0.1994125030936134,0.23358037865822245,0.18367323666793264,P30,0.3129878733699878,0.1894043979067179,0.3129878733699878,0.9566959804789449,1.0,1.0,0.9290596810807656,1.0,1.0
P27 omitted; T scores,Neutral Angry,ROT,Social Phobia,Social Phobia T,34,0.07946021272031895,-0.26584903958981626,0.4066976523472207,0.6550875667472316,0.10632610535122299,0.5495110445570479,P24,0.1796289968415414,0.0184231438403537,0.1796289968415414,0.9566959804789449,1.0,1.0,0.9352730627777193,1.0,1.0
P27 omitted; T scores,Neutral Angry,ROT,Panic Disorder,Panic Disorder T,34,0.053114877329666195,-0.29026444272636553,0.38437654587025155,0.7654464087167223,0.1879921192918471,0.2870115229945434,P8,0.2117631320864993,-0.004281819114982475,0.2117631320864993,0.9566959804789449,1.0,1.0,0.9290596810807656,1.0,1.0
P27 omitted; T scores,Neutral Angry,ROT,Major Depression,Major Depression T,34,0.05226650354688642,-0.2910433085278862,0.3836512653686238,0.7690905765252442,0.024190513281357576,0.8919814558275865,P26,-0.04283664525597717,-0.04283664525597717,0.1376110869808334,0.9566959804789449,1.0,1.0,0.953021148225614,1.0,1.0
P27 omitted; T scores,Neutral Angry,ROT,Separation Anxiety,Separation Anxiety T,34,0.06063219250344039,-0.28334309481703635,0.39078533409688565,0.733379892790492,0.021451093610566616,0.9041540658599156,P24,0.17293440759994685,-0.04938664763280248,0.17293440759994685,0.9566959804789449,1.0,1.0,0.957339599145793,1.0,1.0
P27 omitted; T scores,Neutral Angry,ROT,Generalized Anxiety,Generalized Anxiety T,34,0.06334023505295568,-0.2808409335203932,0.39308622438746826,0.7219327763501557,0.05901893838933829,0.7402263613573571,P24,0.15557751152719126,-0.007054838232610956,0.15557751152719126,0.9566959804789449,1.0,1.0,0.9352730627777193,1.0,1.0
P27 omitted; T scores,Neutral Angry,ROT,Obsessive Compulsive,Obsessive Compulsive T,34,0.006613547940347242,-0.33229531991763406,0.3440098760990294,0.9703883769952797,-0.028196048347265645,0.8742271511192427,P24,0.0838202644527961,-0.05477631588157553,0.0838202644527961,0.9769503026602425,1.0,1.0,0.953021148225614,1.0,1.0
P27 omitted; T scores,Neutral Angry,O,Social Phobia,Social Phobia T,34,-0.018774690527262328,-0.3546884864838222,0.32143176336304147,0.9160674337140112,-0.028455619561622264,0.8730786003148063,P29,0.04634019338978013,-0.06589829847509814,0.04634019338978013,0.9769503026602425,1.0,1.0,0.953021148225614,1.0,1.0
P27 omitted; T scores,Neutral Angry,O,Panic Disorder,Panic Disorder T,34,0.031290584356949536,-0.3101570093970201,0.3655878499095999,0.8605515156354002,-0.1210276062107643,0.49535108601625344,P4,-0.1876691046809441,-0.1876691046809441,0.09408153249599621,0.9769503026602425,1.0,1.0,0.9352730627777193,1.0,1.0
P27 omitted; T scores,Neutral Angry,O,Major Depression,Major Depression T,34,-0.07644647161834428,-0.40416389624584814,0.26866462971234395,0.6674049208410469,-0.17132395165720965,0.33264316447266473,P4,-0.18391554311149308,-0.18391554311149308,-0.027042785534918557,0.9566959804789449,1.0,1.0,0.9290596810807656,1.0,1.0
P27 omitted; T scores,Neutral Angry,O,Separation Anxiety,Separation Anxiety T,34,0.08051068571600475,-0.264866247750528,0.40757963959351984,0.650814928930318,-0.015628653916269962,0.9300940602402628,P4,0.024174470228953915,0.024174470228953915,0.1125413090961235,0.9566959804789449,1.0,1.0,0.9676668988793017,1.0,1.0
P27 omitted; T scores,Neutral Angry,O,Generalized Anxiety,Generalized Anxiety T,34,-0.09914335539152216,-0.4231230562995116,0.24731400988587585,0.5769439769600085,-0.12418568286089932,0.484082447725811,P16,-0.25627191032733715,-0.25627191032733715,0.012466057240364339,0.9566959804789449,1.0,1.0,0.9352730627777193,1.0,1.0
P27 omitted; T scores,Neutral Angry,O,Obsessive Compulsive,Obsessive Compulsive T,34,-0.12007488894196257,-0.44035968955706284,0.2273212348822724,0.4987765572873984,-0.25669189369696477,0.14279646274373697,P4,-0.26114173069927366,-0.26114173069927366,-0.03475710125492565,0.9566959804789449,1.0,1.0,0.9290596810807656,1.0,1.0
P27 omitted; T scores,Neutral Angry,Frontal,Social Phobia,Social Phobia T,34,-0.023392520588562705,-0.3587205421696748,0.31728305996581246,0.8955249588722582,0.060429944767961256,0.7342371153612721,P1,0.08723687464720364,-0.06869287156572071,0.08723687464720364,0.9769503026602425,1.0,1.0,0.9352730627777193,1.0,1.0
P27 omitted; T scores,Neutral Angry,Frontal,Panic Disorder,Panic Disorder T,34,0.04812681299835149,-0.2948373139795163,0.38010634179588126,0.7869409277829729,0.1892208259538853,0.2838154597464834,P1,-0.004933506409042464,-0.004933506409042464,0.09777366101162988,0.9566959804789449,1.0,1.0,0.9290596810807656,1.0,1.0
P27 omitted; T scores,Neutral Angry,Frontal,Major Depression,Major Depression T,34,0.11585833168457456,-0.23137237688416737,0.4369063388992386,0.5140797708580838,0.20209795905944306,0.2517036565899177,P25,0.08989398911233895,0.08989398911233895,0.1374150288959594,0.9566959804789449,1.0,1.0,0.9290596810807656,1.0,1.0
P27 omitted; T scores,Neutral Angry,Frontal,Separation Anxiety,Separation Anxiety T,34,0.16722566779730258,-0.18118610109743508,0.47834117913941965,0.3445099387139844,0.14556099235741635,0.41141835462115317,P14,0.1217771594536924,0.1217771594536924,0.21028165487369752,0.9566959804789449,1.0,1.0,0.9352730627777193,1.0,1.0
P27 omitted; T scores,Neutral Angry,Frontal,Generalized Anxiety,Generalized Anxiety T,34,0.144083926202946,-0.20402261879645844,0.45984407036453745,0.416231606084735,0.21486582257368472,0.22234196164763226,P1,0.3426255992875268,0.01452573915399629,0.3426255992875268,0.9566959804789449,1.0,1.0,0.9290596810807656,1.0,1.0
P27 omitted; T scores,Neutral Angry,Frontal,Obsessive Compulsive,Obsessive Compulsive T,34,0.17445079088761234,-0.17397846598831768,0.484060193226985,0.3237605275999097,0.06794785421390244,0.702592757913882,P1,-0.007808622263378796,-0.007808622263378796,0.24751862546377718,0.9566959804789449,1.0,1.0,0.9352730627777193,1.0,1.0
P27 omitted; T scores,Neutral Angry,PO,Social Phobia,Social Phobia T,34,0.27680630181781996,-0.0676961924573542,0.5623339454075842,0.11300796866110036,0.17608826943778078,0.31916811521559246,P13,0.2071655009254112,0.2071655009254112,0.3433112895893017,0.9566959804789449,1.0,1.0,0.9290596810807656,1.0,1.0
P27 omitted; T scores,Neutral Angry,PO,Panic Disorder,Panic Disorder T,34,0.18598660803772163,-0.16239266090868443,0.4931368153064415,0.2922776779443929,0.1631108093855732,0.35667991023271806,P13,0.06491801564361926,0.06491801564361926,0.2755685765266995,0.9566959804789449,1.0,1.0,0.9290596810807656,1.0,1.0
P27 omitted; T scores,Neutral Angry,PO,Major Depression,Major Depression T,34,0.1841843401512495,-0.16420909223200592,0.49172314720787746,0.29706252455429955,0.2106718118680255,0.23171672131634394,P13,0.11841445801844759,0.11841445801844759,0.2299511178496097,0.9566959804789449,1.0,1.0,0.9290596810807656,1.0,1.0
P27 omitted; T scores,Neutral Angry,PO,Separation Anxiety,Separation Anxiety T,34,0.2434670123755746,-0.10319495189182107,0.5373883492392711,0.1652815912065367,0.15674620545435466,0.37600404781645536,P13,0.15172600929153734,0.15172600929153734,0.2769684994017028,0.9566959804789449,1.0,1.0,0.9290596810807656,1.0,1.0
P27 omitted; T scores,Neutral Angry,PO,Generalized Anxiety,Generalized Anxiety T,34,0.334911388878407,-0.00366995109167198,0.6046025016336559,0.052851168753329514,0.16122621450629132,0.36233874406728217,P16,0.1179653792526983,0.1179653792526983,0.45650453668056895,0.9566959804789449,1.0,1.0,0.9290596810807656,1.0,1.0
P27 omitted; T scores,Neutral Angry,PO,Obsessive Compulsive,Obsessive Compulsive T,34,0.031159878370789602,-0.310275252305625,0.36547449742714155,0.8611283662932208,-0.007395684812397545,0.9668882365608749,P30,0.13072808516390605,-0.044027584947740644,0.13072808516390605,0.9769503026602425,1.0,1.0,0.9766116270668761,1.0,1.0
P27 omitted; T scores,Neutral Angry,CP,Social Phobia,Social Phobia T,34,-0.17788078828896475,-0.48676596482853474,0.17054365255453086,0.3141876772046929,-0.1529872019442057,0.38770036248129336,P25,0.018373100283232004,-0.25320551676842307,0.018373100283232004,0.9566959804789449,1.0,1.0,0.9290596810807656,1.0,1.0
P27 omitted; T scores,Neutral Angry,CP,Panic Disorder,Panic Disorder T,34,0.06591055334022287,-0.27846169012627864,0.395266284023072,0.7111223618040095,0.05437026979519107,0.7600629817764543,P35,0.13027507485019377,0.02308968536262641,0.13027507485019377,0.9566959804789449,1.0,1.0,0.9352730627777193,1.0,1.0
P27 omitted; T scores,Neutral Angry,CP,Major Depression,Major Depression T,34,0.2459039638123405,-0.10062972826370388,0.5392293515774372,0.1609586028888047,0.12003393932015405,0.49892405886186186,P25,0.09931534386158893,0.09931534386158893,0.2865440349357823,0.9566959804789449,1.0,1.0,0.9352730627777193,1.0,1.0
P27 omitted; T scores,Neutral Angry,CP,Separation Anxiety,Separation Anxiety T,34,0.22372069312346654,-0.12381195654660253,0.5223668984583907,0.20340697693044174,0.05454706660972655,0.7593057160864785,P25,0.12471037253993289,0.12471037253993289,0.2712743545899894,0.9566959804789449,1.0,1.0,0.9352730627777193,1.0,1.0
P27 omitted; T scores,Neutral Angry,CP,Generalized Anxiety,Generalized Anxiety T,34,0.23797534433168543,-0.10895882553307906,0.533229357048538,0.17532709526620852,0.111121594936176,0.5315437638717109,P25,0.30395254952217976,0.17945363556761543,0.30395254952217976,0.9566959804789449,1.0,1.0,0.9352730627777193,1.0,1.0
P27 omitted; T scores,Neutral Angry,CP,Obsessive Compulsive,Obsessive Compulsive T,34,0.17774852771639857,-0.1706762559806608,0.48666174013061037,0.31455348532763927,0.07503538549245009,0.673201830081827,P30,0.26047321881692664,0.10477291126079569,0.26047321881692664,0.9566959804789449,1.0,1.0,0.9352730627777193,1.0,1.0
P27 omitted; T scores,Neutral Happy,LOT,Social Phobia,Social Phobia T,34,0.15089952021535036,-0.19733604677577327,0.4653203656177372,0.39428642599963937,0.18159580870777217,0.3040215609731884,P20,0.017127258426232167,0.017127258426232167,0.19221762407887394,0.9566959804789449,1.0,1.0,0.9290596810807656,1.0,1.0
P27 omitted; T scores,Neutral Happy,LOT,Panic Disorder,Panic Disorder T,34,0.23415346606405926,-0.112956422773414,0.5303264957138457,0.18256933170864556,0.35693928532210184,0.03824088805963651,P7,0.28562043965075523,0.1827842429642578,0.28562043965075523,0.9566959804789449,1.0,1.0,0.6190271581860716,1.0,1.0
P27 omitted; T scores,Neutral Happy,LOT,Major Depression,Major Depression T,34,-0.17884344132452104,-0.4875242950645708,0.16957812371185896,0.311533188823915,-0.14299961648599988,0.419785046608276,P7,-0.1129621004165324,-0.20943024114154182,-0.1129621004165324,0.9566959804789449,1.0,1.0,0.9352730627777193,1.0,1.0
P27 omitted; T scores,Neutral Happy,LOT,Separation Anxiety,Separation Anxiety T,34,0.10105997556738641,-0.24549553625758472,0.424711161989914,0.5695640622613986,-0.06680483438719319,0.707373945979235,P20,-0.05664893929995529,-0.05664893929995529,0.17126981759110066,0.9566959804789449,1.0,1.0,0.9352730627777193,1.0,1.0
P27 omitted; T scores,Neutral Happy,LOT,Generalized Anxiety,Generalized Anxiety T,34,-0.07700093517279098,-0.4046304307194209,0.2681470639924221,0.6651322583747742,0.01782863763844594,0.9202829933338477,P20,-0.20369046264619184,-0.20369046264619184,0.01302913776485344,0.9566959804789449,1.0,1.0,0.9654872038072895,1.0,1.0
P27 omitted; T scores,Neutral Happy,LOT,Obsessive Compulsive,Obsessive Compulsive T,34,0.17154793932012796,-0.1768787847072027,0.4817656282921869,0.33200193084394425,0.14806777301487584,0.4033220372248494,P20,0.06819355705557419,0.06819355705557419,0.2156318877456574,0.9566959804789449,1.0,1.0,0.9352730627777193,1.0,1.0
P27 omitted; T scores,Neutral Happy,ROT,Social Phobia,Social Phobia T,34,0.07187864542299294,-0.2729209114359905,0.40031395490884275,0.6862368094262254,0.049873827833811064,0.7793942189814328,P20,-0.061485812144345627,-0.061485812144345627,0.1767444030095401,0.9566959804789449,1.0,1.0,0.9352730627777193,1.0,1.0
P27 omitted; T scores,Neutral Happy,ROT,Panic Disorder,Panic Disorder T,34,-0.044318627569481975,-0.37683665929420807,0.2983179733790562,0.8034567479370441,0.007372239972229298,0.9669931460465875,P20,-0.1920735763925192,-0.1920735763925192,0.06078922490929459,0.956914908475839,1.0,1.0,0.9766116270668761,1.0,1.0
P27 omitted; T scores,Neutral Happy,ROT,Major Depression,Major Depression T,34,-0.07203176171936337,-0.40044319535194073,0.2727784566137965,0.6856024611951346,-0.09002545449011555,0.6126253796576555,P26,-0.15653348177558496,-0.15653348177558496,0.0026485471365086943,0.9566959804789449,1.0,1.0,0.9352730627777193,1.0,1.0
P27 omitted; T scores,Neutral Happy,ROT,Separation Anxiety,Separation Anxiety T,34,-0.1288950999529306,-0.44755290569247536,0.218807978295456,0.46752752768522,-0.2456150218409878,0.16146687258625078,P20,-0.32535120568163073,-0.32535120568163073,-0.03626593083860097,0.9566959804789449,1.0,1.0,0.9290596810807656,1.0,1.0
P27 omitted; T scores,Neutral Happy,ROT,Generalized Anxiety,Generalized Anxiety T,34,-0.04196032776989242,-0.3748076756118745,0.30046888623070633,0.8137270709695614,-0.06931651357706138,0.6968824528990574,P24,0.04213002986891737,-0.11337773254793039,0.04213002986891737,0.9573259658465428,1.0,1.0,0.9352730627777193,1.0,1.0
P27 omitted; T scores,Neutral Happy,ROT,Obsessive Compulsive,Obsessive Compulsive T,34,0.006360077755181173,-0.3325207923725378,0.3437863733942683,0.9715228009787967,-0.09182975308726953,0.6054911720127258,P20,-0.13575081971410302,-0.13575081971410302,0.09315308028298348,0.9769503026602425,1.0,1.0,0.9352730627777193,1.0,1.0
P27 omitted; T scores,Neutral Happy,O,Social Phobia,Social Phobia T,34,0.0896133880370293,-0.25631987158653463,0.4151968870400544,0.6142596408781569,0.11244559342899119,0.5266336075249209,P4,0.14806402065818924,0.03729505924480087,0.14806402065818924,0.9566959804789449,1.0,1.0,0.9352730627777193,1.0,1.0
P27 omitted; T scores,Neutral Happy,O,Panic Disorder,Panic Disorder T,34,0.22259787246251236,-0.12497533948796752,0.5215071386049044,0.20574397498565986,0.29780777721151264,0.08715337442745232,P4,0.17715277131206036,0.17715277131206036,0.2663636889347304,0.9566959804789449,1.0,1.0,0.7702310151778968,1.0,1.0
P27 omitted; T scores,Neutral Happy,O,Major Depression,Major Depression T,34,-0.025033909703950814,-0.36015071206460864,0.3158052720849537,0.8882385691696317,-0.0848199009991905,0.63340314483915,P4,-0.0918415278759145,-0.0918415278759145,0.007015253177257912,0.9769503026602425,1.0,1.0,0.9352730627777193,1.0,1.0
P27 omitted; T scores,Neutral Happy,O,Separation Anxiety,Separation Anxiety T,34,0.04376590198765789,-0.2988224051579199,0.3763614031704564,0.8058610202838498,-0.09285259091430978,0.601462674401181,P4,-0.048360183080627894,-0.048360183080627894,0.08903869047849816,0.956914908475839,1.0,1.0,0.9352730627777193,1.0,1.0
P27 omitted; T scores,Neutral Happy,O,Generalized Anxiety,Generalized Anxiety T,34,0.0307058729143149,-0.31068588537000713,0.365080692077028,0.863132595482478,0.08130473543739572,0.6475924791612703,P29,-0.07560982170911879,-0.07560982170911879,0.11265049777474788,0.9769503026602425,1.0,1.0,0.9352730627777193,1.0,1.0
P27 omitted; T scores,Neutral Happy,O,Obsessive Compulsive,Obsessive Compulsive T,34,0.09805880309508745,-0.24834194412199176,0.422223516773267,0.581138943812874,0.08412591474102207,0.6361945440304808,P29,0.020214906139569402,0.020214906139569402,0.15168803599374214,0.9566959804789449,1.0,1.0,0.9352730627777193,1.0,1.0
P27 omitted; T scores,Neutral Happy,Frontal,Social Phobia,Social Phobia T,34,0.1476181792985285,-0.2005593202164064,0.4626868260927823,0.40476739213748036,0.09286323158013286,0.6014208262043979,P20,0.048235068250688795,0.048235068250688795,0.210001256759209,0.9566959804789449,1.0,1.0,0.9352730627777193,1.0,1.0
P27 omitted; T scores,Neutral Happy,Frontal,Panic Disorder,Panic Disorder T,34,0.08163722535959547,-0.263811492235363,0.4085248155083287,0.6462450144664278,0.18768494262633753,0.28781413888808677,P8,0.23420602825212755,-0.014785179950949811,0.23420602825212755,0.9566959804789449,1.0,1.0,0.9290596810807656,1.0,1.0
P27 omitted; T scores,Neutral Happy,Frontal,Major Depression,Major Depression T,34,0.019763488722741966,-0.32054451498209546,0.3555529075684432,0.9116638061824247,0.012707674698434675,0.9431358958568663,P20,0.08905650734353066,-0.037123306564802394,0.08905650734353066,0.9769503026602425,1.0,1.0,0.9700826357384911,1.0,1.0
P27 omitted; T scores,Neutral Happy,Frontal,Separation Anxiety,Separation Anxiety T,34,-0.11578170431173417,-0.43684349357871693,0.2314458869310087,0.5143600101391649,-0.20332572300872787,0.24877349724911746,P20,-0.28396006543161123,-0.28396006543161123,-0.0387350603616789,0.9566959804789449,1.0,1.0,0.9290596810807656,1.0,1.0
P27 omitted; T scores,Neutral Happy,Frontal,Generalized Anxiety,Generalized Anxiety T,34,0.05995758605834856,-0.2839656859618358,0.39021151161955814,0.7362404246795913,0.06086328021400511,0.7324008200447647,P8,0.12365839072136042,0.023446330441778837,0.12365839072136042,0.9566959804789449,1.0,1.0,0.9352730627777193,1.0,1.0
P27 omitted; T scores,Neutral Happy,Frontal,Obsessive Compulsive,Obsessive Compulsive T,34,0.1796391127876227,-0.1687795700642164,0.48815073416452975,0.3093498098380812,0.09167567632034457,0.6060990069482781,P11,0.09889045522961225,0.09889045522961225,0.23737949427861066,0.9566959804789449,1.0,1.0,0.9352730627777193,1.0,1.0
P27 omitted; T scores,Neutral Happy,PO,Social Phobia,Social Phobia T,34,0.04962038247813497,-0.29346971089253904,0.381386449366993,0.7804878360658348,-0.04666109659298274,0.7932872551785657,P20,-0.07807268805323288,-0.07807268805323288,0.10672981594539861,0.9566959804789449,1.0,1.0,0.9408433306134412,1.0,1.0
P27 omitted; T scores,Neutral Happy,PO,Panic Disorder,Panic Disorder T,34,0.22316667420982164,-0.12438610901069805,0.5219427541178643,0.2045577811491628,0.3329795054123566,0.05431951132994309,P20,0.1647456391633451,0.1647456391633451,0.26888169937224005,0.9566959804789449,1.0,1.0,0.6190271581860716,1.0,1.0
P27 omitted; T scores,Neutral Happy,PO,Major Depression,Major Depression T,34,-0.008569277221389032,-0.345733097205395,0.3305543125010949,0.9616374530830802,0.0033682993176573847,0.9849162711052915,P20,0.05405402652120478,-0.055983642748200724,0.05405402652120478,0.9769503026602425,1.0,1.0,0.9849162711052915,1.0,1.0
P27 omitted; T scores,Neutral Happy,PO,Separation Anxiety,Separation Anxiety T,34,0.05770738978687638,-0.28604028674196436,0.38829563035148174,0.7458069312062724,-0.15153665414893133,0.39226964312298995,P20,-0.06404255658789246,-0.06404255658789246,0.10455852243620585,0.9566959804789449,1.0,1.0,0.9290596810807656,1.0,1.0
P27 omitted; T scores,Neutral Happy,PO,Generalized Anxiety,Generalized Anxiety T,34,0.07489744777520504,-0.27010951554520807,0.40285961866770753,0.673769494472232,0.11142898524028715,0.5304018154131616,P16,0.13642409694580016,0.025097584268881423,0.13642409694580016,0.9566959804789449,1.0,1.0,0.9352730627777193,1.0,1.0
P27 omitted; T scores,Neutral Happy,PO,Obsessive Compulsive,Obsessive Compulsive T,34,0.23445241202439676,-0.11264413673470498,0.5305538071303808,0.18199535199122088,0.16994667391821858,0.3366027656482591,P20,0.16979924614212985,0.16979924614212985,0.2835877271335732,0.9566959804789449,1.0,1.0,0.9290596810807656,1.0,1.0
P27 omitted; T scores,Neutral Happy,CP,Social Phobia,Social Phobia T,34,0.05573246907508612,-0.2878584417428572,0.3866117684711271,0.7542340431708698,0.21861871157826995,0.21417537193110608,P25,0.295240594152833,-0.08877062730217795,0.295240594152833,0.9566959804789449,1.0,1.0,0.9290596810807656,1.0,1.0
P27 omitted; T scores,Neutral Happy,CP,Panic Disorder,Panic Disorder T,34,0.24620203566481674,-0.10031565045143384,0.5394543386011311,0.16043548005810104,0.5409381079623247,0.0009559544685711108,P8,0.3226206989243261,0.19441275198972433,0.3226206989243261,0.9566959804789449,1.0,1.0,0.17207180434279995,0.9933615308256567,0.17207180434279995
P27 omitted; T scores,Neutral Happy,CP,Major Depression,Major Depression T,34,0.23302962776781586,-0.11412979773768141,0.5294715746158948,0.18473854378620963,0.44997416793613876,0.007581645763010058,P20,0.3885338866617788,0.10563742702873406,0.3885338866617788,0.9566959804789449,1.0,1.0,0.4312256704243252,1.0,1.0
P27 omitted; T scores,Neutral Happy,CP,Separation Anxiety,Separation Anxiety T,34,0.22139338641363077,-0.1262222763279669,0.5205841710948687,0.2082715273667058,0.1161423496914964,0.5130417289270264,P25,0.13050170146028278,0.13050170146028278,0.26097159734545883,0.9566959804789449,1.0,1.0,0.9352730627777193,1.0,1.0
P27 omitted; T scores,Neutral Happy,CP,Generalized Anxiety,Generalized Anxiety T,34,0.21016243111088628,-0.13779642026738764,0.5119443822428315,0.2328732514807681,0.4693849943777061,0.005101463740688239,P8,0.23147034035929662,0.19852035030122456,0.23147034035929662,0.9566959804789449,1.0,1.0,0.4312256704243252,1.0,0.9131620095831947
P27 omitted; T scores,Neutral Happy,CP,Obsessive Compulsive,Obsessive Compulsive T,34,0.2984067237111176,-0.044221395572051604,0.5782233703189567,0.08648927813488216,0.3799533072369239,0.02665806298811599,P20,0.25442132787105703,0.25442132787105703,0.3345920211633503,0.9566959804789449,1.0,1.0,0.6190271581860716,1.0,1.0
P27 omitted; T scores,Neutral Sad,LOT,Social Phobia,Social Phobia T,34,-0.28323745598392225,-0.5670868949364131,0.06074662591526678,0.10454552766494041,-0.14013627698089243,0.4292497924027776,P6,-0.21833972200449636,-0.332565078910636,-0.21833972200449636,0.9566959804789449,1.0,1.0,0.9352730627777193,1.0,1.0
P27 omitted; T scores,Neutral Sad,LOT,Panic Disorder,Panic Disorder T,34,-0.24809380446513346,-0.5408812852861037,0.09832068551070042,0.15714388231929677,-0.2690867589863694,0.12383241708372962,P35,-0.32746611255717994,-0.32746611255717994,-0.19240130585818205,0.9566959804789449,1.0,1.0,0.8915934030028533,1.0,1.0
P27 omitted; T scores,Neutral Sad,LOT,Major Depression,Major Depression T,34,-0.16934506067835073,-0.48002151477942373,0.1790757102791137,0.3383413916089685,-0.16535287559408976,0.3500172158619047,P20,-0.2895182150973166,-0.2895182150973166,-0.0644970416572628,0.9566959804789449,1.0,1.0,0.9290596810807656,1.0,1.0
P27 omitted; T scores,Neutral Sad,LOT,Separation Anxiety,Separation Anxiety T,34,-0.32977389078823,-0.600925452886311,0.009445108549243046,0.056827272988674994,-0.20700305334196784,0.240133547981831,P14,-0.27910286677269425,-0.3779090561955467,-0.27910286677269425,0.9566959804789449,1.0,1.0,0.9290596810807656,1.0,1.0
P27 omitted; T scores,Neutral Sad,LOT,Generalized Anxiety,Generalized Anxiety T,34,-0.2189420012092664,-0.5187035737685495,0.12875666961816412,0.21348163711648827,-0.22162840926412972,0.20777666887200275,P6,-0.16180076443070915,-0.2541198728055087,-0.16180076443070915,0.9566959804789449,1.0,1.0,0.9290596810807656,1.0,1.0
P27 omitted; T scores,Neutral Sad,LOT,Obsessive Compulsive,Obsessive Compulsive T,34,-0.27014181991078384,-0.5573885685612264,0.07486279608070102,0.12230919916684305,-0.34081780843798687,0.04855691921955255,P11,-0.3538402297926603,-0.3538402297926603,-0.2154399531208631,0.9566959804789449,1.0,1.0,0.6190271581860716,1.0,1.0
P27 omitted; T scores,Neutral Sad,ROT,Social Phobia,Social Phobia T,34,0.20403271001791684,-0.14407361524482584,0.5072029919628612,0.24709656175324599,0.22703300768520127,0.19662026328440751,P26,0.29674339835392255,0.12378167957409886,0.29674339835392255,0.9566959804789449,1.0,1.0,0.9290596810807656,1.0,1.0
P27 omitted; T scores,Neutral Sad,ROT,Panic Disorder,Panic Disorder T,34,-0.10810607879586262,-0.43053247047868193,0.23878921965630107,0.5428088633110779,-0.1609605727270063,0.3631406631986498,P31,-0.16483918968297076,-0.16483918968297076,-0.05445545130774111,0.9566959804789449,1.0,1.0,0.9290596810807656,1.0,1.0
P27 omitted; T scores,Neutral Sad,ROT,Major Depression,Major Depression T,34,0.014626681899351304,-0.32514727289161477,0.3510559717409883,0.9345659053908517,-0.02541534939686935,0.8865465621603944,P26,0.12559415950092784,-0.07491049098922062,0.12559415950092784,0.9769503026602425,1.0,1.0,0.953021148225614,1.0,1.0
P27 omitted; T scores,Neutral Sad,ROT,Separation Anxiety,Separation Anxiety T,34,-0.02820904354377051,-0.3629127959633658,0.31294191055516085,0.8741696439480198,0.04029741156842158,0.8209875051800273,P14,0.06405220348081933,-0.11451275693860329,0.06405220348081933,0.9769503026602425,1.0,1.0,0.9415748557129563,1.0,1.0
P27 omitted; T scores,Neutral Sad,ROT,Generalized Anxiety,Generalized Anxiety T,34,-0.12758133095797725,-0.44648408456976657,0.22007939045333824,0.47211549876345094,-0.09544468942650802,0.5913055585949974,P16,-0.21038091405799073,-0.21038091405799073,-0.06500141626524866,0.9566959804789449,1.0,1.0,0.9352730627777193,1.0,1.0
P27 omitted; T scores,Neutral Sad,ROT,Obsessive Compulsive,Obsessive Compulsive T,34,-0.13210092703570908,-0.4501572012374235,0.2157005458788966,0.45643154989167567,-0.06070624616842985,0.7330660970634719,P30,-0.06826290952160173,-0.18955047449668141,-0.06826290952160173,0.9566959804789449,1.0,1.0,0.9352730627777193,1.0,1.0
P27 omitted; T scores,Neutral Sad,O,Social Phobia,Social Phobia T,34,-0.18182278931357568,-0.4898683299758919,0.16658563082952632,0.3034072539782199,-0.10357233571622726,0.55995577758491,P29,-0.10358538600188295,-0.22634392516913068,-0.10358538600188295,0.9566959804789449,1.0,1.0,0.9352730627777193,1.0,1.0
P27 omitted; T scores,Neutral Sad,O,Panic Disorder,Panic Disorder T,34,0.10012259496175718,-0.24638522018396317,0.4239347000313817,0.5731680699653576,-0.08447358301512738,0.6347955107599551,P35,-0.16543804261431416,-0.16543804261431416,0.1618874593960261,0.9566959804789449,1.0,1.0,0.9352730627777193,1.0,1.0
P27 omitted; T scores,Neutral Sad,O,Major Depression,Major Depression T,34,-0.05927347938704774,-0.3896293461049549,0.28459674879699054,0.7391447998669776,-0.09079097706231039,0.6095941761732255,P35,-0.16889421314677708,-0.16889421314677708,0.03229918332546032,0.9566959804789449,1.0,1.0,0.9352730627777193,1.0,1.0
P27 omitted; T scores,Neutral Sad,O,Separation Anxiety,Separation Anxiety T,34,-0.0707943535186549,-0.39939836566352177,0.2739292717088682,0.6907349446860166,-0.006435328083169985,0.9711860069165046,P14,-0.015280483750869251,-0.11006104657217974,-0.015280483750869251,0.9566959804789449,1.0,1.0,0.9766116270668761,1.0,1.0
P27 omitted; T scores,Neutral Sad,O,Generalized Anxiety,Generalized Anxiety T,34,-0.1357850564623963,-0.4531433848980324,0.21212077057776113,0.4438562191774223,-0.104359008245731,0.5569626881997845,P29,0.05962798035975231,-0.277008312377225,0.05962798035975231,0.9566959804789449,1.0,1.0,0.9352730627777193,1.0,1.0
P27 omitted; T scores,Neutral Sad,O,Obsessive Compulsive,Obsessive Compulsive T,34,-0.2193945901347066,-0.519050999008497,0.12828909687954,0.2125130400819024,-0.17426082339211715,0.32429594370000114,P29,-0.09543175210890094,-0.2690771848990659,-0.09543175210890094,0.9566959804789449,1.0,1.0,0.9290596810807656,1.0,1.0
P27 omitted; T scores,Neutral Sad,Frontal,Social Phobia,Social Phobia T,34,-0.12648296097883713,-0.44558980303081147,0.22114144241073116,0.4759692998720252,0.02356002909940768,0.8947809669451599,P18,-0.02345654038248572,-0.1752593838755867,-0.02345654038248572,0.9566959804789449,1.0,1.0,0.953021148225614,1.0,1.0
P27 omitted; T scores,Neutral Sad,Frontal,Panic Disorder,Panic Disorder T,34,-0.04326038403525724,-0.3759265847953666,0.2992835864729903,0.8080614782684863,-0.04100808484552547,0.8178828207133761,P35,-0.15367911965861356,-0.15367911965861356,0.03432217859230806,0.956914908475839,1.0,1.0,0.9415748557129563,1.0,1.0
P27 omitted; T scores,Neutral Sad,Frontal,Major Depression,Major Depression T,34,0.01190453570691796,-0.3275799022119632,0.3486666042623517,0.9467245071481916,0.1301388372731262,0.4632059040998969,P6,0.14565245980244312,-0.03811514479725498,0.14565245980244312,0.9769503026602425,1.0,1.0,0.9352730627777193,1.0,1.0
P27 omitted; T scores,Neutral Sad,Frontal,Separation Anxiety,Separation Anxiety T,34,-0.19087870806642332,-0.4969659347495264,0.15745018346776893,0.27953955252292184,-0.1565929833571363,0.37647670933572697,P31,-0.23558304666449248,-0.23558304666449248,-0.15933957152653908,0.9566959804789449,1.0,1.0,0.9290596810807656,1.0,1.0
P27 omitted; T scores,Neutral Sad,Frontal,Generalized Anxiety,Generalized Anxiety T,34,0.046973918959216335,-0.2958920139004599,0.3791173496276489,0.7919316727297933,0.1068181306786201,0.5476545297386097,P6,0.13183172058994502,-0.010976008610240761,0.13183172058994502,0.9566959804789449,1.0,1.0,0.9352730627777193,1.0,1.0
P27 omitted; T scores,Neutral Sad,Frontal,Obsessive Compulsive,Obsessive Compulsive T,34,-0.10174961755640385,-0.4252821103787226,0.2448406123098697,0.5669191450632323,-0.04113849676896135,0.8173133901591488,P18,-0.18447801804133104,-0.18447801804133104,-0.04452266384008617,0.9566959804789449,1.0,1.0,0.9415748557129563,1.0,1.0
P27 omitted; T scores,Neutral Sad,PO,Social Phobia,Social Phobia T,34,-0.07880671684785225,-0.40614866296126817,0.26646006928839794,0.6577510078846025,-0.11596429907370792,0.5136923548079724,P4,-0.1639540342173487,-0.1639540342173487,-0.03594944000172151,0.9566959804789449,1.0,1.0,0.9352730627777193,1.0,1.0
P27 omitted; T scores,Neutral Sad,PO,Panic Disorder,Panic Disorder T,34,-0.1983894220181535,-0.5028215757525147,0.1498280118134252,0.2606931085719648,-0.184613175971242,0.2959195118555202,P8,-0.27184667966933146,-0.27184667966933146,-0.1449449051133304,0.9566959804789449,1.0,1.0,0.9290596810807656,1.0,1.0
P27 omitted; T scores,Neutral Sad,PO,Major Depression,Major Depression T,34,-0.02515648106576386,-0.3602574473810322,0.31569485131568953,0.8876948084764285,0.09982414341420975,0.5743177035387026,P6,0.036200110920819,-0.06195471275706904,0.036200110920819,0.9769503026602425,1.0,1.0,0.9352730627777193,1.0,1.0
P27 omitted; T scores,Neutral Sad,PO,Separation Anxiety,Separation Anxiety T,34,-0.0873235551004185,-0.41328501611210955,0.25847486152554683,0.6233742378338932,-0.02865253217982827,0.8722074710529256,P4,-0.03502788522621485,-0.1185236744164959,-0.03502788522621485,0.9566959804789449,1.0,1.0,0.953021148225614,1.0,1.0
P27 omitted; T scores,Neutral Sad,PO,Generalized Anxiety,Generalized Anxiety T,34,0.05449760187291246,-0.2889940302258496,0.38555777072837205,0.7595175640177823,0.03903856862211439,0.8264934844591505,P6,0.09503272749644243,0.031553410010363145,0.09503272749644243,0.9566959804789449,1.0,1.0,0.9415748557129563,1.0,1.0
P27 omitted; T scores,Neutral Sad,PO,Obsessive Compulsive,Obsessive Compulsive T,34,-0.01352941175274254,-0.35009336820326575,0.32612838293371127,0.9394653218920372,0.08489629857564683,0.633096155780797,P30,0.03336176686101177,-0.03655126859064791,0.03336176686101177,0.9769503026602425,1.0,1.0,0.9352730627777193,1.0,1.0
P27 omitted; T scores,Neutral Sad,CP,Social Phobia,Social Phobia T,34,-0.15521183771742086,-0.46877290233690777,0.19308856091401233,0.3807530202539968,-0.08674374350236465,0.6256909699247213,P18,-0.09573468389284541,-0.202819899251143,-0.09573468389284541,0.9566959804789449,1.0,1.0,0.9352730627777193,1.0,1.0
P27 omitted; T scores,Neutral Sad,CP,Panic Disorder,Panic Disorder T,34,0.01443520756666378,-0.32531852991148197,0.35088804801879236,0.9354206917199301,0.09783576796479297,0.5820033085421634,P4,0.16313779422180386,-0.09169347630076728,0.16313779422180386,0.9769503026602425,1.0,1.0,0.9352730627777193,1.0,1.0
P27 omitted; T scores,Neutral Sad,CP,Major Depression,Major Depression T,34,0.10037262149973537,-0.24614797282778114,0.424141851467771,0.5722057701476253,0.27727227564897833,0.11237807287484416,P6,0.1896572828935843,0.05850279461045996,0.1896572828935843,0.9566959804789449,1.0,1.0,0.8600039282659134,1.0,1.0
P27 omitted; T scores,Neutral Sad,CP,Separation Anxiety,Separation Anxiety T,34,-0.010428756360969937,-0.3473694045243344,0.32889684459454294,0.9533212653684008,0.0752320497342015,0.6723927910132507,P4,0.05939870784311887,-0.06396164140475136,0.05939870784311887,0.9769503026602425,1.0,1.0,0.9352730627777193,1.0,1.0
P27 omitted; T scores,Neutral Sad,CP,Generalized Anxiety,Generalized Anxiety T,34,0.07174619770551538,-0.27304412463509914,0.40020214959512934,0.6867856992982494,0.18935242733246035,0.2834745093480717,P6,0.1243781071965543,0.026649443878630497,0.1243781071965543,0.9566959804789449,1.0,1.0,0.9290596810807656,1.0,1.0
P27 omitted; T scores,Neutral Sad,CP,Obsessive Compulsive,Obsessive Compulsive T,34,0.02954261122953302,-0.3117374362390099,0.36407112990886054,0.8682716717360559,0.2605438128700885,0.1366891704642085,P30,0.14356836839081932,-0.0031513881613845322,0.14356836839081932,0.9769503026602425,1.0,1.0,0.9290596810807656,1.0,1.0
P27 omitted; T scores,Positive Valence,LOT,Social Phobia,Social Phobia T,34,-0.14069412523754668,-0.45711140961626523,0.2073361989699539,0.42739662545381363,-0.08750867951208566,0.6226352883440496,P25,0.011179519529563964,-0.2105180677992107,0.011179519529563964,0.9566959804789449,1.0,1.0,0.9352730627777193,1.0,1.0
P27 omitted; T scores,Positive Valence,LOT,Panic Disorder,Panic Disorder T,34,-0.08218132397893867,-0.40898106774201637,0.2633017680441412,0.6440423576978366,-0.10275059461294583,0.5630902004053799,P25,-0.14965222825551672,-0.14965222825551672,-0.02170236326563304,0.9566959804789449,1.0,1.0,0.9352730627777193,1.0,1.0
P27 omitted; T scores,Positive Valence,LOT,Major Depression,Major Depression T,34,0.28137352850346703,-0.06276424171490116,0.5657113005961423,0.10694724274526186,0.2206236053065587,0.20989805399421751,P25,0.17632042279266782,0.17632042279266782,0.3306070242401559,0.9566959804789449,1.0,1.0,0.9290596810807656,1.0,1.0
P27 omitted; T scores,Positive Valence,LOT,Separation Anxiety,Separation Anxiety T,34,-0.06155804676031995,-0.3915724512569399,0.28248815595075827,0.7294597346262477,-0.10802157853892476,0.543126155238839,P25,-0.24834043915779833,-0.24834043915779833,0.028455634540461572,0.9566959804789449,1.0,1.0,0.9352730627777193,1.0,1.0
P27 omitted; T scores,Positive Valence,LOT,Generalized Anxiety,Generalized Anxiety T,34,0.05236163560959993,-0.29095599336325173,0.38373261477008086,0.7686816957078254,0.13463695320067798,0.44775478151272374,P16,0.20686436672410188,-0.0054641867380111325,0.20686436672410188,0.9566959804789449,1.0,1.0,0.9352730627777193,1.0,1.0
P27 omitted; T scores,Positive Valence,LOT,Obsessive Compulsive,Obsessive Compulsive T,34,0.12451021190651518,-0.22304689365610414,0.4439820103201068,0.4829320162964947,0.02526858977569161,0.8871975070832099,P25,0.03993032855681428,0.03993032855681428,0.17546342843680474,0.9566959804789449,1.0,1.0,0.953021148225614,1.0,1.0
P27 omitted; T scores,Positive Valence,ROT,Social Phobia,Social Phobia T,34,0.10350252614507763,-0.2431745239979573,0.42673216945511505,0.5602217435622414,0.15589395878114562,0.3786374947387553,P25,0.20155049753130624,0.03161270522471442,0.20155049753130624,0.9566959804789449,1.0,1.0,0.9290596810807656,1.0,1.0
P27 omitted; T scores,Positive Valence,ROT,Panic Disorder,Panic Disorder T,34,0.12412295856134956,-0.2234206247539176,0.4436661566742471,0.48430496379734733,0.14683044611356683,0.40730689655487196,P8,-0.04399821061264425,-0.04399821061264425,0.19882316207149545,0.9566959804789449,1.0,1.0,0.9352730627777193,1.0,1.0
P27 omitted; T scores,Positive Valence,ROT,Major Depression,Major Depression T,34,0.3173471607212202,-0.023321281854712078,0.5919835921926333,0.06742673030726669,0.2771191711345394,0.1125847456297624,P11,0.23445839172363644,0.23445839172363644,0.3692702567780334,0.9566959804789449,1.0,1.0,0.8600039282659134,1.0,1.0
P27 omitted; T scores,Positive Valence,ROT,Separation Anxiety,Separation Anxiety T,34,0.16056654629226122,-0.1877961237306398,0.4730467074091813,0.3643320958391544,0.1296258942467097,0.46498565714860474,P8,0.04926070218255042,0.04926070218255042,0.22141305337335943,0.9566959804789449,1.0,1.0,0.9352730627777193,1.0,1.0
P27 omitted; T scores,Positive Valence,ROT,Generalized Anxiety,Generalized Anxiety T,34,0.1950455381360165,-0.15322663773844358,0.500218001669598,0.2689777541658117,0.2177860304627405,0.21596931390453192,P16,0.3248218388182989,0.1235753786380429,0.3248218388182989,0.9566959804789449,1.0,1.0,0.9290596810807656,1.0,1.0
P27 omitted; T scores,Positive Valence,ROT,Obsessive Compulsive,Obsessive Compulsive T,34,0.2626115956575683,-0.08291771166743106,0.5517761332178266,0.1334909211156913,0.23635376046287151,0.17837455593504392,P11,0.06959672201241639,0.06959672201241639,0.42218670911703166,0.9566959804789449,1.0,1.0,0.9290596810807656,1.0,1.0
P27 omitted; T scores,Positive Valence,O,Social Phobia,Social Phobia T,34,-0.09390069428744913,-0.41876880976532044,0.2522757665013014,0.5973466610391286,-0.008567283308875519,0.961646372788244,P4,-0.19131667811137817,-0.19131667811137817,-0.017201220177568484,0.9566959804789449,1.0,1.0,0.9766116270668761,1.0,1.0
P27 omitted; T scores,Positive Valence,O,Panic Disorder,Panic Disorder T,34,-0.15094115473983533,-0.4653537449407286,0.19729510059738029,0.3941544539899662,-0.11534483789883755,0.5159591480499838,P4,-0.025494768674208284,-0.17892179408414302,-0.025494768674208284,0.9566959804789449,1.0,1.0,0.9352730627777193,1.0,1.0
P27 omitted; T scores,Positive Valence,O,Major Depression,Major Depression T,34,0.051739904493501306,-0.29152653408137763,0.3832008665396755,0.7713550205610048,0.039960278268571695,0.8224612608530405,P4,0.1808036654702498,-0.0306023567248647,0.1808036654702498,0.9566959804789449,1.0,1.0,0.9415748557129563,1.0,1.0
P27 omitted; T scores,Positive Valence,O,Separation Anxiety,Separation Anxiety T,34,-0.00102566382321706,-0.3390737556808638,0.33725700952036874,0.9954066934578047,0.05607928758190988,0.7527520971030708,P4,0.17259695596414268,-0.07094609621022166,0.17259695596414268,0.9954066934578047,1.0,1.0,0.9352730627777193,1.0,1.0
P27 omitted; T scores,Positive Valence,O,Generalized Anxiety,Generalized Anxiety T,34,0.02184152906413591,-0.31867794169646596,0.35736768899600313,0.9024177900565729,-0.03473510436455847,0.845376066905315,P29,0.07151810657375196,-0.017070822108288614,0.07151810657375196,0.9769503026602425,1.0,1.0,0.9510480752684793,1.0,1.0
P27 omitted; T scores,Positive Valence,O,Obsessive Compulsive,Obsessive Compulsive T,34,0.010489020602810034,-0.32884309237940923,0.34742240163888743,0.9530518206149514,-0.07087531278547647,0.6903987271251322,P4,0.07587527483863728,-0.042195039513684196,0.07587527483863728,0.9769503026602425,1.0,1.0,0.9352730627777193,1.0,1.0
P27 omitted; T scores,Positive Valence,Frontal,Social Phobia,Social Phobia T,34,-0.09871303453956495,-0.4227662198946747,0.247721959581202,0.5786067988975587,0.02891458116745488,0.8710484115301809,P25,0.10365924348867549,-0.16463974755263103,0.10365924348867549,0.9566959804789449,1.0,1.0,0.953021148225614,1.0,1.0
P27 omitted; T scores,Positive Valence,Frontal,Panic Disorder,Panic Disorder T,34,-0.0861438828227941,-0.4122989387618768,0.2595837239646352,0.6280915208869089,-0.014437303278949041,0.935411335583325,P35,0.04125753184141885,-0.17822146424789517,0.04125753184141885,0.9566959804789449,1.0,1.0,0.9676668988793017,1.0,1.0
P27 omitted; T scores,Positive Valence,Frontal,Major Depression,Major Depression T,34,0.21341759905458174,-0.13445153460463646,0.5144548287022577,0.22554943420760146,0.12156498446454378,0.4934242473968493,P25,0.06530868040546346,0.06530868040546346,0.27168996306094506,0.9566959804789449,1.0,1.0,0.9352730627777193,1.0,1.0
P27 omitted; T scores,Positive Valence,Frontal,Separation Anxiety,Separation Anxiety T,34,0.021951915251510114,-0.31857871478170924,0.3574640199666456,0.9019269802742002,-0.07078860891486984,0.6907588037888193,P25,-0.17389444795241393,-0.17389444795241393,0.10261355104928088,0.9769503026602425,1.0,1.0,0.9352730627777193,1.0,1.0
P27 omitted; T scores,Positive Valence,Frontal,Generalized Anxiety,Generalized Anxiety T,34,0.034814370597599294,-0.306965236756517,0.36864005928841026,0.8450274661240399,0.07039237964145036,0.6924051704223293,P16,0.1488785849756883,-0.03757512809414501,0.1488785849756883,0.9769503026602425,1.0,1.0,0.9352730627777193,1.0,1.0
P27 omitted; T scores,Positive Valence,Frontal,Obsessive Compulsive,Obsessive Compulsive T,34,0.14858128660675574,-0.1996140372101341,0.46346037400775014,0.4016747994968499,0.05038310278445828,0.7771979556008879,P30,0.25372815473686505,0.06315698528346071,0.25372815473686505,0.9566959804789449,1.0,1.0,0.9352730627777193,1.0,1.0
P27 omitted; T scores,Positive Valence,PO,Social Phobia,Social Phobia T,34,-0.13861120408259908,-0.45542931109771784,0.20936833148536893,0.4343387014971796,-0.08934452593541614,0.6153269365266893,P25,-0.0669269078419832,-0.19071274248890616,-0.0669269078419832,0.9566959804789449,1.0,1.0,0.9352730627777193,1.0,1.0
P27 omitted; T scores,Positive Valence,PO,Panic Disorder,Panic Disorder T,34,-0.21064675427159718,-0.5123182280475715,0.13729925045945918,0.2317735226745886,-0.16111416105976112,0.3626768820095272,P8,-0.2987248458826694,-0.2987248458826694,-0.1253853450580319,0.9566959804789449,1.0,1.0,0.9290596810807656,1.0,1.0
P27 omitted; T scores,Positive Valence,PO,Major Depression,Major Depression T,34,0.008373337425001508,-0.3307288439286616,0.3455605542930879,0.9625140053091293,0.06920324052641534,0.6973544342833533,P25,-0.07702229802967882,-0.07702229802967882,0.08535342809238503,0.9769503026602425,1.0,1.0,0.9352730627777193,1.0,1.0
P27 omitted; T scores,Positive Valence,PO,Separation Anxiety,Separation Anxiety T,34,-0.0935657790715084,-0.4184901402881096,0.2525921194005825,0.5986605826287836,-0.04474085238775324,0.8016213252510329,P24,-0.004349966426956951,-0.1702726771610637,-0.004349966426956951,0.9566959804789449,1.0,1.0,0.9415748557129563,1.0,1.0
P27 omitted; T scores,Positive Valence,PO,Generalized Anxiety,Generalized Anxiety T,34,0.08889353778877676,-0.25699770232880137,0.4145961657440669,0.6171189544403791,0.1764420345597926,0.3181813184165221,P24,0.1798958562972865,0.04185966585121621,0.1798958562972865,0.9566959804789449,1.0,1.0,0.9290596810807656,1.0,1.0
P27 omitted; T scores,Positive Valence,PO,Obsessive Compulsive,Obsessive Compulsive T,34,0.06694319672954348,-0.27750462079948246,0.3961410947473604,0.7067945948102472,0.13034894481850673,0.46247794135226206,P24,0.14726554244870754,0.019118020616236946,0.14726554244870754,0.9566959804789449,1.0,1.0,0.9352730627777193,1.0,1.0
P27 omitted; T scores,Positive Valence,CP,Social Phobia,Social Phobia T,34,-0.20510271727958368,-0.5080319757770668,0.14297987944753887,0.24457292963083946,-0.06501956082628742,0.7148636200569005,P25,0.013014287117690041,-0.2407893222237371,0.013014287117690041,0.9566959804789449,1.0,1.0,0.9352730627777193,1.0,1.0
P27 omitted; T scores,Positive Valence,CP,Panic Disorder,Panic Disorder T,34,0.014985528398945522,-0.3248262560939644,0.3513706232217257,0.9329641246435351,-0.057134859784777066,0.7482470222639171,P25,-0.07416510377409886,-0.07416510377409886,0.04705352431482822,0.9769503026602425,1.0,1.0,0.9352730627777193,1.0,1.0
P27 omitted; T scores,Positive Valence,CP,Major Depression,Major Depression T,34,0.29521332928218225,-0.04771589491117908,0.5758875814468267,0.09007536686234391,0.35076244257968486,0.0419606431100186,P25,0.21811982661604803,0.21811982661604803,0.32098562915211426,0.9566959804789449,1.0,1.0,0.6190271581860716,1.0,1.0
P27 omitted; T scores,Positive Valence,CP,Separation Anxiety,Separation Anxiety T,34,0.14854382024888038,-0.19965082229467082,0.46343029077120435,0.4017948530857107,0.01731409698567163,0.9225766614158545,P25,-0.06506608538984898,-0.06506608538984898,0.18325971339550898,0.9566959804789449,1.0,1.0,0.9654872038072895,1.0,1.0
P27 omitted; T scores,Positive Valence,CP,Generalized Anxiety,Generalized Anxiety T,34,0.16876965019606585,-0.1796489939865863,0.479565532703048,0.3400094198973014,0.31369180534541524,0.07082255133556736,P25,0.2443055467336831,0.13891948419013656,0.2443055467336831,0.9566959804789449,1.0,1.0,0.7082255133556736,1.0,1.0
P27 omitted; T scores,Positive Valence,CP,Obsessive Compulsive,Obsessive Compulsive T,34,0.2013882529985677,-0.14677307236889228,0.5051518001450627,0.2534078387092031,0.2542266654261656,0.14680835702182513,P30,0.2976310899643769,0.17422520719373746,0.2976310899643769,0.9566959804789449,1.0,1.0,0.9290596810807656,1.0,1.0
P27 omitted; T scores,Negative Valence,LOT,Social Phobia,Social Phobia T,34,-0.10239501528801005,-0.42581619619261946,0.24422741863887754,0.5644490039279615,-0.19658855449830434,0.26513371848149114,P23,-0.2317404824684819,-0.2317404824684819,-0.041273509988260446,0.9566959804789449,1.0,1.0,0.9290596810807656,1.0,1.0
P27 omitted; T scores,Negative Valence,LOT,Panic Disorder,Panic Disorder T,34,-0.12021082463331847,-0.44047086311137157,0.22719043156364166,0.49828707177726006,-0.15174527276171973,0.39161057905065044,P4,-0.18987597852766588,-0.18987597852766588,-0.056649464847237346,0.9566959804789449,1.0,1.0,0.9290596810807656,1.0,1.0
P27 omitted; T scores,Negative Valence,LOT,Major Depression,Major Depression T,34,-0.18927998951715125,-0.495715903758292,0.1590672870080366,0.2836621471926478,-0.11911531223352023,0.5022387694179586,P26,-0.105706649246544,-0.242088585955865,-0.105706649246544,0.9566959804789449,1.0,1.0,0.9352730627777193,1.0,1.0
P27 omitted; T scores,Negative Valence,LOT,Separation Anxiety,Separation Anxiety T,34,-0.1967300784492176,-0.5015302879733005,0.15151554935387926,0.2647829610033067,-0.25082457314641116,0.1524788236721894,P23,-0.31435603533517364,-0.31435603533517364,-0.14032902276067682,0.9566959804789449,1.0,1.0,0.9290596810807656,1.0,1.0
P27 omitted; T scores,Negative Valence,LOT,Generalized Anxiety,Generalized Anxiety T,34,-0.3416168748770452,-0.6093845722807358,-0.003901941641240347,0.04799802914131639,-0.34335496969213997,0.04680012205175276,P16,-0.4394396263361223,-0.4394396263361223,-0.2719317629098381,0.9566959804789449,1.0,1.0,0.6190271581860716,1.0,1.0
P27 omitted; T scores,Negative Valence,LOT,Obsessive Compulsive,Obsessive Compulsive T,34,-0.24185266754460732,-0.5361672430583112,0.10489173447111129,0.16819075964669494,-0.30707499648142306,0.07730762349284596,P30,-0.35201178753657686,-0.35201178753657686,-0.17916721775892816,0.9566959804789449,1.0,1.0,0.732388012037488,1.0,1.0
P27 omitted; T scores,Negative Valence,ROT,Social Phobia,Social Phobia T,34,-0.09479186685106963,-0.41951002070689614,0.251433625643173,0.593856557772489,-0.025089901118849733,0.8879901694324561,P26,0.0011491531535314028,-0.16793945704888893,0.0011491531535314028,0.9566959804789449,1.0,1.0,0.953021148225614,1.0,1.0
P27 omitted; T scores,Negative Valence,ROT,Panic Disorder,Panic Disorder T,34,-0.1497128321352739,-0.4643685952837806,0.19850260464591832,0.39805865176548993,-0.046383676491942666,0.7944899236291281,P8,-0.0699557413813329,-0.2019711126080968,-0.0699557413813329,0.9566959804789449,1.0,1.0,0.9408433306134412,1.0,1.0
P27 omitted; T scores,Negative Valence,ROT,Major Depression,Major Depression T,34,-0.10020809783142912,-0.4240055444927106,0.24630409214950127,0.5728389050818472,-0.051749325880372544,0.7713144910153377,P26,0.048086273865033786,-0.18796501496396575,0.048086273865033786,0.9566959804789449,1.0,1.0,0.9352730627777193,1.0,1.0
P27 omitted; T scores,Negative Valence,ROT,Separation Anxiety,Separation Anxiety T,34,-0.34780803393757004,-0.613782617146028,-0.010927605702073247,0.04384006924643634,-0.3277420659500142,0.05846367605090676,P22,-0.398405358036251,-0.398405358036251,-0.30415751131386615,0.9566959804789449,1.0,1.0,0.6190271581860716,1.0,1.0
P27 omitted; T scores,Negative Valence,ROT,Generalized Anxiety,Generalized Anxiety T,34,-0.22334616739456498,-0.5220801862192128,0.12420011836464272,0.2041844465092792,-0.15430993266379073,0.38356076824146645,P26,-0.15088739364474824,-0.2818343724030576,-0.15088739364474824,0.9566959804789449,1.0,1.0,0.9290596810807656,1.0,1.0
P27 omitted; T scores,Negative Valence,ROT,Obsessive Compulsive,Obsessive Compulsive T,34,-0.17817859676055517,-0.4870006132939226,0.17024502587831425,0.31336497015332054,-0.3437452670095609,0.04653444735787775,P11,-0.34206393271881125,-0.34206393271881125,-0.10767342331962584,0.9566959804789449,1.0,1.0,0.6190271581860716,1.0,1.0
P27 omitted; T scores,Negative Valence,O,Social Phobia,Social Phobia T,34,-0.14135572835300675,-0.4576452252474293,0.20669009883075465,0.4252045499346445,-0.3862926849091194,0.024032891782625895,P4,-0.4133039304457691,-0.4133039304457691,-0.11849477822851726,0.9566959804789449,1.0,1.0,0.6190271581860716,1.0,1.0
P27 omitted; T scores,Negative Valence,O,Panic Disorder,Panic Disorder T,34,-0.20339646201247757,-0.5067097952689309,0.14472356974711978,0.2486053677958272,-0.11273383624200635,0.5255675672405199,P8,-0.17399748234485118,-0.22569320275437957,-0.17399748234485118,0.9566959804789449,1.0,1.0,0.9352730627777193,1.0,1.0
P27 omitted; T scores,Negative Valence,O,Major Depression,Major Depression T,34,-0.10077044409438152,-0.4244713847374473,0.24577039784564064,0.5706761428554794,-0.27558812599014965,0.11466719043545512,P4,-0.24840976728786462,-0.24840976728786462,-0.0751879624603045,0.9566959804789449,1.0,1.0,0.8600039282659134,1.0,1.0
P27 omitted; T scores,Negative Valence,O,Separation Anxiety,Separation Anxiety T,34,-0.21698713592356733,-0.5172018033351792,0.13077448003890216,0.2177001234107036,-0.42611065236418405,0.011978490845120144,P4,-0.4612751313539794,-0.4612751313539794,-0.1900929539475741,0.9566959804789449,1.0,1.0,0.4312256704243252,1.0,1.0
P27 omitted; T scores,Negative Valence,O,Generalized Anxiety,Generalized Anxiety T,34,-0.10619174405055427,-0.42895354605866065,0.24061451847260965,0.5500185310067379,-0.29540208225080256,0.08986028510408796,P4,-0.44606742645810543,-0.44606742645810543,-0.04752755337925306,0.9566959804789449,1.0,1.0,0.7702310151778968,1.0,1.0
P27 omitted; T scores,Negative Valence,O,Obsessive Compulsive,Obsessive Compulsive T,34,-0.11279768156817944,-0.43439373151692157,0.23430543444533197,0.5253315832720816,-0.43788617160070464,0.009596249509226003,P4,-0.2961629993788721,-0.2961629993788721,-0.08952720052744818,0.9566959804789449,1.0,1.0,0.4312256704243252,1.0,1.0
P27 omitted; T scores,Negative Valence,Frontal,Social Phobia,Social Phobia T,34,0.04838537561541008,-0.29460065883864633,0.3803280415397503,0.785822775678382,-0.06104189357573808,0.7316443546667435,P1,-0.07910687290969257,-0.07910687290969257,0.07108382461207392,0.9566959804789449,1.0,1.0,0.9352730627777193,1.0,1.0
P27 omitted; T scores,Negative Valence,Frontal,Panic Disorder,Panic Disorder T,34,-0.038698588884494636,-0.3719961458517437,0.3034380616884759,0.827981907712309,0.06650374808281846,0.7086352126915458,P1,0.10426034008048185,-0.05298123033639416,0.10426034008048185,0.967771060962439,1.0,1.0,0.9352730627777193,1.0,1.0
P27 omitted; T scores,Negative Valence,Frontal,Major Depression,Major Depression T,34,-0.07427586528958015,-0.4023358716593797,0.27068887364048627,0.6763297262223461,-0.050524489764860764,0.7765885198366953,P1,0.043805072688748024,-0.09734752033140154,0.043805072688748024,0.9566959804789449,1.0,1.0,0.9352730627777193,1.0,1.0
P27 omitted; T scores,Negative Valence,Frontal,Separation Anxiety,Separation Anxiety T,34,-0.11607781977810351,-0.43708633294041965,0.23116179597680472,0.5132774844763407,-0.17436674663446294,0.32399733542599507,P1,-0.09166794958156474,-0.1303443946545717,-0.09166794958156474,0.9566959804789449,1.0,1.0,0.9290596810807656,1.0,1.0
P27 omitted; T scores,Negative Valence,Frontal,Generalized Anxiety,Generalized Anxiety T,34,-0.07087849894398679,-0.3994694425508734,0.27385104600064986,0.6903854964449503,-0.19042829339684933,0.28069708582986247,P1,-0.37802593864614836,-0.37802593864614836,-0.022083396014763265,0.9566959804789449,1.0,1.0,0.9290596810807656,1.0,1.0
P27 omitted; T scores,Negative Valence,Frontal,Obsessive Compulsive,Obsessive Compulsive T,34,-0.20110937054265565,-0.5049352827646539,0.1470574531287619,0.2540795941670285,-0.23234776452282288,0.18606348089297178,P1,-0.08752394040764723,-0.24692557237264634,-0.08752394040764723,0.9566959804789449,1.0,1.0,0.9290596810807656,1.0,1.0
P27 omitted; T scores,Negative Valence,PO,Social Phobia,Social Phobia T,34,-0.06499443993135309,-0.39448969200059747,0.2793101856133372,0.714969197249427,-0.12942717284479802,0.46567613051538326,P23,-0.14418669102478002,-0.14418669102478002,-0.01990638630730454,0.9566959804789449,1.0,1.0,0.9352730627777193,1.0,1.0
P27 omitted; T scores,Negative Valence,PO,Panic Disorder,Panic Disorder T,34,0.11994308476149194,-0.22744805071038537,0.440251885535493,0.499251398080775,0.07095780973270699,0.6900561835284142,P4,0.02162764125892839,0.02162764125892839,0.16344456654994716,0.9566959804789449,1.0,1.0,0.9352730627777193,1.0,1.0
P27 omitted; T scores,Negative Valence,PO,Major Depression,Major Depression T,34,-0.08040897413684367,-0.4074942682455568,0.26496143751576995,0.6512281505506587,-0.06935634504085432,0.6967165113674156,P25,-0.01580914556358544,-0.13262449586941058,-0.01580914556358544,0.9566959804789449,1.0,1.0,0.9352730627777193,1.0,1.0
P27 omitted; T scores,Negative Valence,PO,Separation Anxiety,Separation Anxiety T,34,-0.20369345135771663,-0.5069400354950213,0.1444202198321368,0.24790032201805787,-0.3295807311166343,0.05698126275400681,P4,-0.34996188688441443,-0.34996188688441443,-0.1549259261122329,0.9566959804789449,1.0,1.0,0.6190271581860716,1.0,1.0
P27 omitted; T scores,Negative Valence,PO,Generalized Anxiety,Generalized Anxiety T,34,-0.23039684070134603,-0.5274664125719786,0.11687484600673179,0.18989124729171575,-0.17290704606251453,0.3281273956566474,P16,-0.1772137579798095,-0.2830047005754272,-0.1772137579798095,0.9566959804789449,1.0,1.0,0.9290596810807656,1.0,1.0
P27 omitted; T scores,Negative Valence,PO,Obsessive Compulsive,Obsessive Compulsive T,34,-0.16655609587273584,-0.47780984296182616,0.18185216269030668,0.34647285542385364,-0.3365036589640883,0.05166484297891878,P30,-0.32584771342250207,-0.32584771342250207,-0.1137109692809292,0.9566959804789449,1.0,1.0,0.6190271581860716,1.0,1.0
P27 omitted; T scores,Negative Valence,CP,Social Phobia,Social Phobia T,34,0.22928439226448455,-0.11803313641284396,0.5266181627267772,0.19209846214859727,0.1871033479777636,0.28933772089673293,P25,0.07098391608778233,0.07098391608778233,0.2777881578965986,0.9566959804789449,1.0,1.0,0.9290596810807656,1.0,1.0
P27 omitted; T scores,Negative Valence,CP,Panic Disorder,Panic Disorder T,34,0.09535833908932718,-0.2508980476623717,0.419980945123222,0.5916427097190092,0.2047332475621178,0.24544237599960375,P25,0.25486274381502066,0.04145882170442184,0.25486274381502066,0.9566959804789449,1.0,1.0,0.9290596810807656,1.0,1.0
P27 omitted; T scores,Negative Valence,CP,Major Depression,Major Depression T,34,-0.04970128275935402,-0.38145575102059964,0.2933955935576594,0.7801387061879879,0.1996482868284195,0.2576182404522342,P25,0.28405456311273675,-0.09491668996208934,0.28405456311273675,0.9566959804789449,1.0,1.0,0.9290596810807656,1.0,1.0
P27 omitted; T scores,Negative Valence,CP,Separation Anxiety,Separation Anxiety T,34,-0.16663089867881897,-0.4778692137376813,0.1817777679091445,0.34625322772738076,-0.09714280963642312,0.5846924858111924,P25,-0.015216832758958687,-0.2302118967386457,-0.015216832758958687,0.9566959804789449,1.0,1.0,0.9352730627777193,1.0,1.0
P27 omitted; T scores,Negative Valence,CP,Generalized Anxiety,Generalized Anxiety T,34,-0.05719588470347442,-0.3878597213275394,0.2865114270922773,0.7479868226235007,0.10082401974845291,0.5704702863402993,P25,0.02301439184166587,-0.0826472267681078,0.02301439184166587,0.9566959804789449,1.0,1.0,0.9352730627777193,1.0,1.0
P27 omitted; T scores,Negative Valence,CP,Obsessive Compulsive,Obsessive Compulsive T,34,-0.061150246620855206,-0.3912258185212623,0.2828647881845449,0.7311855775624044,-0.03497542609196339,0.8443192577312635,P25,0.11670203833276194,-0.1424020712740288,0.11670203833276194,0.9566959804789449,1.0,1.0,0.9510480752684793,1.0,1.0
