Variant,Condition,ROI,RCADS Scale,Score Column,N,Pearson r,Pearson CI 95% Low,Pearson CI 95% High,Pearson p,Spearman rho,Spearman p,Most Influential PID,Pearson r Without Most Influential PID,Leave-One-Out r Minimum,Leave-One-Out r Maximum,Pearson q (BH-FDR),Pearson q (BY-FDR),Pearson p (Holm),Spearman q (BH-FDR),Spearman q (BY-FDR),Spearman p (Holm)
All 35 participants,Neutral Angry,LOT,Social Phobia,Social Phobia Raw,35,-0.046910583211778614,-0.3743056856822056,0.2908832784852369,0.7890110986275851,0.11908482214793834,0.49564373146755625,P25,0.25078359322403965,-0.10402142022463773,0.25078359322403965,0.9462356992894889,1.0,1.0,0.9804540937228138,1.0,1.0
All 35 participants,Neutral Angry,LOT,Panic Disorder,Panic Disorder Raw,35,0.0972325049309158,-0.24391755283767963,0.41696827810474835,0.5784407822555797,0.11926761418896255,0.4949775830163293,P8,0.006809435229506597,0.006809435229506597,0.17133118412133444,0.8555444119083815,1.0,1.0,0.9804540937228138,1.0,1.0
All 35 participants,Neutral Angry,LOT,Major Depression,Major Depression Raw,35,0.10934109867730751,-0.23237253000974206,0.4270277993046071,0.5318022619333566,0.007737291976233877,0.9648146322293657,P25,-0.12290330248971906,-0.12290330248971906,0.2004665093595793,0.8396877820000367,1.0,1.0,0.9804540937228138,1.0,1.0
All 35 participants,Neutral Angry,LOT,Separation Anxiety,Separation Anxiety Raw,35,0.09704105109671071,-0.24409932258619543,0.4168085914429836,0.579192671526045,0.19424595216277432,0.26351115802668595,P27,0.31313253389011664,0.017699646192611045,0.31313253389011664,0.8555444119083815,1.0,1.0,0.9677962075942814,1.0,1.0
All 35 participants,Neutral Angry,LOT,Generalized Anxiety,Generalized Anxiety Raw,35,0.09916608739347182,-0.24208043006197882,0.41857992337548583,0.5708717486530265,0.06007772999800814,0.7317290075329385,P27,0.2409215841308931,0.028590066393427618,0.2409215841308931,0.8555444119083815,1.0,1.0,0.9804540937228138,1.0,1.0
All 35 participants,Neutral Angry,LOT,Obsessive Compulsive,Obsessive Compulsive Raw,35,0.1905148602646562,-0.15240781552681237,0.49249375501526865,0.27297092209120327,0.17861993719448285,0.30459097155416703,P30,0.2626005231704102,0.15349573260225938,0.2626005231704102,0.7108273625444959,1.0,1.0,0.9677962075942814,1.0,1.0
All 35 participants,Neutral Angry,ROT,Social Phobia,Social Phobia Raw,35,-0.22630932404305584,-0.5203153498055896,0.1156599217298706,0.19111869304007362,0.05027401689736075,0.7742618150205295,P27,0.1167309567985236,-0.2644162595103997,0.1167309567985236,0.6357688508447555,1.0,1.0,0.9804540937228138,1.0,1.0
All 35 participants,Neutral Angry,ROT,Panic Disorder,Panic Disorder Raw,35,-0.19126636147580817,-0.4930842791327831,0.1516459202636769,0.2710479925155753,0.13030305180075266,0.4556212150661364,P27,0.07008196548399856,-0.22943093271301976,0.07008196548399856,0.7108273625444959,1.0,1.0,0.9804540937228138,1.0,1.0
All 35 participants,Neutral Angry,ROT,Major Depression,Major Depression Raw,35,-0.2933724594521643,-0.5708132427645136,0.044194806171999966,0.0871830308652857,-0.01617797413212538,0.9265072402794512,P27,0.08832990408699247,-0.3343750177491683,0.08832990408699247,0.49040454861723204,1.0,1.0,0.9804540937228138,1.0,1.0
All 35 participants,Neutral Angry,ROT,Separation Anxiety,Separation Anxiety Raw,35,-0.5723434882191435,-0.7605325302760111,-0.29544822346452604,0.0003274823790717373,-0.04101380808128959,0.8150415101034002,P27,0.09305077358047882,-0.6340349133543345,0.09305077358047882,0.011789365646582544,0.0680593915480882,0.057636898716625765,0.9804540937228138,1.0,1.0
All 35 participants,Neutral Angry,ROT,Generalized Anxiety,Generalized Anxiety Raw,35,-0.427176363762613,-0.6656624927823066,-0.10952063425478155,0.010485191357537602,0.01459435422121424,0.933684575019829,P27,0.10233725181392839,-0.530992998064283,0.10233725181392839,0.17157585857788804,0.9904984618520907,1.0,0.9804540937228138,1.0,1.0
All 35 participants,Neutral Angry,ROT,Obsessive Compulsive,Obsessive Compulsive Raw,35,-0.04293855407764059,-0.3708781568156791,0.2945223475018815,0.8065221417285655,-0.04711011889352495,0.7881340272593126,P30,-0.08986817839077905,-0.08986817839077905,0.003324902249807086,0.9482816812643495,1.0,1.0,0.9804540937228138,1.0,1.0
All 35 participants,Neutral Angry,O,Social Phobia,Social Phobia Raw,35,-0.00682264428034276,-0.33929775378877325,0.32716775629471934,0.9689718620346186,-0.08467941952264954,0.6286367180060568,P4,-0.09516643125456091,-0.09516643125456091,0.03871894434170785,0.9793845959792696,1.0,1.0,0.9804540937228138,1.0,1.0
All 35 participants,Neutral Angry,O,Panic Disorder,Panic Disorder Raw,35,0.0269806593426068,-0.30904457031086674,0.357017186867969,0.8777275382539979,-0.14897840775916674,0.3930271984820194,P4,-0.20813665629016637,-0.20813665629016637,0.07400998106200884,0.9793845959792696,1.0,1.0,0.9801851177210915,1.0,1.0
All 35 participants,Neutral Angry,O,Major Depression,Major Depression Raw,35,-0.06808624528281981,-0.3924287748130446,0.27131633283157497,0.6975525113390711,-0.1931509433339839,0.26626477211038474,P4,-0.20569978742989584,-0.20569978742989584,-0.04142911398635499,0.9053592936229887,1.0,1.0,0.9677962075942814,1.0,1.0
All 35 participants,Neutral Angry,O,Separation Anxiety,Separation Anxiety Raw,35,0.022658064197274258,-0.3129514899377579,0.3532374114051471,0.8972032688952347,-0.09669574891387372,0.5805498686440236,P4,-0.10678534796206868,-0.10678534796206868,0.09767047481780265,0.9793845959792696,1.0,1.0,0.9804540937228138,1.0,1.0
All 35 participants,Neutral Angry,O,Generalized Anxiety,Generalized Anxiety Raw,35,-0.09048575519834523,-0.4113290565474231,0.25030861156811396,0.6051965974084774,-0.17244008822541487,0.3218977579822771,P16,-0.20020189922274775,-0.20020189922274775,-0.013753553335371146,0.8555444119083815,1.0,1.0,0.9677962075942814,1.0,1.0
All 35 participants,Neutral Angry,O,Obsessive Compulsive,Obsessive Compulsive Raw,35,-0.1377121252845623,-0.45029374865235544,0.20493952225393286,0.430172120843103,-0.2590344905927959,0.132943701952812,P4,-0.2915066165906692,-0.2915066165906692,-0.046008545471388815,0.8237338484229632,1.0,1.0,0.7408551343847037,1.0,1.0
All 35 participants,Neutral Angry,Frontal,Social Phobia,Social Phobia Raw,35,-0.06199313424528037,-0.38723969481242043,0.276975445425284,0.7235057868805558,-0.03187765875894104,0.8557493553576966,P27,-0.008817402589512423,-0.09686529134641321,-0.008817402589512423,0.9110680839087415,1.0,1.0,0.9804540937228138,1.0,1.0
All 35 participants,Neutral Angry,Frontal,Panic Disorder,Panic Disorder Raw,35,0.010961018545020967,-0.32346706112162227,0.34295484455209363,0.9501702384534324,0.08941534064937645,0.609489703540491,P1,-0.13922960429194264,-0.13922960429194264,0.05694785269838376,0.9793845959792696,1.0,1.0,0.9804540937228138,1.0,1.0
All 35 participants,Neutral Angry,Frontal,Major Depression,Major Depression Raw,35,0.04572254841003331,-0.2919727502790694,0.3732814478701432,0.7942384250017075,0.10691530730795902,0.5409981035368909,P1,-0.09872928572795979,-0.09872928572795979,0.12026551771940172,0.9462356992894889,1.0,1.0,0.9804540937228138,1.0,1.0
All 35 participants,Neutral Angry,Frontal,Separation Anxiety,Separation Anxiety Raw,35,-0.004432482519192749,-0.3371809738652488,0.3293004748953005,0.9798390787640544,0.006693225624377121,0.9695601593481159,P1,-0.21682676875549245,-0.21682676875549245,0.15392811491019595,0.9798390787640544,1.0,1.0,0.9804540937228138,1.0,1.0
All 35 participants,Neutral Angry,Frontal,Generalized Anxiety,Generalized Anxiety Raw,35,0.020595906822256493,-0.31481135009235867,0.35143040361286304,0.9065160116905203,0.10754480440681173,0.5386045059964233,P16,-0.1022463950279596,-0.1022463950279596,0.13227402850363326,0.9793845959792696,1.0,1.0,0.9804540937228138,1.0,1.0
All 35 participants,Neutral Angry,Frontal,Obsessive Compulsive,Obsessive Compulsive Raw,35,0.14248873753212762,-0.2002672741245969,0.45416954994582054,0.4141920031350279,0.03899750023210223,0.8239885610154447,P1,-0.02548450224734264,-0.02548450224734264,0.20192878315841484,0.8191960886408518,1.0,1.0,0.9804540937228138,1.0,1.0
All 35 participants,Neutral Angry,PO,Social Phobia,Social Phobia Raw,35,0.22207366727598293,-0.12005778775413098,0.5170553823244464,0.19978220961086776,0.11290589269686606,0.518427208935808,P13,0.15098527230640274,0.15098527230640274,0.2678611616105207,0.6357688508447555,1.0,1.0,0.9804540937228138,1.0,1.0
All 35 participants,Neutral Angry,PO,Panic Disorder,Panic Disorder Raw,35,0.12308561263725612,-0.21914999464774532,0.43835190238417104,0.48116862802015276,0.08021914263955134,0.6468901107713951,P13,0.020919861160752444,0.020919861160752444,0.21120160723403486,0.8262747003947434,1.0,1.0,0.9804540937228138,1.0,1.0
All 35 participants,Neutral Angry,PO,Major Depression,Major Depression Raw,35,0.1189084947347363,-0.2231818179478279,0.43492092994243414,0.49628675312806386,0.1484153279077589,0.3948384018026827,P13,0.053170206783887175,0.053170206783887175,0.17388618303475972,0.8262747003947434,1.0,1.0,0.9801851177210915,1.0,1.0
All 35 participants,Neutral Angry,PO,Separation Anxiety,Separation Anxiety Raw,35,0.08203917844367095,-0.2582682317428652,0.4042342525252474,0.6394164628981956,0.04713739748231546,0.7880141424209496,P27,0.20444576711455367,0.027712591685288196,0.20444576711455367,0.885345871705194,1.0,1.0,0.9804540937228138,1.0,1.0
All 35 participants,Neutral Angry,PO,Generalized Anxiety,Generalized Anxiety Raw,35,0.22832757363652914,-0.11355965401638306,0.5218656844621853,0.18708475074413655,0.10315232886450454,0.5554112145343826,P16,0.0347185840914876,0.0347185840914876,0.32969156037955166,0.635382172338577,1.0,1.0,0.9804540937228138,1.0,1.0
All 35 participants,Neutral Angry,PO,Obsessive Compulsive,Obsessive Compulsive Raw,35,0.02191010746226933,-0.31362636987690845,0.35258228389923363,0.9005795608867059,0.003985146009119936,0.9818734134920108,P30,0.11562466102837246,-0.06238688472495137,0.11562466102837246,0.9793845959792696,1.0,1.0,0.9873587398243684,1.0,1.0
All 35 participants,Neutral Angry,CP,Social Phobia,Social Phobia Raw,35,-0.20402848376363095,-0.5030703744729406,0.13864476623994762,0.239743405021276,-0.18017196558467558,0.300338876162996,P25,-0.0352605663316508,-0.26923307313058015,-0.0352605663316508,0.6824974599040786,1.0,1.0,0.9677962075942814,1.0,1.0
All 35 participants,Neutral Angry,CP,Panic Disorder,Panic Disorder Raw,35,0.02377091124891382,-0.31194674252706805,0.35421154284843376,0.8921831556025924,-0.014289476907574402,0.935066957879652,P35,0.06909498547568836,-0.014782642214342228,0.06909498547568836,0.9793845959792696,1.0,1.0,0.9804540937228138,1.0,1.0
All 35 participants,Neutral Angry,CP,Major Depression,Major Depression Raw,35,0.19136159292181523,-0.15154934256779354,0.49315909145212605,0.270804949299851,0.06105426759428186,0.7275327946115779,P25,0.02608232052721905,0.02608232052721905,0.23566443446883317,0.7108273625444959,1.0,1.0,0.9804540937228138,1.0,1.0
All 35 participants,Neutral Angry,CP,Separation Anxiety,Separation Anxiety Raw,35,0.08912330473707675,-0.2515956386809606,0.4101872735944342,0.6106632082688566,-0.013528860304592051,0.9385165715092536,P27,0.18658465232306795,0.0035451447015437277,0.18658465232306795,0.8555444119083815,1.0,1.0,0.9804540937228138,1.0,1.0
All 35 participants,Neutral Angry,CP,Generalized Anxiety,Generalized Anxiety Raw,35,0.15978849327778727,-0.1832140072187849,0.4681087331135758,0.3591948442146004,0.04279121334763787,0.8071735455299649,P27,0.2316521408582447,0.10909570006476779,0.2316521408582447,0.7606479053956244,1.0,1.0,0.9804540937228138,1.0,1.0
All 35 participants,Neutral Angry,CP,Obsessive Compulsive,Obsessive Compulsive Raw,35,0.16575288761123833,-0.17728634796788198,0.47287920360726904,0.34130048301778115,0.04967199847081633,0.7768962364364088,P30,0.24324290781242222,0.10894838549218888,0.24324290781242222,0.7606479053956244,1.0,1.0,0.9804540937228138,1.0,1.0
All 35 participants,Neutral Happy,LOT,Social Phobia,Social Phobia Raw,35,0.250605155808527,-0.09017194570527245,0.5388505144987841,0.1464895197884311,0.2498253521240357,0.1477917106934293,P20,0.1609973698257866,0.1609973698257866,0.2994660874870243,0.5780340161155546,1.0,1.0,0.7408551343847037,1.0,1.0
All 35 participants,Neutral Happy,LOT,Panic Disorder,Panic Disorder Raw,35,0.30555249451359484,-0.030833667006057077,0.579764878619336,0.07426339100326322,0.4068963919424156,0.015274207671225434,P7,0.3613756941731144,0.25107399643627654,0.3613756941731144,0.49040454861723204,1.0,1.0,0.27493573808205785,1.0,1.0
All 35 participants,Neutral Happy,LOT,Major Depression,Major Depression Raw,35,-0.014992158632205843,-0.3465075221379413,0.31985239570342666,0.9318811269922692,-0.027432217006647386,0.8756968837119573,P27,-0.141789363957753,-0.141789363957753,0.05836613353665931,0.9793845959792696,1.0,1.0,0.9804540937228138,1.0,1.0
All 35 participants,Neutral Happy,LOT,Separation Anxiety,Separation Anxiety Raw,35,0.30003516282142356,-0.03690094818170072,0.5757181372197739,0.07991724948368055,0.04400439825388362,0.8018138062545277,P27,0.13048185861348435,0.13048185861348435,0.3711564168423478,0.49040454861723204,1.0,1.0,0.9804540937228138,1.0,1.0
All 35 participants,Neutral Happy,LOT,Generalized Anxiety,Generalized Anxiety Raw,35,0.13532414686929073,-0.20726948548881005,0.4483516872882582,0.4382872421015309,0.09139182983187558,0.6015727453707312,P27,-0.02712146792906449,-0.02712146792906449,0.23954074793934305,0.8262747003947434,1.0,1.0,0.9804540937228138,1.0,1.0
All 35 participants,Neutral Happy,LOT,Obsessive Compulsive,Obsessive Compulsive Raw,35,0.1797821883955702,-0.16324463495133915,0.48402964880350324,0.3014031835431444,0.1806125101990428,0.2991388253434057,P20,0.08264906698223556,0.08264906698223556,0.22020569511964908,0.7233676405035465,1.0,1.0,0.9677962075942814,1.0,1.0
All 35 participants,Neutral Happy,ROT,Social Phobia,Social Phobia Raw,35,0.29646230030132753,-0.04081673512230319,0.5730903613148867,0.08375277945354655,0.12849364653934384,0.46195663153872113,P27,0.08014566458382,0.08014566458382,0.325198743850038,0.49040454861723204,1.0,1.0,0.9804540937228138,1.0,1.0
All 35 participants,Neutral Happy,ROT,Panic Disorder,Panic Disorder Raw,35,0.21818349939828866,-0.12408513876731271,0.5140537618078561,0.20797672716512067,0.08375614187409944,0.6323979031815732,P27,-0.040002325363375724,-0.040002325363375724,0.31698250528367966,0.6454450153400296,1.0,1.0,0.9804540937228138,1.0,1.0
All 35 participants,Neutral Happy,ROT,Major Depression,Major Depression Raw,35,0.3292497143458148,-0.004489414772297338,0.59699335430714,0.05343828426478058,0.013083057341631827,0.9405389309428918,P27,-0.04935327516057078,-0.04935327516057078,0.3591652513083738,0.4372223258027502,1.0,1.0,0.9804540937228138,1.0,1.0
All 35 participants,Neutral Happy,ROT,Separation Anxiety,Separation Anxiety Raw,35,0.6088160961790916,0.3457090244705036,0.7831687708801206,0.00010410545561822416,-0.13244042192916428,0.44819795384349037,P27,-0.11219760912502866,-0.11219760912502866,0.6622170029522363,0.00624632733709345,0.036059721168797805,0.0185307711000439,0.9804540937228138,1.0,1.0
All 35 participants,Neutral Happy,ROT,Generalized Anxiety,Generalized Anxiety Raw,35,0.4794142521072639,0.1739601236446595,0.7007127288214963,0.0035683687268506644,0.009351722122331454,0.9574790642843027,P27,-0.013037211842038418,-0.013037211842038418,0.5653745401441631,0.07136737453701328,0.41200012222724125,0.6137594210183143,0.9804540937228138,1.0,1.0
All 35 participants,Neutral Happy,ROT,Obsessive Compulsive,Obsessive Compulsive Raw,35,0.049873094866704104,-0.28816272470487586,0.37685627437978764,0.7760159685613118,-0.04639848567761068,0.7912632198942352,P30,0.10514813621747815,0.016691836965942133,0.10514813621747815,0.9462356992894889,1.0,1.0,0.9804540937228138,1.0,1.0
All 35 participants,Neutral Happy,O,Social Phobia,Social Phobia Raw,35,0.16072794546347335,-0.18228199312570084,0.4688613245483307,0.3563396317943764,0.19955133522667495,0.2504357022013421,P4,0.21851142723328576,0.11762712522204438,0.21851142723328576,0.7606479053956244,1.0,1.0,0.9591154552391824,1.0,1.0
All 35 participants,Neutral Happy,O,Panic Disorder,Panic Disorder Raw,35,0.2611169422429309,-0.07900426239467548,0.5467843274867153,0.12974454140800587,0.3596420821688527,0.03383953706321863,P24,0.29884053019575196,0.23055108460882404,0.29884053019575196,0.5780340161155546,1.0,1.0,0.4216344935846281,1.0,1.0
All 35 participants,Neutral Happy,O,Major Depression,Major Depression Raw,35,0.05709192473785264,-0.2815105513586376,0.3830506673336247,0.7446061853464344,0.021101705389728758,0.9042306327852233,P27,-0.0034476182924680163,-0.0034476182924680163,0.08846640086831517,0.928849892856241,1.0,1.0,0.9804540937228138,1.0,1.0
All 35 participants,Neutral Happy,O,Separation Anxiety,Separation Anxiety Raw,35,0.1632096208329198,-0.17981699801736065,0.4708472352537936,0.34886312374308864,0.0068356346802149305,0.9689128125656853,P27,0.0685452203623189,0.0685452203623189,0.19753307952548743,0.7606479053956244,1.0,1.0,0.9804540937228138,1.0,1.0
All 35 participants,Neutral Happy,O,Generalized Anxiety,Generalized Anxiety Raw,35,0.13976843602838554,-0.20293005226583224,0.45196370945398784,0.42325131246444014,0.12809025452405506,0.46337542487399264,P4,0.23229159132734936,0.06320700940995033,0.23229159132734936,0.8191960886408518,1.0,1.0,0.9804540937228138,1.0,1.0
All 35 participants,Neutral Happy,O,Obsessive Compulsive,Obsessive Compulsive Raw,35,0.10956581948755167,-0.23215735439723748,0.4272137515311331,0.5309542163481747,0.07301356795280455,0.676807287621443,P29,0.02731696888694335,0.02731696888694335,0.16758373589841358,0.8396877820000367,1.0,1.0,0.9804540937228138,1.0,1.0
All 35 participants,Neutral Happy,Frontal,Social Phobia,Social Phobia Raw,35,0.11118135782485519,-0.23060945219092305,0.42854978846216873,0.524876869819312,0.03805658821001331,0.8281712604645066,P20,-0.005953057051690967,-0.005953057051690967,0.17013148189578417,0.8396877820000367,1.0,1.0,0.9804540937228138,1.0,1.0
All 35 participants,Neutral Happy,Frontal,Panic Disorder,Panic Disorder Raw,35,0.04463225180807593,-0.2929718219460199,0.37234076966271995,0.7990434794000129,0.10950549630160976,0.5311817981599188,P8,0.1985745136803981,-0.06733560317909199,0.1985745136803981,0.9462356992894889,1.0,1.0,0.9804540937228138,1.0,1.0
All 35 participants,Neutral Happy,Frontal,Major Depression,Major Depression Raw,35,-0.007400935248198336,-0.33980939562948176,0.3266512410592302,0.9663433306192254,-0.02124238342566028,0.9035951327587423,P8,0.04507148090576381,-0.0588429436758084,0.04507148090576381,0.9793845959792696,1.0,1.0,0.9804540937228138,1.0,1.0
All 35 participants,Neutral Happy,Frontal,Separation Anxiety,Separation Anxiety Raw,35,-0.15797122033878458,-0.46665165241783274,0.1850151436477225,0.36475672981666296,-0.2170314010968241,0.2104475599398979,P20,-0.3208931948868723,-0.3208931948868723,-0.09238371440119206,0.7634443182209224,1.0,1.0,0.8234904519387309,1.0,1.0
All 35 participants,Neutral Happy,Frontal,Generalized Anxiety,Generalized Anxiety Raw,35,0.01329398124447452,-0.32137631609472844,0.3450120625723011,0.9395820404750407,0.023095919786970107,0.8952275994421437,P20,-0.06755980509909867,-0.06755980509909867,0.09372817856984617,0.9793845959792696,1.0,1.0,0.9804540937228138,1.0,1.0
All 35 participants,Neutral Happy,Frontal,Obsessive Compulsive,Obsessive Compulsive Raw,35,0.18607591615797578,-0.15689985606682158,0.4889999843620149,0.28451038103473025,0.09037741842111283,0.6056305148726114,P11,0.10012743243386732,0.10012743243386732,0.24523359780542,0.7108273625444959,1.0,1.0,0.9804540937228138,1.0,1.0
All 35 participants,Neutral Happy,PO,Social Phobia,Social Phobia Raw,35,0.12987378552817555,-0.21257291261885872,0.44390799633241024,0.457120005672107,0.05504864420046206,0.7534580902970247,P20,0.016117892140619924,0.016117892140619924,0.19246637096291966,0.8262747003947434,1.0,1.0,0.9804540937228138,1.0,1.0
All 35 participants,Neutral Happy,PO,Panic Disorder,Panic Disorder Raw,35,0.2572860882675841,-0.08308405853615516,0.5438989040317715,0.13567434264702982,0.3682723603011501,0.029498965221898096,P8,0.3232988069683376,0.20047698672479733,0.3232988069683376,0.5780340161155546,1.0,1.0,0.4216344935846281,1.0,1.0
All 35 participants,Neutral Happy,PO,Major Depression,Major Depression Raw,35,0.08850767297708273,-0.2521767949265846,0.40967102148137724,0.6131401618676734,0.10775937552354818,0.5377897807176127,P27,0.018569432871395473,0.018569432871395473,0.1384283678387643,0.8555444119083815,1.0,1.0,0.9804540937228138,1.0,1.0
All 35 participants,Neutral Happy,PO,Separation Anxiety,Separation Anxiety Raw,35,0.19445940126327033,-0.14840416719488483,0.49559024882733577,0.2629765889024459,-0.01552258708632141,0.9294769475731803,P27,0.08305200376808075,0.08305200376808075,0.23774774297402493,0.7108273625444959,1.0,1.0,0.9804540937228138,1.0,1.0
All 35 participants,Neutral Happy,PO,Generalized Anxiety,Generalized Anxiety Raw,35,0.22133204014252086,-0.12082643741126801,0.5164837082898655,0.20132680276750592,0.25306326834066634,0.1424395207058863,P27,0.14075503978495385,0.14075503978495385,0.28771232724150114,0.6357688508447555,1.0,1.0,0.7408551343847037,1.0,1.0
All 35 participants,Neutral Happy,PO,Obsessive Compulsive,Obsessive Compulsive Raw,35,0.2489469376121781,-0.09192583956585312,0.5375942807065617,0.14926865090319874,0.22928822216757916,0.18518588583296688,P20,0.18711190657756166,0.18711190657756166,0.2904395851405699,0.5780340161155546,1.0,1.0,0.7616990207498406,1.0,1.0
All 35 participants,Neutral Happy,CP,Social Phobia,Social Phobia Raw,35,0.07139144884255244,-0.26823670267493205,0.395234976403018,0.6836119112317399,0.2266543666825147,0.19042475518746016,P25,0.31196909653541294,-0.07980128579970447,0.31196909653541294,0.9053592936229887,1.0,1.0,0.7616990207498406,1.0,1.0
All 35 participants,Neutral Happy,CP,Panic Disorder,Panic Disorder Raw,35,0.2219618398947158,-0.1201737160363185,0.5169691984267035,0.20001458343912037,0.5033857310608882,0.0020526046535295044,P8,0.30477444700802875,0.1522208773520962,0.30477444700802875,0.6357688508447555,1.0,1.0,0.18473441881765537,1.0,0.3674162329817813
All 35 participants,Neutral Happy,CP,Major Depression,Major Depression Raw,35,0.25574206704025143,-0.08472519590913956,0.5427340180027835,0.1381199338529799,0.4708493862628143,0.004307430556926399,P20,0.37554312683667523,0.15377120240949355,0.37554312683667523,0.5780340161155546,1.0,1.0,0.20385077956202888,1.0,0.7667226391328991
All 35 participants,Neutral Happy,CP,Separation Anxiety,Separation Anxiety Raw,35,0.18805047445977088,-0.15490342979545638,0.49055530587185725,0.27933905156815364,0.15593791614240313,0.37104023615388004,P20,0.10809613770061918,0.10809613770061918,0.21531721367537537,0.7108273625444959,1.0,1.0,0.9801851177210915,1.0,1.0
All 35 participants,Neutral Happy,CP,Generalized Anxiety,Generalized Anxiety Raw,35,0.24690984417993755,-0.09407757774556766,0.536049262452733,0.15273504491395942,0.5215710474591225,0.0013129012339561361,P25,0.2692598545978937,0.23119944827250172,0.2692598545978937,0.5780340161155546,1.0,1.0,0.18473441881765537,1.0,0.23632222211210452
All 35 participants,Neutral Happy,CP,Obsessive Compulsive,Obsessive Compulsive Raw,35,0.2891611363940362,-0.048786577925660136,0.5677027383376365,0.09203117096064285,0.42128686382125036,0.011722431190999078,P20,0.24018449048580648,0.24018449048580648,0.323887923041545,0.5019882052398701,1.0,1.0,0.26375470179747923,1.0,1.0
All 35 participants,Neutral Sad,LOT,Social Phobia,Social Phobia Raw,35,-0.37479647804653504,-0.6294277311099533,-0.04748019195148503,0.026530052855460055,-0.24336556224336925,0.15890470758167588,P27,-0.30291245454838084,-0.42032858309273163,-0.30291245454838084,0.2984630946239256,1.0,1.0,0.752706509597412,1.0,1.0
All 35 participants,Neutral Sad,LOT,Panic Disorder,Panic Disorder Raw,35,-0.31151541659287185,-0.5841232841344123,0.02424838794426502,0.06850862696637985,-0.31139741260961634,0.06861901607708192,P35,-0.37469843161373295,-0.37469843161373295,-0.25049745184165817,0.49040454861723204,1.0,1.0,0.5542841576346338,1.0,1.0
All 35 participants,Neutral Sad,LOT,Major Depression,Major Depression Raw,35,-0.29728213810687293,-0.5736938405534099,0.0399191240235534,0.08286035080817533,-0.2471713091316895,0.15228688873463353,P20,-0.4000257062460295,-0.4000257062460295,-0.19532407758522144,0.49040454861723204,1.0,1.0,0.7408551343847037,1.0,1.0
All 35 participants,Neutral Sad,LOT,Separation Anxiety,Separation Anxiety Raw,35,-0.4798153896357712,-0.7009778109050113,-0.17446529030433017,0.0035366334498691905,-0.2983469719802142,0.08171222431136155,P27,-0.3439170247927417,-0.5121286245989383,-0.3439170247927417,0.07136737453701328,0.41200012222724125,0.61183758682737,0.5883280150418031,1.0,1.0
All 35 participants,Neutral Sad,LOT,Generalized Anxiety,Generalized Anxiety Raw,35,-0.4152564214825975,-0.6575143153681758,-0.09518133323624704,0.013115006021717748,-0.36415039173320973,0.031511376550878246,P27,-0.290437261647074,-0.4508637445277462,-0.290437261647074,0.1863688555551051,1.0,1.0,0.4216344935846281,1.0,1.0
All 35 participants,Neutral Sad,LOT,Obsessive Compulsive,Obsessive Compulsive Raw,35,-0.2705708792062046,-0.5538761755730516,0.06888698508802404,0.11593440862574873,-0.3841396099505252,0.022710640578907287,P11,-0.36256118435675166,-0.36256118435675166,-0.2145470631275123,0.536957034241062,1.0,1.0,0.3716286640184829,1.0,1.0
All 35 participants,Neutral Sad,ROT,Social Phobia,Social Phobia Raw,35,0.3334190914180991,0.00019411513853393142,0.5999992619232433,0.05031078730844411,0.2758049418614987,0.10877881563041972,P27,0.19458970306779033,0.19458970306779033,0.373673624736967,0.4320140211016961,1.0,1.0,0.701117441084541,1.0,1.0
All 35 participants,Neutral Sad,ROT,Panic Disorder,Panic Disorder Raw,35,0.1896379862286855,-0.15329630269180985,0.49180436217186196,0.27522587518908387,-0.04046327124323048,0.8174821992445542,P27,-0.08344381449080783,-0.08344381449080783,0.26914674248365356,0.7108273625444959,1.0,1.0,0.9804540937228138,1.0,1.0
All 35 participants,Neutral Sad,ROT,Major Depression,Major Depression Raw,35,0.33329509923191547,5.462144508491466e-05,0.5999099783622538,0.05040163579519788,0.07441868100777675,0.6709332295725705,P27,0.02272899499596856,0.02272899499596856,0.37687033645587037,0.4320140211016961,1.0,1.0,0.9804540937228138,1.0,1.0
All 35 participants,Neutral Sad,ROT,Separation Anxiety,Separation Anxiety Raw,35,0.5926118751858659,0.32319097893948845,0.7731685616733636,0.00017618879840571014,0.1053827013199802,0.5468467833438515,P27,-0.038326520811588764,-0.038326520811588764,0.6461930042819182,0.007928495928256956,0.04577079250443664,0.031185417317810694,0.9804540937228138,1.0,1.0
All 35 participants,Neutral Sad,ROT,Generalized Anxiety,Generalized Anxiety Raw,35,0.4138464923639194,0.09349397418359787,0.6565467603207671,0.013459972901202034,-0.06617051865346651,0.7056777608165576,P27,-0.1635309543213693,-0.1635309543213693,0.4793573034303491,0.1863688555551051,1.0,1.0,0.9804540937228138,1.0,1.0
All 35 participants,Neutral Sad,ROT,Obsessive Compulsive,Obsessive Compulsive Raw,35,-0.005729030357727946,-0.33832964287564704,0.3281440000234195,0.9739435704460515,-0.040563093307113635,0.8170395331595169,P27,-0.1454503679697349,-0.1454503679697349,0.04990926802666726,0.9793845959792696,1.0,1.0,0.9804540937228138,1.0,1.0
All 35 participants,Neutral Sad,O,Social Phobia,Social Phobia Raw,35,-0.1218891057791531,-0.4373700618599551,0.220306078554029,0.48547451062863034,-0.057435957852012706,0.7431188891411139,P29,-0.06486317336465706,-0.16779188171362186,-0.06486317336465706,0.8262747003947434,1.0,1.0,0.9804540937228138,1.0,1.0
All 35 participants,Neutral Sad,O,Panic Disorder,Panic Disorder Raw,35,0.10189481766261704,-0.23948365691701523,0.42085090841914,0.5602673203962719,-0.013016157183137077,0.9408424515190807,P35,-0.09724025834598554,-0.09724025834598554,0.15460831952094423,0.8555444119083815,1.0,1.0,0.9804540937228138,1.0,1.0
All 35 participants,Neutral Sad,O,Major Depression,Major Depression Raw,35,0.008969188246100754,-0.3252495111626114,0.3411959149383392,0.9592169145243445,-0.01758475449144063,0.9201361467314447,P35,-0.07396862513953377,-0.07396862513953377,0.07854675196827851,0.9793845959792696,1.0,1.0,0.9804540937228138,1.0,1.0
All 35 participants,Neutral Sad,O,Separation Anxiety,Separation Anxiety Raw,35,0.01758375845280713,-0.31752338638665095,0.3487865093757558,0.9201406559558178,0.08701193311690257,0.6191757108977032,P27,-0.07224259253662026,-0.07224259253662026,0.06492919542008645,0.9793845959792696,1.0,1.0,0.9804540937228138,1.0,1.0
All 35 participants,Neutral Sad,O,Generalized Anxiety,Generalized Anxiety Raw,35,-0.037110741115943924,-0.36583301912800414,0.29984398183637423,0.8323805868875956,-0.008501565565755868,0.9613415732702579,P29,0.1185122898613884,-0.11567220358478372,0.1185122898613884,0.9482816812643495,1.0,1.0,0.9804540937228138,1.0,1.0
All 35 participants,Neutral Sad,O,Obsessive Compulsive,Obsessive Compulsive Raw,35,-0.23930511212354244,-0.5302643467571011,0.10208224679582528,0.16619161921046183,-0.14873134212608333,0.39382131816016175,P29,-0.10362556366491243,-0.2941435830242906,-0.10362556366491243,0.6104998256710843,1.0,1.0,0.9801851177210915,1.0,1.0
All 35 participants,Neutral Sad,Frontal,Social Phobia,Social Phobia Raw,35,-0.03764721310928071,-0.36629825171473435,0.29935498026419544,0.8299925419949017,0.0770961879236063,0.6597931152109423,P27,-0.15931786494576267,-0.15931786494576267,0.08021811420919239,0.9482816812643495,1.0,1.0,0.9804540937228138,1.0,1.0
All 35 participants,Neutral Sad,Frontal,Panic Disorder,Panic Disorder Raw,35,0.028415772967060424,-0.30774494951409403,0.35826969761838917,0.8712765507180813,-0.0154213166626298,0.9299359113835276,P27,-0.06197611606486124,-0.06197611606486124,0.1055218535767973,0.9793845959792696,1.0,1.0,0.9804540937228138,1.0,1.0
All 35 participants,Neutral Sad,Frontal,Major Depression,Major Depression Raw,35,0.11884969614141788,-0.22323848790562045,0.43487256878028957,0.4965012710907888,0.16656279454292564,0.33891332671393193,P27,-0.008873063773817035,-0.008873063773817035,0.22965784229838715,0.8262747003947434,1.0,1.0,0.9677962075942814,1.0,1.0
All 35 participants,Neutral Sad,Frontal,Separation Anxiety,Separation Anxiety Raw,35,0.07908858411821704,-0.26103787396195516,0.4017466938706875,0.6515497662150064,-0.0733406637564727,0.6754381765011488,P27,-0.21722988036224783,-0.21722988036224783,0.12944456296271872,0.8952592207534439,1.0,1.0,0.9804540937228138,1.0,1.0
All 35 participants,Neutral Sad,Frontal,Generalized Anxiety,Generalized Anxiety Raw,35,0.18541670054577092,-0.15756574887780878,0.48848030370884715,0.2862505180234083,0.16223820954650783,0.3517782842934667,P27,0.006886722153042153,0.006886722153042153,0.27396005455995565,0.7108273625444959,1.0,1.0,0.9677962075942814,1.0,1.0
All 35 participants,Neutral Sad,Frontal,Obsessive Compulsive,Obsessive Compulsive Raw,35,-0.07221828173572807,-0.39593603455419607,0.2674652124453625,0.6801403284533604,-0.016509890609211163,0.925003621392722,P18,-0.14411161110139453,-0.14411161110139453,-0.023706720462691164,0.9053592936229887,1.0,1.0,0.9804540937228138,1.0,1.0
All 35 participants,Neutral Sad,PO,Social Phobia,Social Phobia Raw,35,-0.1328054954031339,-0.4463001466713324,0.2097227428057733,0.44693660980953637,-0.17539733828157425,0.3135410054120647,P4,-0.2115246038508951,-0.2115246038508951,-0.09537671323292994,0.8262747003947434,1.0,1.0,0.9677962075942814,1.0,1.0
All 35 participants,Neutral Sad,PO,Panic Disorder,Panic Disorder Raw,35,-0.21143911134895566,-0.5088326208690506,0.13104074116339562,0.2227285308722205,-0.25126842562229834,0.1453885324854009,P8,-0.29986605753615847,-0.29986605753615847,-0.15297591089897075,0.6795107721525371,1.0,1.0,0.7408551343847037,1.0,1.0
All 35 participants,Neutral Sad,PO,Major Depression,Major Depression Raw,35,-0.0691854069208751,-0.3933626614992229,0.2702929574094745,0.6929054126016404,0.029401709509688734,0.8668493640687649,P6,-0.019468311537429287,-0.10849983008415141,-0.019468311537429287,0.9053592936229887,1.0,1.0,0.9804540937228138,1.0,1.0
All 35 participants,Neutral Sad,PO,Separation Anxiety,Separation Anxiety Raw,35,-0.14241997146434437,-0.45411383589472143,0.20033464850984767,0.4144196550018827,-0.08416375200014635,0.6307362834623338,P27,-0.11374786577209746,-0.16718621902396794,-0.11374786577209746,0.8191960886408518,1.0,1.0,0.9804540937228138,1.0,1.0
All 35 participants,Neutral Sad,PO,Generalized Anxiety,Generalized Anxiety Raw,35,-0.03872117227021224,-0.36722910379667145,0.2983755195447027,0.8252164512612196,-0.05837741688485696,0.7390535358340957,P27,0.004572020363723631,-0.06659985236477156,0.004572020363723631,0.9482816812643495,1.0,1.0,0.9804540937228138,1.0,1.0
All 35 participants,Neutral Sad,PO,Obsessive Compulsive,Obsessive Compulsive Raw,35,-0.015626475586517762,-0.3470656863465379,0.319282723858085,0.9290061417255797,0.05693065727314193,0.7453036770027714,P30,0.028506449327640494,-0.03831023628393384,0.028506449327640494,0.9793845959792696,1.0,1.0,0.9804540937228138,1.0,1.0
All 35 participants,Neutral Sad,CP,Social Phobia,Social Phobia Raw,35,-0.2482152200970767,-0.5370395380116217,0.09269910365013406,0.15050711592113242,-0.16472464195699488,0.3443459279455363,P27,-0.1782711785557587,-0.288035408439903,-0.1782711785557587,0.5780340161155546,1.0,1.0,0.9677962075942814,1.0,1.0
All 35 participants,Neutral Sad,CP,Panic Disorder,Panic Disorder Raw,35,-0.08936211052766833,-0.4103874742882149,0.25137013990780555,0.609703529939954,-0.009903597856734732,0.9549722361328196,P4,0.02490043825161282,-0.18005292672297052,0.02490043825161282,0.8555444119083815,1.0,1.0,0.9804540937228138,1.0,1.0
All 35 participants,Neutral Sad,CP,Major Depression,Major Depression Raw,35,-0.023832860397246015,-0.3542657490161567,0.31189078891744554,0.8919038188690434,0.16121702917752767,0.3548586094512365,P27,0.08857716433544069,-0.06356118646974264,0.08857716433544069,0.9793845959792696,1.0,1.0,0.9677962075942814,1.0,1.0
All 35 participants,Neutral Sad,CP,Separation Anxiety,Separation Anxiety Raw,35,-0.2338325451576346,-0.5260845373216244,0.10781539405931918,0.176387579736796,-0.050982441989936365,0.7711649342663698,P27,-0.058856633569816755,-0.28464444894758584,-0.058856633569816755,0.6105723913966016,1.0,1.0,0.9804540937228138,1.0,1.0
All 35 participants,Neutral Sad,CP,Generalized Anxiety,Generalized Anxiety Raw,35,-0.12234240726678727,-0.43774212465245893,0.2198682045531495,0.48384087316304075,0.04378306266364272,0.8027909910675317,P27,0.029118393911950643,-0.16585985387492505,0.029118393911950643,0.8262747003947434,1.0,1.0,0.9804540937228138,1.0,1.0
All 35 participants,Neutral Sad,CP,Obsessive Compulsive,Obsessive Compulsive Raw,35,-0.013688058687915422,-0.3453592476410596,0.32102283095690487,0.9377944682110183,0.1746347911853629,0.3156827030424901,P30,0.07599412457480557,-0.047057430764413474,0.07599412457480557,0.9793845959792696,1.0,1.0,0.9677962075942814,1.0,1.0
All 35 participants,Positive Valence,LOT,Social Phobia,Social Phobia Raw,35,0.05050141961141554,-0.28758501498137734,0.37739659698295974,0.7732673479884243,-0.03243937961812943,0.8532347917977191,P27,-0.17123685706371872,-0.17123685706371872,0.18977552977264758,0.9462356992894889,1.0,1.0,0.9804540937228138,1.0,1.0
All 35 participants,Positive Valence,LOT,Panic Disorder,Panic Disorder Raw,35,0.06430667211414634,-0.2748294612807066,0.38921240408904845,0.7136138160405125,-0.07286218423169125,0.6774412734005798,P27,-0.10565874498965022,-0.10565874498965022,0.11660045850029264,0.910996360902782,1.0,1.0,0.9804540937228138,1.0,1.0
All 35 participants,Positive Valence,LOT,Major Depression,Major Depression Raw,35,0.40071333848171153,0.07786453913602912,0.6474956824190051,0.017056605761242793,0.23099333499956415,0.18184903604195782,P27,0.2511682269495407,0.2511682269495407,0.4455262868759236,0.2192992169302645,1.0,1.0,0.7616990207498406,1.0,1.0
All 35 participants,Positive Valence,LOT,Separation Anxiety,Separation Anxiety Raw,35,0.34501848350832165,0.013301268485797326,0.6083224175190703,0.04237350555890463,-0.05596675894425975,0.7494767318429776,P27,-0.09266368406568107,-0.09266368406568107,0.42705285427098627,0.412914872100874,1.0,1.0,0.9804540937228138,1.0,1.0
All 35 participants,Positive Valence,LOT,Generalized Anxiety,Generalized Anxiety Raw,35,0.3206023267269607,-0.014156715951337164,0.5907349727223205,0.06041775414055514,0.10938681027939218,0.5316297036538451,P27,0.019024415799255873,0.019024415799255873,0.46262462230153,0.4728345976217359,1.0,1.0,0.9804540937228138,1.0,1.0
All 35 participants,Positive Valence,LOT,Obsessive Compulsive,Obsessive Compulsive Raw,35,0.1273880791578003,-0.2149849275496211,0.44187625332559066,0.46585059995414146,0.06205441642772472,0.723243186274142,P30,0.1905065541830313,0.07919377752852907,0.1905065541830313,0.8262747003947434,1.0,1.0,0.9804540937228138,1.0,1.0
All 35 participants,Positive Valence,ROT,Social Phobia,Social Phobia Raw,35,0.29375550703516307,-0.04377644543334477,0.5710957690939631,0.08675200641906353,0.19070423169445783,0.2724855249901321,P27,0.06958853932754491,0.06958853932754491,0.33051482796821374,0.49040454861723204,1.0,1.0,0.9677962075942814,1.0,1.0
All 35 participants,Positive Valence,ROT,Panic Disorder,Panic Disorder Raw,35,0.246092358285598,-0.0949401757891714,0.5354287012955875,0.15414240429748122,0.15775016586084611,0.3654367637735564,P27,0.10716431597105712,0.10716431597105712,0.28966862368342666,0.5780340161155546,1.0,1.0,0.9801851177210915,1.0,1.0
All 35 participants,Positive Valence,ROT,Major Depression,Major Depression Raw,35,0.38670469380443834,0.061366302037899514,0.6377638806901369,0.021745720037017347,0.3124459178039172,0.0676430399985184,P27,0.28331926546461667,0.28331926546461667,0.40974143757611226,0.2609486404442082,1.0,1.0,0.5542841576346338,1.0,1.0
All 35 participants,Positive Valence,ROT,Separation Anxiety,Separation Anxiety Raw,35,0.6505847342785508,0.4051841957232706,0.8085364426892896,2.326332498915905e-05,0.1630583689342937,0.3493160591032062,P27,0.13492185593604156,0.13492185593604156,0.6789812569665666,0.0020936992490243143,0.012086816309288888,0.00416413517305947,0.9677962075942814,1.0,1.0
All 35 participants,Positive Valence,ROT,Generalized Anxiety,Generalized Anxiety Raw,35,0.5120251149421723,0.2155596413888808,0.7220652350095306,0.0016650832761693868,0.23322628202056933,0.1775438684349922,P27,0.1762205141744657,0.1762205141744657,0.6149300097227544,0.042816427101498515,0.24717699528097842,0.2897244900534733,0.7616990207498406,1.0,1.0
All 35 participants,Positive Valence,ROT,Obsessive Compulsive,Obsessive Compulsive Raw,35,0.09259438015900483,-0.24831433969888017,0.41309417795534664,0.596777617096885,0.25077954528819024,0.1461994563764916,P27,0.2758166315900892,0.07411932904374396,0.2758166315900892,0.8555444119083815,1.0,1.0,0.7408551343847037,1.0,1.0
All 35 participants,Positive Valence,O,Social Phobia,Social Phobia Raw,35,-0.08950226444891121,-0.41050495666312303,0.2512377785812172,0.6091405973772677,0.03819701842481041,0.8275466985533675,P25,-0.014754062328844424,-0.12013827212425186,-0.014754062328844424,0.8555444119083815,1.0,1.0,0.9804540937228138,1.0,1.0
All 35 participants,Positive Valence,O,Panic Disorder,Panic Disorder Raw,35,-0.13346379884173568,-0.4468366789699683,0.20908194755207735,0.4446670194651404,-0.07753102322129476,0.6579906197547154,P4,0.03668558824420041,-0.16066323923671902,0.03668558824420041,0.8262747003947434,1.0,1.0,0.9804540937228138,1.0,1.0
All 35 participants,Positive Valence,O,Major Depression,Major Depression Raw,35,0.06771168926394341,-0.27166488832718444,0.39211038590317504,0.6991385656310858,0.10494581480491769,0.5485194653001609,P4,0.26643667184659914,-0.005568545102065172,0.26643667184659914,0.9053592936229887,1.0,1.0,0.9804540937228138,1.0,1.0
All 35 participants,Positive Valence,O,Separation Anxiety,Separation Anxiety Raw,35,0.03764807452126477,-0.2993541949329839,0.3662989986056408,0.8299887087142558,0.12802574119819216,0.46360254299210335,P4,0.28958815312688585,-0.024503949194403303,0.28958815312688585,0.9482816812643495,1.0,1.0,0.9804540937228138,1.0,1.0
All 35 participants,Positive Valence,O,Generalized Anxiety,Generalized Anxiety Raw,35,0.03971871970012361,-0.2974651105722569,0.3680931370833535,0.820785694057081,0.011193727994911895,0.9491136755820238,P4,0.13413962733429055,-0.004120298099433427,0.13413962733429055,0.9482816812643495,1.0,1.0,0.9804540937228138,1.0,1.0
All 35 participants,Positive Valence,O,Obsessive Compulsive,Obsessive Compulsive Raw,35,0.007094904505602779,-0.32692460503250553,0.33953866001649846,0.9677343039208599,-0.024622509270633888,0.8883443217798542,P4,0.06829965384099097,-0.035918178442640704,0.06829965384099097,0.9793845959792696,1.0,1.0,0.9804540937228138,1.0,1.0
All 35 participants,Positive Valence,Frontal,Social Phobia,Social Phobia Raw,35,-0.06631200932904342,-0.39091990880728394,0.272966619271789,0.7050765417080032,0.05336348162289689,0.7607819381982373,P25,0.13495195862049922,-0.13825062705076788,0.13495195862049922,0.906526982196004,1.0,1.0,0.9804540937228138,1.0,1.0
All 35 participants,Positive Valence,Frontal,Panic Disorder,Panic Disorder Raw,35,-0.06973543231616663,-0.3938297315700145,0.2697805676353599,0.6905841017444035,-0.012167277366845529,0.944694447688643,P35,0.030872540737853792,-0.12712592333945097,0.030872540737853792,0.9053592936229887,1.0,1.0,0.9804540937228138,1.0,1.0
All 35 participants,Positive Valence,Frontal,Major Depression,Major Depression Raw,35,0.23656289216065932,-0.10495787716831173,0.528171674335745,0.17124648007723117,0.13237803181156504,0.4484137070452239,P25,0.1226915516623346,0.1226915516623346,0.2943773794585653,0.6105723913966016,1.0,1.0,0.9804540937228138,1.0,1.0
All 35 participants,Positive Valence,Frontal,Separation Anxiety,Separation Anxiety Raw,35,0.11779552753733129,-0.22425410111366176,0.4340052178777996,0.500355235239039,-0.035887082071128396,0.8378330592190215,P27,-0.030982216387348625,-0.030982216387348625,0.1850224649618524,0.8262747003947434,1.0,1.0,0.9804540937228138,1.0,1.0
All 35 participants,Positive Valence,Frontal,Generalized Anxiety,Generalized Anxiety Raw,35,0.11921637861259723,-0.222885042368226,0.43517413110547626,0.49516425463163116,0.07283007834664193,0.6775757589160918,P27,0.01289083688116818,0.01289083688116818,0.21605594469296394,0.8262747003947434,1.0,1.0,0.9804540937228138,1.0,1.0
All 35 participants,Positive Valence,Frontal,Obsessive Compulsive,Obsessive Compulsive Raw,35,0.15316707716704975,-0.1897655566934588,0.46279162676455676,0.3797053157791313,0.09663979072115844,0.5807699438840831,P30,0.2636043419655383,0.08501769060095002,0.2636043419655383,0.7855972050602716,1.0,1.0,0.9804540937228138,1.0,1.0
All 35 participants,Positive Valence,PO,Social Phobia,Social Phobia Raw,35,-0.1123983508975891,-0.4295553160200182,0.2294422662572737,0.5203213204319947,-0.04886971474938978,0.7804108172865819,P25,-0.04203550201645682,-0.17193364254319504,-0.04203550201645682,0.8396877820000367,1.0,1.0,0.9804540937228138,1.0,1.0
All 35 participants,Positive Valence,PO,Panic Disorder,Panic Disorder Raw,35,-0.16401950705471655,-0.47149465632905113,0.17901162192760622,0.3464439151516191,-0.16892708344201815,0.3320033553456284,P4,-0.07492381723755581,-0.24826318159001778,-0.07492381723755581,0.7606479053956244,1.0,1.0,0.9677962075942814,1.0,1.0
All 35 participants,Positive Valence,PO,Major Depression,Major Depression Raw,35,0.04729949559731935,-0.29052644103913344,0.37464080438979785,0.7873018471742372,0.07554410529522894,0.6662421796380618,P25,-0.02533564296197716,-0.02533564296197716,0.11120867521898631,0.9462356992894889,1.0,1.0,0.9804540937228138,1.0,1.0
All 35 participants,Positive Valence,PO,Separation Anxiety,Separation Anxiety Raw,35,0.018296779539842222,-0.3168819012552427,0.34941283574387577,0.9169133317792164,-0.01837076820307763,0.9165785131917422,P27,-0.1236467071201427,-0.1236467071201427,0.10782393857755566,0.9793845959792696,1.0,1.0,0.9804540937228138,1.0,1.0
All 35 participants,Positive Valence,PO,Generalized Anxiety,Generalized Anxiety Raw,35,0.12246790740382855,-0.21974695126103536,0.4378451141183778,0.4833890908582374,0.14863570464129844,0.3941289652012465,P24,0.20225994237700828,0.04287861357156299,0.20225994237700828,0.8262747003947434,1.0,1.0,0.9801851177210915,1.0,1.0
All 35 participants,Positive Valence,PO,Obsessive Compulsive,Obsessive Compulsive Raw,35,0.07524522148529117,-0.2646371553331036,0.3984993120882067,0.6674867974175519,0.13350239130551783,0.4445341615965148,P24,0.15443594401506966,0.035209685311164245,0.15443594401506966,0.9033655904899198,1.0,1.0,0.9804540937228138,1.0,1.0
All 35 participants,Positive Valence,CP,Social Phobia,Social Phobia Raw,35,-0.20659070882857022,-0.5050656832559858,0.13602023590579618,0.23376448424788962,-0.027664752315028126,0.8746514761212861,P25,-0.0008462112468549249,-0.24241252221354745,-0.0008462112468549249,0.6824974599040786,1.0,1.0,0.9804540937228138,1.0,1.0
All 35 participants,Positive Valence,CP,Panic Disorder,Panic Disorder Raw,35,-0.019463663466848996,-0.3504372027350557,0.3158314264477285,0.9116345422516661,-0.07399402398674663,0.6727065013266345,P25,-0.07777254824993671,-0.07777254824993671,0.01122686024686747,0.9793845959792696,1.0,1.0,0.9804540937228138,1.0,1.0
All 35 participants,Positive Valence,CP,Major Depression,Major Depression Raw,35,0.2731274836079181,-0.06613894797812375,0.555786970536108,0.11239639915029771,0.3090696449415605,0.07082519791998097,P25,0.20055207252470317,0.20055207252470317,0.2958553277325482,0.536957034241062,1.0,1.0,0.5542841576346338,1.0,1.0
All 35 participants,Positive Valence,CP,Separation Anxiety,Separation Anxiety Raw,35,0.09393726295448539,-0.24704277490930726,0.41421704597908293,0.5914426221306834,0.028196993055886594,0.872259472599368,P25,-0.008866151022991396,-0.008866151022991396,0.11739374950759665,0.8555444119083815,1.0,1.0,0.9804540937228138,1.0,1.0
All 35 participants,Positive Valence,CP,Generalized Anxiety,Generalized Anxiety Raw,35,0.14794166880289714,-0.19491435826519576,0.4585797502036553,0.39636569491705365,0.2755924170899194,0.10906271305759527,P25,0.20903823374096167,0.1237185163091995,0.20903823374096167,0.810748012330337,1.0,1.0,0.701117441084541,1.0,1.0
All 35 participants,Positive Valence,CP,Obsessive Compulsive,Obsessive Compulsive Raw,35,0.1840565844343061,-0.15893865665898027,0.4874074010410882,0.28986244921767634,0.25177583179047025,0.14455035781400713,P30,0.27606068196180894,0.15951273215455955,0.27606068196180894,0.7108273625444959,1.0,1.0,0.7408551343847037,1.0,1.0
All 35 participants,Negative Valence,LOT,Social Phobia,Social Phobia Raw,35,-0.17680581695546133,-0.481672266468343,0.16623529940320375,0.30960917817720757,-0.23999523708823894,0.1649365125763276,P23,-0.3095124649547804,-0.3095124649547804,-0.0822396823750699,0.7268866277070367,1.0,1.0,0.7612454426599735,1.0,1.0
All 35 participants,Negative Valence,LOT,Panic Disorder,Panic Disorder Raw,35,-0.17016987159984345,-0.47640045085530824,0.1728804687751634,0.3284062068640468,-0.16284344475859538,0.34996027809446506,P27,-0.0954034854380551,-0.23912234529730245,-0.0954034854380551,0.7518677653121324,1.0,1.0,0.9677962075942814,1.0,1.0
All 35 participants,Negative Valence,LOT,Major Depression,Major Depression Raw,35,-0.2841406186327666,-0.5639841372752473,0.054242044316177705,0.09807768025995034,-0.18639839760927068,0.2836616158719475,P27,-0.1817290986167401,-0.3426562717105251,-0.1817290986167401,0.519234777846796,1.0,1.0,0.9677962075942814,1.0,1.0
All 35 participants,Negative Valence,LOT,Separation Anxiety,Separation Anxiety Raw,35,-0.3431400741431397,-0.6069784812630661,-0.011170927915975102,0.043585458721758924,-0.2996286534827545,0.08034665293442039,P27,-0.15615892017728952,-0.4502402337852444,-0.15615892017728952,0.412914872100874,1.0,1.0,0.5883280150418031,1.0,1.0
All 35 participants,Negative Valence,LOT,Generalized Anxiety,Generalized Anxiety Raw,35,-0.46929266621907867,-0.694003839666203,-0.16126663667526467,0.004455085602159403,-0.4497328184284854,0.006717156194436197,P27,-0.35924193733514354,-0.5498199184857401,-0.35924193733514354,0.08019154083886926,0.46294157297421606,0.7618196379692579,0.20385077956202888,1.0,1.0
All 35 participants,Negative Valence,LOT,Obsessive Compulsive,Obsessive Compulsive Raw,35,-0.23481609203667478,-0.5268367879829844,0.1067866871256029,0.17452312415824536,-0.343149536713863,0.0435792842482081,P30,-0.3490900438435071,-0.3490900438435071,-0.17179859502332037,0.6105723913966016,1.0,1.0,0.435792842482081,1.0,1.0
All 35 participants,Negative Valence,ROT,Social Phobia,Social Phobia Raw,35,-0.29982448625958563,-0.5755633462502996,0.03713213296740133,0.08013956854581708,-0.09394781369925795,0.5914007890891136,P27,-0.09366558096612569,-0.3362576485915036,-0.09366558096612569,0.49040454861723204,1.0,1.0,0.9804540937228138,1.0,1.0
All 35 participants,Negative Valence,ROT,Panic Disorder,Panic Disorder Raw,35,-0.2702810581627277,-0.5536593760996772,0.06919818252234071,0.1163406907522301,-0.08884942077184874,0.611764639654879,P27,-0.15451412899344358,-0.310283067670412,-0.15451412899344358,0.536957034241062,1.0,1.0,0.9804540937228138,1.0,1.0
All 35 participants,Negative Valence,ROT,Major Depression,Major Depression Raw,35,-0.36408014478891587,-0.6218754988589741,-0.03509115577437702,0.03154662107200108,-0.12379667161974203,0.478619159208856,P27,-0.11834085792938684,-0.3974930143077681,-0.11834085792938684,0.3340230466447174,1.0,1.0,0.9804540937228138,1.0,1.0
All 35 participants,Negative Valence,ROT,Separation Anxiety,Separation Anxiety Raw,35,-0.6878063667588605,-0.8306584416204842,-0.459994818207128,4.986938117269593e-06,-0.35260482225442025,0.037752372764334706,P27,-0.3208940529720892,-0.7174141775464656,-0.3208940529720892,0.0008976488611085267,0.005182079947498294,0.0008976488611085268,0.42471419359876544,1.0,1.0
All 35 participants,Negative Valence,ROT,Generalized Anxiety,Generalized Anxiety Raw,35,-0.5342875337731067,-0.7364156575443893,-0.24459013402770272,0.0009462387994122539,-0.23620182996858388,0.17192013138023732,P27,-0.23645514083631125,-0.6003623920421916,-0.23645514083631125,0.028387163982367618,0.16387761363358755,0.16559178989714443,0.7616990207498406,1.0,1.0
All 35 participants,Negative Valence,ROT,Obsessive Compulsive,Obsessive Compulsive Raw,35,-0.09918999998390052,-0.4185998419869689,0.24205769505997474,0.5707784247984037,-0.3337559782637946,0.050064612518147394,P11,-0.17291292374653464,-0.17291292374653464,-0.0653388352727706,0.8555444119083815,1.0,1.0,0.4742963291192911,1.0,1.0
All 35 participants,Negative Valence,O,Social Phobia,Social Phobia Raw,35,-0.2033780437224995,-0.5025633425112939,0.13931025778126516,0.24127741275919504,-0.4415125953220732,0.007927530316301123,P4,-0.46629862326368415,-0.46629862326368415,-0.1677951079351977,0.6824974599040786,1.0,1.0,0.20385077956202888,1.0,1.0
All 35 participants,Negative Valence,O,Panic Disorder,Panic Disorder Raw,35,-0.24720616193060693,-0.5362741228815676,0.09376478152043706,0.15222722250992848,-0.189866118910543,0.2746380500328737,P4,-0.2816268682999227,-0.2816268682999227,-0.21972355334271562,0.5780340161155546,1.0,1.0,0.9677962075942814,1.0,1.0
All 35 participants,Negative Valence,O,Major Depression,Major Depression Raw,35,-0.16248031247888745,-0.4702639442475614,0.18054185166780823,0.3510503718820695,-0.31891710745676727,0.06185822593887427,P4,-0.34578488004235786,-0.34578488004235786,-0.11708990815419834,0.7606479053956244,1.0,1.0,0.5542841576346338,1.0,1.0
All 35 participants,Negative Valence,O,Separation Anxiety,Separation Anxiety Raw,35,-0.27084568361266564,-0.554081706433971,0.06859185084671414,0.11555016039038718,-0.4675289303155338,0.004627639441458205,P4,-0.5515989514023129,-0.5515989514023129,-0.22579660742734584,0.536957034241062,1.0,1.0,0.20385077956202888,1.0,0.8190921811381023
All 35 participants,Negative Valence,O,Generalized Anxiety,Generalized Anxiety Raw,35,-0.2027917535964536,-0.502106140350772,0.1399098498062403,0.2426657635214502,-0.41445132133059864,0.013311064828943864,P4,-0.5601562577487673,-0.5601562577487673,-0.146713467980856,0.6824974599040786,1.0,1.0,0.2662212965788773,1.0,1.0
All 35 participants,Negative Valence,O,Obsessive Compulsive,Obsessive Compulsive Raw,35,-0.11863984773813993,-0.43469995603427336,0.22344072049337735,0.49726725618903417,-0.4463363530214328,0.007196550538210177,P4,-0.2902617069417277,-0.2902617069417277,-0.09515032925970317,0.8262747003947434,1.0,1.0,0.20385077956202888,1.0,1.0
All 35 participants,Negative Valence,Frontal,Social Phobia,Social Phobia Raw,35,0.0062514748218269215,-0.32767771494911135,0.33879221951963484,0.9715683394638084,-0.1386046220047348,0.4271606310067665,P1,-0.16384531649225426,-0.16384531649225426,0.03376275754236597,0.9793845959792696,1.0,1.0,0.9804540937228138,1.0,1.0
All 35 participants,Negative Valence,Frontal,Panic Disorder,Panic Disorder Raw,35,-0.07602841619206147,-0.399161716873273,0.2639044665568833,0.6642272635250667,0.026032314366274154,0.8819947290347903,P1,-0.00014105936598819702,-0.09147271750753729,-0.00014105936598819702,0.9033655904899198,1.0,1.0,0.9804540937228138,1.0,1.0
All 35 participants,Negative Valence,Frontal,Major Depression,Major Depression Raw,35,-0.11036530094676958,-0.4278750895531822,0.23139156029948083,0.5279424693852557,-0.12098311090111154,0.4887481069957206,P27,-0.08449522681939263,-0.1317423951053551,-0.08449522681939263,0.8396877820000367,1.0,1.0,0.9804540937228138,1.0,1.0
All 35 participants,Negative Valence,Frontal,Separation Anxiety,Separation Anxiety Raw,35,-0.14085828079145193,-0.4528479023832284,0.20186386149434704,0.4196086424255934,-0.2287089436755246,0.18632928166311147,P1,-0.30390960757515767,-0.30390960757515767,-0.10832870477811354,0.8191960886408518,1.0,1.0,0.7616990207498406,1.0,1.0
All 35 participants,Negative Valence,Frontal,Generalized Anxiety,Generalized Anxiety Raw,35,-0.09536162266461334,-0.41540697745307076,0.24569277572050133,0.5858068986262114,-0.2804099709105144,0.10276324156904797,P1,-0.4960581573632304,-0.4960581573632304,-0.05850263641764759,0.8555444119083815,1.0,1.0,0.701117441084541,1.0,1.0
All 35 participants,Negative Valence,Frontal,Obsessive Compulsive,Obsessive Compulsive Raw,35,-0.18317131444615886,-0.48670857955986074,0.15983154034979177,0.29222902682384827,-0.258892163949613,0.13316445756052928,P1,-0.10761455037300208,-0.22631238209812346,-0.10761455037300208,0.7108273625444959,1.0,1.0,0.7408551343847037,1.0,1.0
All 35 participants,Negative Valence,PO,Social Phobia,Social Phobia Raw,35,-0.10146107360804743,-0.4204901920939922,0.23989675251947098,0.5619468397221089,-0.14590699317418387,0.40296499284089315,P23,-0.1834636833188626,-0.1834636833188626,-0.030904235205284205,0.8555444119083815,1.0,1.0,0.9801851177210915,1.0,1.0
All 35 participants,Negative Valence,PO,Panic Disorder,Panic Disorder Raw,35,0.048053640842381465,-0.28983422487466587,0.37529039395640507,0.783990204356069,0.024758994641836833,0.8877293028505716,P4,-0.07736052846739863,-0.07736052846739863,0.1137186634478777,0.9462356992894889,1.0,1.0,0.9804540937228138,1.0,1.0
All 35 participants,Negative Valence,PO,Major Depression,Major Depression Raw,35,-0.14347269603155482,-0.454966483107014,0.19930287371830385,0.41094231866320674,-0.11352717499674071,0.5161132618982689,P4,-0.23169049289931806,-0.23169049289931806,-0.06089954476004856,0.8191960886408518,1.0,1.0,0.9804540937228138,1.0,1.0
All 35 participants,Negative Valence,PO,Separation Anxiety,Separation Anxiety Raw,35,-0.27917519408228003,-0.5602951455214781,0.05961784734893628,0.10435088701553516,-0.3464812328533944,0.04144868399394609,P4,-0.4478563856226473,-0.4478563856226473,-0.15647364378594952,0.5366617046513237,1.0,1.0,0.435792842482081,1.0,1.0
All 35 participants,Negative Valence,PO,Generalized Anxiety,Generalized Anxiety Raw,35,-0.3010420968221246,-0.5764576917808806,0.03579549625637849,0.07886126396241577,-0.24895417831721767,0.14925643285650383,P4,-0.41055555042103814,-0.41055555042103814,-0.20884589685392163,0.49040454861723204,1.0,1.0,0.7408551343847037,1.0,1.0
All 35 participants,Negative Valence,PO,Obsessive Compulsive,Obsessive Compulsive Raw,35,-0.16962289395229624,-0.4759649291318391,0.17342681706173665,0.32998640810921365,-0.3572398743889657,0.03513620779871901,P30,-0.33269054954113153,-0.33269054954113153,-0.11964067235937856,0.7518677653121324,1.0,1.0,0.4216344935846281,1.0,1.0
All 35 participants,Negative Valence,CP,Social Phobia,Social Phobia Raw,35,0.17632569763525702,-0.16671713395487842,0.48129158274637923,0.31094594629689903,0.10630567260140249,0.5433209968090138,P25,-0.018661333345138115,-0.018661333345138115,0.23011008054788168,0.7268866277070367,1.0,1.0,0.9804540937228138,1.0,1.0
All 35 participants,Negative Valence,CP,Panic Disorder,Panic Disorder Raw,35,0.06192612180754095,-0.2770375542599112,0.3871825101813083,0.7237929777719446,0.14742212809596558,0.39804483617465847,P25,0.12934200177176308,0.015753159642146575,0.12934200177176308,0.9110680839087415,1.0,1.0,0.9801851177210915,1.0,1.0
All 35 participants,Negative Valence,CP,Major Depression,Major Depression Raw,35,-0.10611085155689838,-0.4243518583867934,0.23546187804330562,0.5440643212254559,0.10846276570320582,0.5351231579725825,P25,0.13451868033551242,-0.14248942169288323,0.13451868033551242,0.8515789375702788,1.0,1.0,0.9804540937228138,1.0,1.0
All 35 participants,Negative Valence,CP,Separation Anxiety,Separation Anxiety Raw,35,-0.20896378100425048,-0.5069108495044877,0.1335851610039553,0.22831759177952954,-0.16348559610180713,0.34803761204331485,P27,-0.15213830866553418,-0.24057396720383253,-0.15213830866553418,0.6824974599040786,1.0,1.0,0.9677962075942814,1.0,1.0
All 35 participants,Negative Valence,CP,Generalized Anxiety,Generalized Anxiety Raw,35,-0.13076077808482695,-0.4446322170302297,0.21171120446479647,0.4540259658589467,-0.0017003131131511735,0.9922655427778682,P27,-0.06839979674510671,-0.1511636531069212,-0.06839979674510671,0.8262747003947434,1.0,1.0,0.9922655427778682,1.0,1.0
All 35 participants,Negative Valence,CP,Obsessive Compulsive,Obsessive Compulsive Raw,35,-0.056252207045814656,-0.38233161904041457,0.2822860301143723,0.7482401914675275,-0.0851113326233472,0.6268803636481544,P25,0.07921963423633471,-0.14442055665910797,0.07921963423633471,0.928849892856241,1.0,1.0,0.9804540937228138,1.0,1.0
P27 omitted,Neutral Angry,LOT,Social Phobia,Social Phobia Raw,34,0.015393691522857869,-0.3244610264419902,0.3517284252136549,0.9311425241114945,0.20531761027256623,0.2440681854849275,P25,0.3853757799315327,-0.04090676404216222,0.3853757799315327,0.9922968004165909,1.0,1.0,0.9541215817472066,1.0,1.0
P27 omitted,Neutral Angry,LOT,Panic Disorder,Panic Disorder Raw,34,0.1545485416459072,-0.19374273559446004,0.46824247559359244,0.3828167756976683,0.19403361680921574,0.27151838005003376,P25,0.2557053473506847,0.07739417309197516,0.2557053473506847,0.9487061353373425,1.0,1.0,0.9541215817472066,1.0,1.0
P27 omitted,Neutral Angry,LOT,Major Depression,Major Depression Raw,34,0.2004665093595793,-0.14771276944341188,0.5044360356878637,0.2556325714887401,0.09518803260821589,0.5923079102760771,P25,-0.0011073415121949128,-0.0011073415121949128,0.23759300571254113,0.9487061353373425,1.0,1.0,0.9541215817472066,1.0,1.0
P27 omitted,Neutral Angry,LOT,Separation Anxiety,Separation Anxiety Raw,34,0.31313253389011664,-0.027997878183962994,0.5889354547267274,0.07135368371376774,0.2953196143114239,0.08995420787067084,P10,0.3661245327447849,0.2766377719671237,0.3661245327447849,0.9487061353373425,1.0,1.0,0.8370613749489567,1.0,1.0
P27 omitted,Neutral Angry,LOT,Generalized Anxiety,Generalized Anxiety Raw,34,0.2409215841308931,-0.10586944726949715,0.5354624019211212,0.1698851884280474,0.1457530587032336,0.4107947963143106,P16,0.19217362612590116,0.19217362612590116,0.2888424078743446,0.9487061353373425,1.0,1.0,0.9541215817472066,1.0,1.0
P27 omitted,Neutral Angry,LOT,Obsessive Compulsive,Obsessive Compulsive Raw,34,0.20563842127964918,-0.14243197609014463,0.5084467995828472,0.24331595635467557,0.21534800708973267,0.22128097256745768,P30,0.2884165659480928,0.16804994683231506,0.2884165659480928,0.9487061353373425,1.0,1.0,0.9359897070809916,1.0,1.0
P27 omitted,Neutral Angry,ROT,Social Phobia,Social Phobia Raw,34,0.1167309567985236,-0.23053497181268592,0.43762179432259835,0.5108937761613284,0.1424965504130497,0.4214394146886915,P24,0.20556335430485695,0.05404493721331504,0.20556335430485695,0.9525914818834967,1.0,1.0,0.9541215817472066,1.0,1.0
P27 omitted,Neutral Angry,ROT,Panic Disorder,Panic Disorder Raw,34,0.07008196548399856,-0.2745913597936678,0.39879645953472725,0.6936959357847134,0.2218409822755046,0.20732978007251174,P8,0.26106778910691525,0.023679473174557278,0.26106778910691525,0.9638929738401307,1.0,1.0,0.9359897070809916,1.0,1.0
P27 omitted,Neutral Angry,ROT,Major Depression,Major Depression Raw,34,0.08832990408699247,-0.2575281978385154,0.4141256102872752,0.6193616285527277,0.07369396072894133,0.6787297631633018,P26,-0.009119230234630606,-0.009119230234630606,0.1613259394585824,0.9610783891335429,1.0,1.0,0.9541215817472066,1.0,1.0
P27 omitted,Neutral Angry,ROT,Separation Anxiety,Separation Anxiety Raw,34,0.09305077358047882,-0.2530784369061653,0.4180615055341239,0.6006834561735371,0.04776771422213231,0.788494541474696,P14,-0.024324856909593295,-0.024324856909593295,0.2097491294015628,0.9525914818834967,1.0,1.0,0.9595869223790835,1.0,1.0
P27 omitted,Neutral Angry,ROT,Generalized Anxiety,Generalized Anxiety Raw,34,0.10233725181392839,-0.24428231112753276,0.425768404381385,0.5646698818773818,0.10413143153638664,0.5578277963542376,P24,0.19051666086169397,0.028871579602458168,0.19051666086169397,0.9525914818834967,1.0,1.0,0.9541215817472066,1.0,1.0
P27 omitted,Neutral Angry,ROT,Obsessive Compulsive,Obsessive Compulsive Raw,34,0.003324902249807086,-0.3352177034364137,0.3411070700781713,0.9851105877946047,-0.015692747991387444,0.9298080756363207,P24,0.08055867082180332,-0.05864901519726003,0.08055867082180332,0.9922968004165909,1.0,1.0,0.9647529961652317,1.0,1.0
P27 omitted,Neutral Angry,O,Social Phobia,Social Phobia Raw,34,0.017135994300447686,-0.3229008509810325,0.3532546499878381,0.9233707336272148,-0.02114464941612995,0.9055171366734227,P4,-0.04222314936960529,-0.04222314936960529,0.07092201788793293,0.9922968004165909,1.0,1.0,0.9647529961652317,1.0,1.0
P27 omitted,Neutral Angry,O,Panic Disorder,Panic Disorder Raw,34,0.047181087544721216,-0.2957025518413145,0.3792951219104631,0.7910342590482986,-0.0948540133127854,0.5936135050455114,P4,-0.17116788894865329,-0.17116788894865329,0.09946598497517942,0.9874566402382782,1.0,1.0,0.9541215817472066,1.0,1.0
P27 omitted,Neutral Angry,O,Major Depression,Major Depression Raw,34,-0.0427887446274296,-0.3755207747159679,0.2997137163059024,0.8101157720380763,-0.13188148388783458,0.4571865592951925,P4,-0.15041953560686158,-0.15041953560686158,-0.007360591203747399,0.9874566402382782,1.0,1.0,0.9541215817472066,1.0,1.0
P27 omitted,Neutral Angry,O,Separation Anxiety,Separation Anxiety Raw,34,0.09767047481780265,-0.24870981049473415,0.42190127776302877,0.5826442650298507,-0.029407485302876245,0.8688689810775205,P4,0.024018973562853388,0.024018973562853388,0.1273439417771384,0.9525914818834967,1.0,1.0,0.9647529961652317,1.0,1.0
P27 omitted,Neutral Angry,O,Generalized Anxiety,Generalized Anxiety Raw,34,-0.05834037538803256,-0.3888348613784386,0.2854570221532223,0.7431120057590818,-0.11171306622477141,0.5293475164323064,P16,-0.19172782389496923,-0.19172782389496923,0.04285138534823559,0.9638929738401307,1.0,1.0,0.9541215817472066,1.0,1.0
P27 omitted,Neutral Angry,O,Obsessive Compulsive,Obsessive Compulsive Raw,34,-0.134469752454948,-0.4520780776314892,0.21339989074485233,0.44832407895062204,-0.24331528073774988,0.16555347710045892,P4,-0.2882328824265067,-0.2882328824265067,-0.04063854585407736,0.9525914818834967,1.0,1.0,0.9359897070809916,1.0,1.0
P27 omitted,Neutral Angry,Frontal,Social Phobia,Social Phobia Raw,34,-0.008817402589512423,-0.34595156157311685,0.3303332640052267,0.9605275080516149,0.04336185351278824,0.8076196774354554,P1,0.08076987093704191,-0.04505859546888753,0.08076987093704191,0.9922968004165909,1.0,1.0,0.9595869223790835,1.0,1.0
P27 omitted,Neutral Angry,Frontal,Panic Disorder,Panic Disorder Raw,34,0.05694785269838376,-0.2867398261547906,0.38764829305739845,0.7490445579034818,0.170860812253975,0.3339714568885561,P1,-0.026922111862813854,-0.026922111862813854,0.11848074699041483,0.9638929738401307,1.0,1.0,0.9541215817472066,1.0,1.0
P27 omitted,Neutral Angry,Frontal,Major Depression,Major Depression Raw,34,0.12026551771940172,-0.2271377999271357,0.44051559049727307,0.4980901982466536,0.20066251390151316,0.25515841391586913,P25,0.09362865082067139,0.09362865082067139,0.14411884561689767,0.9525914818834967,1.0,1.0,0.9541215817472066,1.0,1.0
P27 omitted,Neutral Angry,Frontal,Separation Anxiety,Separation Anxiety Raw,34,0.15392811491019595,-0.19435435024516237,0.46774612601375853,0.3847530437757,0.09289031071860908,0.601314333521157,P14,0.10336702470187983,0.10336702470187983,0.19888718996227855,0.9487061353373425,1.0,1.0,0.9541215817472066,1.0,1.0
P27 omitted,Neutral Angry,Frontal,Generalized Anxiety,Generalized Anxiety Raw,34,0.13227402850363326,-0.21553255661906442,0.4502976686784924,0.4558364535024229,0.1989792287604654,0.259249466915563,P1,0.34032086142016515,0.007627574015792312,0.34032086142016515,0.9525914818834967,1.0,1.0,0.9541215817472066,1.0,1.0
P27 omitted,Neutral Angry,Frontal,Obsessive Compulsive,Obsessive Compulsive Raw,34,0.15426770347230237,-0.1940196184916627,0.4680178258686182,0.38369252832563444,0.06385860816297267,0.7197482288203914,P1,-0.004286268627622391,-0.004286268627622391,0.22252914941008015,0.9487061353373425,1.0,1.0,0.9541215817472066,1.0,1.0
P27 omitted,Neutral Angry,PO,Social Phobia,Social Phobia Raw,34,0.2678611616105207,-0.07730712834464305,0.5556915126434142,0.1256194877526452,0.17819729906492127,0.31331334943715733,P13,0.1952934484452079,0.1952934484452079,0.31228414119241443,0.9487061353373425,1.0,1.0,0.9541215817472066,1.0,1.0
P27 omitted,Neutral Angry,PO,Panic Disorder,Panic Disorder Raw,34,0.15489171967667742,-0.1934043154796166,0.4685169375384923,0.3817482103571461,0.1356381493300091,0.44435403275124397,P13,0.05125313996260973,0.05125313996260973,0.24520918436068237,0.9487061353373425,1.0,1.0,0.9541215817472066,1.0,1.0
P27 omitted,Neutral Angry,PO,Major Depression,Major Depression Raw,34,0.1703769870323823,-0.17804700503619308,0.48083884103417235,0.33536254984438296,0.22277070212019554,0.2053830494407186,P13,0.10085466586739847,0.10085466586739847,0.22829045180782812,0.9487061353373425,1.0,1.0,0.9359897070809916,1.0,1.0
P27 omitted,Neutral Angry,PO,Separation Anxiety,Separation Anxiety Raw,34,0.20444576711455367,-0.1436514989384245,0.5075230727804116,0.24612030915317876,0.11358446704285532,0.5224277253778664,P13,0.13461885159737008,0.13461885159737008,0.23901376199281466,0.9487061353373425,1.0,1.0,0.9541215817472066,1.0,1.0
P27 omitted,Neutral Angry,PO,Generalized Anxiety,Generalized Anxiety Raw,34,0.32969156037955166,-0.00953747383400765,0.6008664331663209,0.056892867658363926,0.17050941686938795,0.3349814352567373,P16,0.12448109073156272,0.12448109073156272,0.4187351272325066,0.9487061353373425,1.0,1.0,0.9541215817472066,1.0,1.0
P27 omitted,Neutral Angry,PO,Obsessive Compulsive,Obsessive Compulsive Raw,34,0.027554791392002297,-0.3135324281685666,0.3623441355103005,0.8770656623869468,0.02252919266090277,0.8993608189363955,P30,0.1269543845754939,-0.056480647723286405,0.1269543845754939,0.9922968004165909,1.0,1.0,0.9647529961652317,1.0,1.0
P27 omitted,Neutral Angry,CP,Social Phobia,Social Phobia Raw,34,-0.18875089817600701,-0.4953019297550058,0.15960205146687287,0.2850350965839218,-0.15490754028773465,0.38169899122619977,P25,-0.0054932218103434585,-0.25445848451038894,-0.0054932218103434585,0.9487061353373425,1.0,1.0,0.9541215817472066,1.0,1.0
P27 omitted,Neutral Angry,CP,Panic Disorder,Panic Disorder Raw,34,0.04441182584271013,-0.2982328993428481,0.3769167777468083,0.8030515233868274,0.012667799823531601,0.9433140406948932,P35,0.09492993140109521,0.006709264534382117,0.09492993140109521,0.9874566402382782,1.0,1.0,0.9647529961652317,1.0,1.0
P27 omitted,Neutral Angry,CP,Major Depression,Major Depression Raw,34,0.23566443446883317,-0.11137732640228379,0.5314749641074009,0.1796813144143841,0.10102213783259041,0.5697093397656374,P25,0.06894700771678464,0.06894700771678464,0.2794224755538662,0.9487061353373425,1.0,1.0,0.9541215817472066,1.0,1.0
P27 omitted,Neutral Angry,CP,Separation Anxiety,Separation Anxiety Raw,34,0.18658465232306795,-0.16178939458965416,0.4936055528456751,0.29070088433627306,0.01913820472091946,0.9144482257843296,P25,0.09436272931037469,0.09436272931037469,0.23770171887915004,0.9487061353373425,1.0,1.0,0.9647529961652317,1.0,1.0
P27 omitted,Neutral Angry,CP,Generalized Anxiety,Generalized Anxiety Raw,34,0.2316521408582447,-0.11556668174575066,0.5284228771437345,0.18742203286796605,0.0798392550858477,0.6535446207363144,P29,0.1800579989523708,0.1800579989523708,0.2647852998939633,0.9487061353373425,1.0,1.0,0.9541215817472066,1.0,1.0
P27 omitted,Neutral Angry,CP,Obsessive Compulsive,Obsessive Compulsive Raw,34,0.17047279641651142,-0.17795145606450655,0.4809146984721098,0.335086797221338,0.0685198204376422,0.7002044413747769,P30,0.25213830768887285,0.11396724546598683,0.25213830768887285,0.9487061353373425,1.0,1.0,0.9541215817472066,1.0,1.0
P27 omitted,Neutral Happy,LOT,Social Phobia,Social Phobia Raw,34,0.17514552939576233,-0.17328343603216054,0.4846087199585738,0.32180710730241147,0.1881567353841129,0.2865819935010874,P20,0.03980296940233653,0.03980296940233653,0.22357262721001753,0.9487061353373425,1.0,1.0,0.9541215817472066,1.0,1.0
P27 omitted,Neutral Happy,LOT,Panic Disorder,Panic Disorder Raw,34,0.25107399643627654,-0.09517226562589556,0.5431258075113637,0.15205778343245516,0.3681386217009245,0.032179008456198595,P7,0.3087390492216502,0.19972513411160295,0.3087390492216502,0.9487061353373425,1.0,1.0,0.5897701308356812,1.0,1.0
P27 omitted,Neutral Happy,LOT,Major Depression,Major Depression Raw,34,-0.141789363957753,-0.4579949812371908,0.20626645962465795,0.42377119323031687,-0.12128797703304928,0.4944170155038625,P7,-0.07081452730230185,-0.1733622335886124,-0.07081452730230185,0.9525914818834967,1.0,1.0,0.9541215817472066,1.0,1.0
P27 omitted,Neutral Happy,LOT,Separation Anxiety,Separation Anxiety Raw,34,0.13048185861348435,-0.2172708021149339,0.4488426057690929,0.46201774697570797,-0.044500215855146054,0.8026672516533758,P20,-0.02311093885102318,-0.02311093885102318,0.2071704720453208,0.9525914818834967,1.0,1.0,0.9595869223790835,1.0,1.0
P27 omitted,Neutral Happy,LOT,Generalized Anxiety,Generalized Anxiety Raw,34,-0.02712146792906449,-0.3619673637736523,0.3139233938776174,0.8789846150423554,0.012687633560154092,0.9432254312312834,P20,-0.18121310571139385,-0.18121310571139385,0.06929427566913397,0.9922968004165909,1.0,1.0,0.9647529961652317,1.0,1.0
P27 omitted,Neutral Happy,LOT,Obsessive Compulsive,Obsessive Compulsive Raw,34,0.1739420234562835,-0.17448722675794343,0.48365834447168904,0.32519570203310366,0.1563059849439185,0.37736298452091865,P20,0.07097942401060066,0.07097942401060066,0.21835570151836842,0.9487061353373425,1.0,1.0,0.9541215817472066,1.0,1.0
P27 omitted,Neutral Happy,ROT,Social Phobia,Social Phobia Raw,34,0.08014566458382,-0.2652078322199921,0.4072732334999989,0.6522983668956408,0.058224396942966536,0.7436055588461896,P20,-0.06195145213123254,-0.06195145213123254,0.1697403028279667,0.9638929738401307,1.0,1.0,0.9541352209534372,1.0,1.0
P27 omitted,Neutral Happy,ROT,Panic Disorder,Panic Disorder Raw,34,-0.040002325363375724,-0.3731206652188955,0.302252061144755,0.8222774221223454,0.02363626064634555,0.894442412362757,P20,-0.19378365889602173,-0.19378365889602173,0.08226138207440098,0.9874566402382782,1.0,1.0,0.9647529961652317,1.0,1.0
P27 omitted,Neutral Happy,ROT,Major Depression,Major Depression Raw,34,-0.04935327516057078,-0.3811576105890756,0.29371439376427416,0.7816408522476062,-0.07707160059568446,0.6648428213461255,P26,-0.13746645494597548,-0.13746645494597548,0.011669601304556569,0.9874566402382782,1.0,1.0,0.9541215817472066,1.0,1.0
P27 omitted,Neutral Happy,ROT,Separation Anxiety,Separation Anxiety Raw,34,-0.11219760912502866,-0.43390052103856785,0.23487975107933382,0.5275515959224341,-0.23728261950733479,0.1766243831048289,P20,-0.31309266207147146,-0.31309266207147146,-0.035425000335843226,0.9525914818834967,1.0,1.0,0.9359897070809916,1.0,1.0
P27 omitted,Neutral Happy,ROT,Generalized Anxiety,Generalized Anxiety Raw,34,-0.013037211842038418,-0.349661344307508,0.32656823957719017,0.94166376144787,-0.07891089165461691,0.6573261461591937,P20,-0.11466048630878274,-0.11466048630878274,0.06608806681146452,0.9922968004165909,1.0,1.0,0.9541215817472066,1.0,1.0
P27 omitted,Neutral Happy,ROT,Obsessive Compulsive,Obsessive Compulsive Raw,34,0.016691836965942133,-0.32329875501508154,0.35286574627747347,0.9253513277857466,-0.0826588310041398,0.6421117303057526,P20,-0.12273433656408081,-0.12273433656408081,0.10721980338474735,0.9922968004165909,1.0,1.0,0.9541215817472066,1.0,1.0
P27 omitted,Neutral Happy,O,Social Phobia,Social Phobia Raw,34,0.11762712522204438,-0.22967443795053705,0.4383561299590393,0.5076320817926467,0.14739965752403636,0.4054709601602532,P20,0.07553629091931274,0.07553629091931274,0.15268349801742653,0.9525914818834967,1.0,1.0,0.9541215817472066,1.0,1.0
P27 omitted,Neutral Happy,O,Panic Disorder,Panic Disorder Raw,34,0.23055108460882404,-0.116714171379134,0.5275839779128259,0.1895866213305117,0.32380132231856384,0.06174356120100031,P4,0.17898217939289907,0.17898217939289907,0.26857003201308155,0.9487061353373425,1.0,1.0,0.7682888199737801,1.0,1.0
P27 omitted,Neutral Happy,O,Major Depression,Major Depression Raw,34,-0.0034476182924680163,-0.3412155043183218,0.33510877137719736,0.9845611110577372,-0.056805761395225605,0.7496507106138399,P4,-0.08088049907296267,-0.08088049907296267,0.0281414248604125,0.9922968004165909,1.0,1.0,0.9541352209534372,1.0,1.0
P27 omitted,Neutral Happy,O,Separation Anxiety,Separation Anxiety Raw,34,0.0685452203623189,-0.2760184870917673,0.3974970779583633,0.7000984460466729,-0.07095139311170141,0.6900828244370166,P4,-0.03428539459832504,-0.03428539459832504,0.1067962395874998,0.9638929738401307,1.0,1.0,0.9541215817472066,1.0,1.0
P27 omitted,Neutral Happy,O,Generalized Anxiety,Generalized Anxiety Raw,34,0.06320700940995033,-0.2809641400932692,0.392973125622718,0.7224945706675701,0.06173616817684736,0.7287063192664254,P29,-0.025865755291948202,-0.025865755291948202,0.11492090750904482,0.9638929738401307,1.0,1.0,0.9541352209534372,1.0,1.0
P27 omitted,Neutral Happy,O,Obsessive Compulsive,Obsessive Compulsive Raw,34,0.10301767352349367,-0.2436355669709883,0.42633125088184004,0.5620705797071378,0.0464567490042064,0.7941730952577362,P29,0.016600851839926822,0.016600851839926822,0.1611206853010757,0.9525914818834967,1.0,1.0,0.9595869223790835,1.0,1.0
P27 omitted,Neutral Happy,Frontal,Social Phobia,Social Phobia Raw,34,0.15845383566340765,-0.1898866839728038,0.4713622240053418,0.37075996983544224,0.09990080738635311,0.5740222951852166,P20,0.052096778616240444,0.052096778616240444,0.22751197089621433,0.9487061353373425,1.0,1.0,0.9541215817472066,1.0,1.0
P27 omitted,Neutral Happy,Frontal,Panic Disorder,Panic Disorder Raw,34,0.07923771611133175,-0.2660571088403166,0.40651076373250755,0.6559939250729502,0.1792030218938617,0.3105452789114435,P8,0.25833394636612206,-0.024255446464939205,0.25833394636612206,0.9638929738401307,1.0,1.0,0.9541215817472066,1.0,1.0
P27 omitted,Neutral Happy,Frontal,Major Depression,Major Depression Raw,34,0.04315865766843768,-0.2993763715519469,0.3758390677333864,0.8085044561187428,0.04667284179499618,0.7932363478204489,P8,0.10701233194137295,-0.00857134961318742,0.10701233194137295,0.9874566402382782,1.0,1.0,0.9595869223790835,1.0,1.0
P27 omitted,Neutral Happy,Frontal,Separation Anxiety,Separation Anxiety Raw,34,-0.09238371440119206,-0.417506102565664,0.25370807815338187,0.6033079385262146,-0.17084348604528105,0.334021211893091,P20,-0.2630218183003801,-0.2630218183003801,-0.00840576685655399,0.9525914818834967,1.0,1.0,0.9541215817472066,1.0,1.0
P27 omitted,Neutral Happy,Frontal,Generalized Anxiety,Generalized Anxiety Raw,34,0.09372817856984617,-0.25243872996231537,0.41862527401810556,0.5980233096362795,0.09221743416892487,0.6039629163976481,P8,0.16866942827739762,0.031686390097235985,0.16866942827739762,0.9525914818834967,1.0,1.0,0.9541215817472066,1.0,1.0
P27 omitted,Neutral Happy,Frontal,Obsessive Compulsive,Obsessive Compulsive Raw,34,0.19460128480120847,-0.15367754469587155,0.49987168681266214,0.27009121852584544,0.11948240797402915,0.5009128373427592,P11,0.11004367739092405,0.11004367739092405,0.25395422544757323,0.9487061353373425,1.0,1.0,0.9541215817472066,1.0,1.0
P27 omitted,Neutral Happy,PO,Social Phobia,Social Phobia Raw,34,0.07561370135819574,-0.269441607450938,0.4034628695574163,0.6708237801919725,-0.021757537805003283,0.9027912639505384,P20,-0.05512620262993566,-0.05512620262993566,0.13971288134500395,0.9638929738401307,1.0,1.0,0.9647529961652317,1.0,1.0
P27 omitted,Neutral Happy,PO,Panic Disorder,Panic Disorder Raw,34,0.22014106746655684,-0.12751756814616821,0.5196238084116114,0.2109220962086405,0.3302897075940313,0.05641767126716229,P20,0.1546368610769219,0.1546368610769219,0.2792994046014788,0.9487061353373425,1.0,1.0,0.7682888199737801,1.0,1.0
P27 omitted,Neutral Happy,PO,Major Depression,Major Depression Raw,34,0.018569432871395473,-0.3216158661690494,0.35450897539340115,0.9169818635713419,0.026253473509685342,0.8828305138237308,P26,-0.030404922267297504,-0.030404922267297504,0.061840422553834616,0.9922968004165909,1.0,1.0,0.9647529961652317,1.0,1.0
P27 omitted,Neutral Happy,PO,Separation Anxiety,Separation Anxiety Raw,34,0.08305200376808075,-0.2624856935286139,0.40971083385524704,0.6405238044705922,-0.1095389928742057,0.5374418129346026,P20,-0.040128430820188785,-0.040128430820188785,0.14036993108842913,0.9638929738401307,1.0,1.0,0.9541215817472066,1.0,1.0
P27 omitted,Neutral Happy,PO,Generalized Anxiety,Generalized Anxiety Raw,34,0.14075503978495385,-0.20727672448679058,0.4571605681555385,0.42719453699136356,0.1889219582554652,0.28459074217547947,P16,0.21177703316309754,0.09082307878752217,0.21177703316309754,0.9525914818834967,1.0,1.0,0.9541215817472066,1.0,1.0
P27 omitted,Neutral Happy,PO,Obsessive Compulsive,Obsessive Compulsive Raw,34,0.24469971296207044,-0.10189794255999211,0.5383199468825586,0.16308458263110265,0.2026073602056359,0.2504851595720236,P20,0.18226067665603762,0.18226067665603762,0.28818885891898116,0.9487061353373425,1.0,1.0,0.9541215817472066,1.0,1.0
P27 omitted,Neutral Happy,CP,Social Phobia,Social Phobia Raw,34,0.0629678997285419,-0.2811852393778778,0.3927701140776649,0.7235032207311923,0.21696248966115952,0.21775367021709874,P25,0.302659667469507,-0.09101736251464679,0.302659667469507,0.9638929738401307,1.0,1.0,0.9359897070809916,1.0,1.0
P27 omitted,Neutral Happy,CP,Panic Disorder,Panic Disorder Raw,34,0.21910706044662784,-0.12858616368959527,0.5188302912668362,0.21312803888456622,0.5056305953953528,0.0022846677705092616,P8,0.30836591516895584,0.15038893877541218,0.30836591516895584,0.9487061353373425,1.0,1.0,0.20562009934583353,1.0,0.40895553092115783
P27 omitted,Neutral Happy,CP,Major Depression,Major Depression Raw,34,0.25855789359321424,-0.08723525434267272,0.5487439396496762,0.13981345635183848,0.46074078364073523,0.006102802486169497,P20,0.39126462753102104,0.13429332087035195,0.39126462753102104,0.9487061353373425,1.0,1.0,0.3661681491701698,1.0,1.0
P27 omitted,Neutral Happy,CP,Separation Anxiety,Separation Anxiety Raw,34,0.21303437753402793,-0.13484573046370224,0.514159548836544,0.22640341530138625,0.1356789798100957,0.4442156430202292,P20,0.1199274661356501,0.1199274661356501,0.2571221898984043,0.9487061353373425,1.0,1.0,0.9541215817472066,1.0,1.0
P27 omitted,Neutral Happy,CP,Generalized Anxiety,Generalized Anxiety Raw,34,0.26207713193075954,-0.08348770501415112,0.551376788171856,0.13431224366457495,0.5144680681403947,0.0018530396026162207,P8,0.29031977187932345,0.25130644199092084,0.29031977187932345,0.9487061353373425,1.0,1.0,0.20562009934583353,1.0,0.3335471284709197
P27 omitted,Neutral Happy,CP,Obsessive Compulsive,Obsessive Compulsive Raw,34,0.2878635553293205,-0.055726910788810154,0.5704941673729397,0.09876101767749096,0.40847756900354054,0.01646690397238284,P20,0.23937800728758307,0.23937800728758307,0.3218784048520531,0.9487061353373425,1.0,1.0,0.47110803831242776,1.0,1.0
P27 omitted,Neutral Sad,LOT,Social Phobia,Social Phobia Raw,34,-0.30291245454838084,-0.5815112763396687,0.039276517539697145,0.08161743169300184,-0.18095529681485126,0.30575929971922966,P20,-0.2363747890458804,-0.3523675506501128,-0.2363747890458804,0.9487061353373425,1.0,1.0,0.9541215817472066,1.0,1.0
P27 omitted,Neutral Sad,LOT,Panic Disorder,Panic Disorder Raw,34,-0.25049745184165817,-0.542691910146665,0.09578189631108332,0.15303230206602433,-0.26416997192974434,0.13111725661106569,P35,-0.3129658359754392,-0.3129658359754392,-0.19298409200861028,0.9487061353373425,1.0,1.0,0.9359897070809916,1.0,1.0
P27 omitted,Neutral Sad,LOT,Major Depression,Major Depression Raw,34,-0.19532407758522144,-0.500435085538458,0.15294385259017343,0.2682811631923797,-0.17840079659797878,0.31275201514036144,P20,-0.2942850951068212,-0.2942850951068212,-0.10782598499896177,0.9487061353373425,1.0,1.0,0.9541215817472066,1.0,1.0
P27 omitted,Neutral Sad,LOT,Separation Anxiety,Separation Anxiety Raw,34,-0.3439170247927417,-0.6110204673605394,-0.006508241767469809,0.04641791571398875,-0.2333927404990178,0.18403569391985322,P14,-0.2901797225513246,-0.38352492912914893,-0.2901797225513246,0.9487061353373425,1.0,1.0,0.9359897070809916,1.0,1.0
P27 omitted,Neutral Sad,LOT,Generalized Anxiety,Generalized Anxiety Raw,34,-0.290437261647074,-0.5723855831213746,0.05292667838615901,0.09564996477163404,-0.3082166591686214,0.07615698557434546,P6,-0.23324652213306413,-0.32397932171920285,-0.23324652213306413,0.9487061353373425,1.0,1.0,0.8063680825518931,1.0,1.0
P27 omitted,Neutral Sad,LOT,Obsessive Compulsive,Obsessive Compulsive Raw,34,-0.27234146867720704,-0.5590230739124449,0.07250135293837441,0.11917840608807305,-0.3624869412268011,0.03513188421533113,P11,-0.3646481910830594,-0.3646481910830594,-0.21765574367180476,0.9487061353373425,1.0,1.0,0.5897701308356812,1.0,1.0
P27 omitted,Neutral Sad,ROT,Social Phobia,Social Phobia Raw,34,0.19458970306779033,-0.15368929795029038,0.4998626570403677,0.27012028686043377,0.2188011548277795,0.21378368391112948,P26,0.29245311535408913,0.10519771470129909,0.29245311535408913,0.9487061353373425,1.0,1.0,0.9359897070809916,1.0,1.0
P27 omitted,Neutral Sad,ROT,Panic Disorder,Panic Disorder Raw,34,-0.08344381449080783,-0.41003909628816715,0.2621182941432455,0.6389429370293902,-0.12127101050575985,0.4944778549503017,P4,-0.024098549353152084,-0.1369457626425769,-0.024098549353152084,0.9638929738401307,1.0,1.0,0.9541215817472066,1.0,1.0
P27 omitted,Neutral Sad,ROT,Major Depression,Major Depression Raw,34,0.02272899499596856,-0.3178799811146724,0.35814195398952836,0.898472873081301,-0.010132919600229431,0.9546440410008243,P26,0.14189356966476482,-0.07759897661963142,0.14189356966476482,0.9922968004165909,1.0,1.0,0.9708244484754146,1.0,1.0
P27 omitted,Neutral Sad,ROT,Separation Anxiety,Separation Anxiety Raw,34,-0.038326520811588764,-0.37167504428500286,0.3037763352514805,0.8296114871762281,0.02256129824823839,0.8992181296872014,P23,-0.14209460228823118,-0.14209460228823118,0.06246731749937187,0.9889408456405369,1.0,1.0,0.9647529961652317,1.0,1.0
P27 omitted,Neutral Sad,ROT,Generalized Anxiety,Generalized Anxiety Raw,34,-0.1635309543213693,-0.47540641155241314,0.18485746451389992,0.35542561840021747,-0.1627730549424647,0.35769015819690964,P16,-0.24640698645680598,-0.24640698645680598,-0.0903884170713668,0.9487061353373425,1.0,1.0,0.9541215817472066,1.0,1.0
P27 omitted,Neutral Sad,ROT,Obsessive Compulsive,Obsessive Compulsive Raw,34,-0.1454503679697349,-0.46094392772476767,0.20268464242204967,0.41177774790875543,-0.0747347701372016,0.6744392001196475,P11,-0.20974348111424018,-0.20974348111424018,-0.08523837056116486,0.9525914818834967,1.0,1.0,0.9541215817472066,1.0,1.0
P27 omitted,Neutral Sad,O,Social Phobia,Social Phobia Raw,34,-0.1620847570618571,-0.47425578160430115,0.18629187884262172,0.3597542084662493,-0.11338435194156642,0.5231655621561412,P29,-0.10515464325297753,-0.20910720096952562,-0.10515464325297753,0.9487061353373425,1.0,1.0,0.9541215817472066,1.0,1.0
P27 omitted,Neutral Sad,O,Panic Disorder,Panic Disorder Raw,34,0.07830031820414941,-0.26693336981710836,0.40572308458502243,0.6598177787720436,-0.06488385275467405,0.715434030782603,P35,-0.14341522155812714,-0.14341522155812714,0.1271017464098909,0.9638929738401307,1.0,1.0,0.9541215817472066,1.0,1.0
P27 omitted,Neutral Sad,O,Major Depression,Major Depression Raw,34,-0.032505186531224646,-0.36664071842616924,0.30905771653769154,0.85519448265171,-0.07246572805012563,0.6838057218352249,P35,-0.13979953036741233,-0.13979953036741233,0.03766786080961294,0.9922968004165909,1.0,1.0,0.9541215817472066,1.0,1.0
P27 omitted,Neutral Sad,O,Separation Anxiety,Separation Anxiety Raw,34,-0.07224259253662026,-0.4006211293494545,0.27258228118203215,0.6847293517344257,0.031430222387201064,0.859935323058869,P14,-0.011312378262196585,-0.1140392353391039,-0.011312378262196585,0.9638929738401307,1.0,1.0,0.9647529961652317,1.0,1.0
P27 omitted,Neutral Sad,O,Generalized Anxiety,Generalized Anxiety Raw,34,-0.10746535482302785,-0.4300042272873713,0.23940041652586996,0.5452169243434998,-0.07101980248915522,0.6897988171561437,P29,0.06713015780817538,-0.22887537837927519,0.06713015780817538,0.9525914818834967,1.0,1.0,0.9541215817472066,1.0,1.0
P27 omitted,Neutral Sad,O,Obsessive Compulsive,Obsessive Compulsive Raw,34,-0.24651677574364983,-0.5396918614922667,0.09998393437995416,0.15988443329636204,-0.1735524703601958,0.3262972462096668,P29,-0.1114559294760414,-0.30433038717474253,-0.1114559294760414,0.9487061353373425,1.0,1.0,0.9541215817472066,1.0,1.0
P27 omitted,Neutral Sad,Frontal,Social Phobia,Social Phobia Raw,34,-0.15931786494576267,-0.47205139843633026,0.1890320950501028,0.36812312234206923,0.007507882763698316,0.9663861878606721,P18,-0.04820860880944024,-0.2025064931705723,-0.04820860880944024,0.9487061353373425,1.0,1.0,0.9737898703796299,1.0,1.0
P27 omitted,Neutral Sad,Frontal,Panic Disorder,Panic Disorder Raw,34,-0.06197611606486124,-0.39192771564050805,0.28210192927435307,0.7276917856875393,-0.08651180367289873,0.6266187115179368,P35,-0.15391240943359394,-0.15391240943359394,0.012037877192609334,0.9638929738401307,1.0,1.0,0.9541215817472066,1.0,1.0
P27 omitted,Neutral Sad,Frontal,Major Depression,Major Depression Raw,34,-0.008873063773817035,-0.34600056397890533,0.3302836717811838,0.9602785275018157,0.09703038162643941,0.5851293056299824,P6,0.10456313216546813,-0.06650524443736971,0.10456313216546813,0.9922968004165909,1.0,1.0,0.9541215817472066,1.0,1.0
P27 omitted,Neutral Sad,Frontal,Separation Anxiety,Separation Anxiety Raw,34,-0.21722988036224783,-0.5173883855232565,0.13052407599034174,0.21717321509334123,-0.16570884575430264,0.3489663504110284,P8,-0.2681906084138565,-0.2681906084138565,-0.19346589838823466,0.9487061353373425,1.0,1.0,0.9541215817472066,1.0,1.0
P27 omitted,Neutral Sad,Frontal,Generalized Anxiety,Generalized Anxiety Raw,34,0.006886722153042153,-0.3320522765188579,0.344250710448555,0.9691658301637083,0.09159852521477102,0.6064034667461549,P6,0.09613363461082769,-0.05680490896197338,0.09613363461082769,0.9922968004165909,1.0,1.0,0.9541215817472066,1.0,1.0
P27 omitted,Neutral Sad,Frontal,Obsessive Compulsive,Obsessive Compulsive Raw,34,-0.0962135587804742,-0.4206915824358798,0.25008906812324927,0.5883072572774776,-0.04801048642909624,0.787444117772442,P18,-0.17815953292177378,-0.17815953292177378,-0.046214371399183135,0.9525914818834967,1.0,1.0,0.9595869223790835,1.0,1.0
P27 omitted,Neutral Sad,PO,Social Phobia,Social Phobia Raw,34,-0.11316258934365613,-0.43469356160367034,0.2339560704354823,0.5239838090950708,-0.1397385526631197,0.4305737398149755,P4,-0.17798367851476976,-0.17798367851476976,-0.07506798155668695,0.9525914818834967,1.0,1.0,0.9541215817472066,1.0,1.0
P27 omitted,Neutral Sad,PO,Panic Disorder,Panic Disorder Raw,34,-0.19747811128380835,-0.5021125692529229,0.1507550578816502,0.2629340722963811,-0.22369480663992392,0.2034606479878019,P8,-0.28868368129224464,-0.28868368129224464,-0.12304876956609319,0.9487061353373425,1.0,1.0,0.9359897070809916,1.0,1.0
P27 omitted,Neutral Sad,PO,Major Depression,Major Depression Raw,34,-0.041893986422068215,-0.3747505521122917,0.3005293432501054,0.8140164354909073,0.08152394405639134,0.6467039799117366,P6,0.010352893016190209,-0.08199470588710901,0.010352893016190209,0.9874566402382782,1.0,1.0,0.9541215817472066,1.0,1.0
P27 omitted,Neutral Sad,PO,Separation Anxiety,Separation Anxiety Raw,34,-0.11374786577209746,-0.43517431097761017,0.23339553743589347,0.5218256419889358,-0.04029914652616374,0.8209799224798825,P4,-0.05459199503380004,-0.14999438716822838,-0.05459199503380004,0.9525914818834967,1.0,1.0,0.9595869223790835,1.0,1.0
P27 omitted,Neutral Sad,PO,Generalized Anxiety,Generalized Anxiety Raw,34,0.004572020363723631,-0.3341102453035681,0.3422086291108577,0.979526813474598,-0.014699087661154131,0.9342426877548906,P6,0.047126730151869765,-0.02464386850171606,0.047126730151869765,0.9922968004165909,1.0,1.0,0.9647529961652317,1.0,1.0
P27 omitted,Neutral Sad,PO,Obsessive Compulsive,Obsessive Compulsive Raw,34,-0.011582639493634205,-0.34838376971428986,0.32786726551756223,0.9481631069993665,0.07892986118440418,0.6572487930467794,P30,0.03623025386374958,-0.03391151477070189,0.03623025386374958,0.9922968004165909,1.0,1.0,0.9541215817472066,1.0,1.0
P27 omitted,Neutral Sad,CP,Social Phobia,Social Phobia Raw,34,-0.1782711785557587,-0.4870735510151506,0.17015217667997312,0.3131094848505609,-0.09913469690026144,0.5769774134685912,P18,-0.11270648475214651,-0.2199398385176132,-0.11270648475214651,0.9487061353373425,1.0,1.0,0.9541215817472066,1.0,1.0
P27 omitted,Neutral Sad,CP,Panic Disorder,Panic Disorder Raw,34,-0.02203841548957848,-0.35753950134168233,0.318500953897738,0.9015423994548079,0.0568506138421906,0.7494593569268049,P4,0.12096048259237493,-0.11259829461607632,0.12096048259237493,0.9922968004165909,1.0,1.0,0.9541352209534372,1.0,1.0
P27 omitted,Neutral Sad,CP,Major Depression,Major Depression Raw,34,0.08857716433544069,-0.2572955006376658,0.41433205951951657,0.6183773737710403,0.26268826418170543,0.13337340699483616,P6,0.1648233421162548,0.04896939448240468,0.1648233421162548,0.9610783891335429,1.0,1.0,0.9359897070809916,1.0,1.0
P27 omitted,Neutral Sad,CP,Separation Anxiety,Separation Anxiety Raw,34,-0.058856633569816755,-0.3892744864682053,0.2849811274159447,0.7409162608067025,0.03376414979219124,0.8496484968929199,P4,0.012314122787659424,-0.12173278819060081,0.012314122787659424,0.9638929738401307,1.0,1.0,0.9647529961652317,1.0,1.0
P27 omitted,Neutral Sad,CP,Generalized Anxiety,Generalized Anxiety Raw,34,0.029118393911950643,-0.3121207070373735,0.36370276788911543,0.8701471168137791,0.1339937885743103,0.44994681693987404,P6,0.0847824543145929,-0.013524517677491535,0.0847824543145929,0.9922968004165909,1.0,1.0,0.9541215817472066,1.0,1.0
P27 omitted,Neutral Sad,CP,Obsessive Compulsive,Obsessive Compulsive Raw,34,0.0004064315895246848,-0.3378056945025963,0.33852560188177716,0.9981798391299976,0.21923235065195726,0.2128599047779867,P30,0.10685042808583478,-0.03447009490985513,0.10685042808583478,0.9981798391299976,1.0,1.0,0.9359897070809916,1.0,1.0
P27 omitted,Positive Valence,LOT,Social Phobia,Social Phobia Raw,34,-0.17123685706371872,-0.4815194800676019,0.1771892369669249,0.3328927050399557,-0.11476335081653143,0.5180914688655964,P25,-0.03268814829345011,-0.2373968353241651,-0.03268814829345011,0.9487061353373425,1.0,1.0,0.9541215817472066,1.0,1.0
P27 omitted,Positive Valence,LOT,Panic Disorder,Panic Disorder Raw,34,-0.10565874498965022,-0.42851358241528464,0.24112229150496892,0.5520338466573902,-0.1479969784261375,0.4035494323482318,P25,-0.15612314547768072,-0.15612314547768072,-0.05697196061011578,0.9525914818834967,1.0,1.0,0.9541215817472066,1.0,1.0
P27 omitted,Positive Valence,LOT,Major Depression,Major Depression Raw,34,0.2511682269495407,-0.09507260281919798,0.5431967089185429,0.15189893668052612,0.16074495184000326,0.36379235630181606,P25,0.1285177263981684,0.1285177263981684,0.30102226809128807,0.9487061353373425,1.0,1.0,0.9541215817472066,1.0,1.0
P27 omitted,Positive Valence,LOT,Separation Anxiety,Separation Anxiety Raw,34,-0.09266368406568107,-0.4177392388804143,0.2534438487828003,0.6022058258453968,-0.1537280184086864,0.3853787318684544,P25,-0.2670467354521353,-0.2670467354521353,0.0033329516229194146,0.9525914818834967,1.0,1.0,0.9541215817472066,1.0,1.0
P27 omitted,Positive Valence,LOT,Generalized Anxiety,Generalized Anxiety Raw,34,0.019024415799255873,-0.32120774130340807,0.3549068539911982,0.9149550418154939,0.032028538377462154,0.8572960071178852,P16,0.15244208041281201,-0.06280464844489338,0.15244208041281201,0.9922968004165909,1.0,1.0,0.9647529961652317,1.0,1.0
P27 omitted,Positive Valence,LOT,Obsessive Compulsive,Obsessive Compulsive Raw,34,0.12528410086364913,-0.22229972138585508,0.44461297599927796,0.4801943541410624,0.030608627270329966,0.8635620006470782,P25,0.06124495917644827,0.06124495917644827,0.17710699126126017,0.9525914818834967,1.0,1.0,0.9647529961652317,1.0,1.0
P27 omitted,Positive Valence,ROT,Social Phobia,Social Phobia Raw,34,0.06958853932754491,-0.2750497548526141,0.3983793911204341,0.6957494439616125,0.12916622795505472,0.4665836275093459,P25,0.16320167765457233,-0.011990646062710053,0.16320167765457233,0.9638929738401307,1.0,1.0,0.9541215817472066,1.0,1.0
P27 omitted,Positive Valence,ROT,Panic Disorder,Panic Disorder Raw,34,0.10716431597105712,-0.23968748741983592,0.4297559603214881,0.5463500725863281,0.0976347498594143,0.582782836753208,P8,-0.09082876382308284,-0.09082876382308284,0.17475722225683948,0.9525914818834967,1.0,1.0,0.9541215817472066,1.0,1.0
P27 omitted,Positive Valence,ROT,Major Depression,Major Depression Raw,34,0.28331926546461667,-0.06065800647214532,0.567147234776268,0.10444105633167855,0.24963829196928872,0.15449289881920547,P11,0.21718779712823016,0.21718779712823016,0.33748804746039873,0.9487061353373425,1.0,1.0,0.9359897070809916,1.0,1.0
P27 omitted,Positive Valence,ROT,Separation Anxiety,Separation Anxiety Raw,34,0.13492185593604156,-0.21296035904737484,0.4524443530903348,0.4467856255317567,0.0855773381829732,0.6303621918418549,P8,0.013729427465813402,0.013729427465813402,0.18975179915715482,0.9525914818834967,1.0,1.0,0.9541215817472066,1.0,1.0
P27 omitted,Positive Valence,ROT,Generalized Anxiety,Generalized Anxiety Raw,34,0.1762205141744657,-0.17220731590040944,0.4854569885376181,0.31879900713426446,0.165867599713234,0.3484983061283421,P16,0.2885357919023029,0.09340834592116581,0.2885357919023029,0.9487061353373425,1.0,1.0,0.9541215817472066,1.0,1.0
P27 omitted,Positive Valence,ROT,Obsessive Compulsive,Obsessive Compulsive Raw,34,0.2758166315900892,-0.06876267973631511,0.5616008499747607,0.11435457103381674,0.231972997536054,0.1867945365006591,P11,0.06923782802874856,0.06923782802874856,0.4410230755061933,0.9487061353373425,1.0,1.0,0.9359897070809916,1.0,1.0
P27 omitted,Positive Valence,O,Social Phobia,Social Phobia Raw,34,-0.12013827212425186,-0.4404115280383606,0.22726024634805383,0.498548292988851,-0.02466875765215161,0.8898587812905222,P25,-0.04686446481349366,-0.18588423237360777,-0.04686446481349366,0.9525914818834967,1.0,1.0,0.9647529961652317,1.0,1.0
P27 omitted,Positive Valence,O,Panic Disorder,Panic Disorder Raw,34,-0.1587424550628992,-0.4715924775941172,0.18960127671881818,0.36987792108031714,-0.14336241751508932,0.41859420934253644,P4,-0.02607206189762128,-0.19789856112037396,-0.02607206189762128,0.9487061353373425,1.0,1.0,0.9541215817472066,1.0,1.0
P27 omitted,Positive Valence,O,Major Depression,Major Depression Raw,34,0.03986439129830225,-0.30237758900477324,0.37300173843120127,0.8228805335318985,0.031012875140096142,0.8617772266039501,P4,0.19293041159130528,-0.04662646796144558,0.19293041159130528,0.9874566402382782,1.0,1.0,0.9647529961652317,1.0,1.0
P27 omitted,Positive Valence,O,Separation Anxiety,Separation Anxiety Raw,34,-0.024503949194403303,-0.35968912070080733,0.31628259097437394,0.8905901949633643,0.05663663836109499,0.7503723709515678,P4,0.16110695716982465,-0.08671437606435534,0.16110695716982465,0.9922968004165909,1.0,1.0,0.9541352209534372,1.0,1.0
P27 omitted,Positive Valence,O,Generalized Anxiety,Generalized Anxiety Raw,34,-0.004120298099433427,-0.34180973739462367,0.33451148896782873,0.981549231882989,-0.06838943943400133,0.7007486161960383,P29,0.03768054343101804,-0.04162195304666731,0.03768054343101804,0.9922968004165909,1.0,1.0,0.9541215817472066,1.0,1.0
P27 omitted,Positive Valence,O,Obsessive Compulsive,Obsessive Compulsive Raw,34,0.002951174823942645,-0.33554939647200294,0.34077678199926015,0.9867840404142765,-0.05608992103852344,0.7527066743077115,P4,0.058046789953699426,-0.041531473186487144,0.058046789953699426,0.9922968004165909,1.0,1.0,0.9541352209534372,1.0,1.0
P27 omitted,Positive Valence,Frontal,Social Phobia,Social Phobia Raw,34,-0.13825062705076788,-0.45513789109739156,0.20971981149477126,0.4355467170396222,-0.017620541180108293,0.921210549985856,P25,0.04075744722334665,-0.20126524350506803,0.04075744722334665,0.9525914818834967,1.0,1.0,0.9647529961652317,1.0,1.0
P27 omitted,Positive Valence,Frontal,Panic Disorder,Panic Disorder Raw,34,-0.12712592333945097,-0.4461133736678906,0.22051983989059393,0.4737113768890191,-0.0790965062152217,0.6565694056294635,P35,-0.027030896123966808,-0.20792699873232928,-0.027030896123966808,0.9525914818834967,1.0,1.0,0.9541215817472066,1.0,1.0
P27 omitted,Positive Valence,Frontal,Major Depression,Major Depression Raw,34,0.17525797552843958,-0.17317091008656899,0.4846974782678927,0.3214916289252109,0.054349296037594225,0.7601528322584362,P25,-0.0012708500073672349,-0.0012708500073672349,0.23514133704490314,0.9487061353373425,1.0,1.0,0.956835732912717,1.0,1.0
P27 omitted,Positive Valence,Frontal,Separation Anxiety,Separation Anxiety Raw,34,-0.030982216387348625,-0.36532040727638704,0.3104359569257138,0.8619125630557984,-0.12945517339678855,0.4655788075453723,P25,-0.2248696498878213,-0.2248696498878213,0.05324427662504862,0.9922968004165909,1.0,1.0,0.9541215817472066,1.0,1.0
P27 omitted,Positive Valence,Frontal,Generalized Anxiety,Generalized Anxiety Raw,34,0.01289083688116818,-0.3266990198421977,0.34953283742249525,0.9423176361171985,-0.005415453348846259,0.975751000995868,P25,-0.09111133104923294,-0.09111133104923294,0.11229306622851674,0.9922968004165909,1.0,1.0,0.975751000995868,1.0,1.0
P27 omitted,Positive Valence,Frontal,Obsessive Compulsive,Obsessive Compulsive Raw,34,0.14649753313032038,-0.20165841104759802,0.4617861419093079,0.4083828589427428,0.06479085061790658,0.7158250265278507,P30,0.25218705077089576,0.07216936870119653,0.25218705077089576,0.9525914818834967,1.0,1.0,0.9541215817472066,1.0,1.0
P27 omitted,Positive Valence,PO,Social Phobia,Social Phobia Raw,34,-0.17193364254319504,-0.48207075344855715,0.17649376630376187,0.33089952053377103,-0.11047313209441807,0.5339566751364024,P25,-0.1042370696200585,-0.2180702499954723,-0.1042370696200585,0.9487061353373425,1.0,1.0,0.9541215817472066,1.0,1.0
P27 omitted,Positive Valence,PO,Panic Disorder,Panic Disorder Raw,34,-0.21330676824588754,-0.514369438678831,0.13456555059980674,0.22579618713859922,-0.23574466500864907,0.17952887362346168,P8,-0.3228033777904698,-0.3228033777904698,-0.14215183713551138,0.9487061353373425,1.0,1.0,0.9359897070809916,1.0,1.0
P27 omitted,Positive Valence,PO,Major Depression,Major Depression Raw,34,-0.014138876806868667,-0.35062812214286276,0.3255835278902226,0.9367437211591485,0.00706233790319021,0.9683799266552987,P25,-0.10473245004784378,-0.10473245004784378,0.04526848703488204,0.9922968004165909,1.0,1.0,0.9737898703796299,1.0,1.0
P27 omitted,Positive Valence,PO,Separation Anxiety,Separation Anxiety Raw,34,-0.1236467071201427,-0.4432776050491608,0.22388010621144644,0.48599619914240266,-0.09382388168060517,0.5976478978267292,P24,-0.05431639608151639,-0.1927885311214028,-0.05431639608151639,0.9525914818834967,1.0,1.0,0.9541215817472066,1.0,1.0
P27 omitted,Positive Valence,PO,Generalized Anxiety,Generalized Anxiety Raw,34,0.04287861357156299,-0.2996317675768734,0.375598109993208,0.8097242383135577,0.08958707111377097,0.6143640762637268,P24,0.12083617718236259,-0.0006147104885840856,0.12083617718236259,0.9874566402382782,1.0,1.0,0.9541215817472066,1.0,1.0
P27 omitted,Positive Valence,PO,Obsessive Compulsive,Obsessive Compulsive Raw,34,0.06812072896821074,-0.2764124314039753,0.3971379202360984,0.7018706016475182,0.1131120845319808,0.5241702461594138,P24,0.14895873341426094,0.025326532886435184,0.14895873341426094,0.9638929738401307,1.0,1.0,0.9541215817472066,1.0,1.0
P27 omitted,Positive Valence,CP,Social Phobia,Social Phobia Raw,34,-0.2204263805053555,-0.5198426722897554,0.12722256896767278,0.21031618973117291,-0.07247405198427151,0.683771275090607,P25,-0.034680423099158184,-0.2562637768205582,-0.034680423099158184,0.9487061353373425,1.0,1.0,0.9541215817472066,1.0,1.0
P27 omitted,Positive Valence,CP,Panic Disorder,Panic Disorder Raw,34,-0.02380481534465545,-0.35907992963402163,0.3169120151649999,0.8936939032968669,-0.12698696896271922,0.4741988743357918,P25,-0.10737155335719767,-0.10737155335719767,0.006404859788654729,0.9922968004165909,1.0,1.0,0.9541215817472066,1.0,1.0
P27 omitted,Positive Valence,CP,Major Depression,Major Depression Raw,34,0.28540640711782234,-0.05839529212379109,0.5686856084651929,0.1018023709443633,0.27773411449719765,0.11175637097646862,P25,0.17277335941803673,0.17277335941803673,0.3120484476996656,0.9487061353373425,1.0,1.0,0.9359897070809916,1.0,1.0
P27 omitted,Positive Valence,CP,Separation Anxiety,Separation Anxiety Raw,34,0.1092520982542453,-0.2376953274505498,0.43147675265930724,0.538514354820964,-0.021938917606907672,0.9019847698127653,P25,-0.10785765942935807,-0.10785765942935807,0.14579509325418602,0.9525914818834967,1.0,1.0,0.9647529961652317,1.0,1.0
P27 omitted,Positive Valence,CP,Generalized Anxiety,Generalized Anxiety Raw,34,0.16108603413193348,-0.1872815984616132,0.4734605501548802,0.36276178872809806,0.24029140145023545,0.1710389159296634,P16,0.22156637877335686,0.13615598783767802,0.22156637877335686,0.9487061353373425,1.0,1.0,0.9359897070809916,1.0,1.0
P27 omitted,Positive Valence,CP,Obsessive Compulsive,Obsessive Compulsive Raw,34,0.18353233617444717,-0.1648656386235618,0.49121132679243457,0.2988057445386768,0.23663420981072356,0.17784483857782493,P30,0.2758523798580171,0.15919679610815832,0.2758523798580171,0.9487061353373425,1.0,1.0,0.9359897070809916,1.0,1.0
P27 omitted,Negative Valence,LOT,Social Phobia,Social Phobia Raw,34,-0.0822396823750699,-0.4090299942966299,0.2632470850898483,0.6438062835442782,-0.17436674663446294,0.32399733542599507,P23,-0.22030890767956685,-0.22030890767956685,-0.014340694856912303,0.9638929738401307,1.0,1.0,0.9541215817472066,1.0,1.0
P27 omitted,Negative Valence,LOT,Panic Disorder,Panic Disorder Raw,34,-0.0954034854380551,-0.42001846904167883,0.2508553543821619,0.591466427280969,-0.09856166204162391,0.5791922335320785,P4,-0.16644703733851446,-0.16644703733851446,-0.040146379432969226,0.9525914818834967,1.0,1.0,0.9541215817472066,1.0,1.0
P27 omitted,Negative Valence,LOT,Major Depression,Major Depression Raw,34,-0.1817290986167401,-0.489794685552216,0.16667983273248793,0.3036607259721187,-0.11207623194193159,0.528001193080716,P26,-0.09147846555152894,-0.24212297997872742,-0.09147846555152894,0.9487061353373425,1.0,1.0,0.9541215817472066,1.0,1.0
P27 omitted,Negative Valence,LOT,Separation Anxiety,Separation Anxiety Raw,34,-0.15615892017728952,-0.4695298765404346,0.19215396534222368,0.37781760699279016,-0.23479309694201192,0.1813427881907916,P23,-0.2889129082435995,-0.2889129082435995,-0.09746863784454743,0.9487061353373425,1.0,1.0,0.9359897070809916,1.0,1.0
P27 omitted,Negative Valence,LOT,Generalized Anxiety,Generalized Anxiety Raw,34,-0.35924193733514354,-0.6218618099530546,-0.023990710340899193,0.03692445614124208,-0.4015171840073155,0.018589235365052352,P16,-0.4483261207692496,-0.4483261207692496,-0.30099841911236863,0.9487061353373425,1.0,1.0,0.47110803831242776,1.0,1.0
P27 omitted,Negative Valence,LOT,Obsessive Compulsive,Obsessive Compulsive Raw,34,-0.2336835161248332,-0.5299690708198377,0.11344720502426378,0.18347422243431594,-0.3211575257247312,0.06402406833114833,P30,-0.34286717774483383,-0.34286717774483383,-0.16255593158117518,0.9487061353373425,1.0,1.0,0.7682888199737801,1.0,1.0
P27 omitted,Negative Valence,ROT,Social Phobia,Social Phobia Raw,34,-0.09366558096612569,-0.41857318782915826,0.25249785665930025,0.5982689145819933,-0.01593509811070663,0.9287267996635848,P26,0.010777486531642434,-0.16963333547416698,0.010777486531642434,0.9525914818834967,1.0,1.0,0.9647529961652317,1.0,1.0
P27 omitted,Negative Valence,ROT,Panic Disorder,Panic Disorder Raw,34,-0.15451412899344358,-0.4682149502021007,0.19377666656824652,0.38292402375563617,-0.018074787553087772,0.919185952904195,P8,-0.06728269492839786,-0.19589967166520797,-0.06728269492839786,0.9487061353373425,1.0,1.0,0.9647529961652317,1.0,1.0
P27 omitted,Negative Valence,ROT,Major Depression,Major Depression Raw,34,-0.11834085792938684,-0.43894066852351094,0.2289886969000867,0.505041848426224,-0.04375578918280891,0.8059050258039393,P26,0.0364086011339209,-0.19236631527307893,0.0364086011339209,0.9525914818834967,1.0,1.0,0.9595869223790835,1.0,1.0
P27 omitted,Negative Valence,ROT,Separation Anxiety,Separation Anxiety Raw,34,-0.3208940529720892,-0.5945427313375211,0.019374023895413185,0.0642549168555531,-0.29267449658576833,0.09300681943877297,P26,-0.2657121715371039,-0.3735297402567339,-0.2657121715371039,0.9487061353373425,1.0,1.0,0.8370613749489567,1.0,1.0
P27 omitted,Negative Valence,ROT,Generalized Anxiety,Generalized Anxiety Raw,34,-0.23645514083631125,-0.532075537080164,0.11055026882716494,0.17818293816172892,-0.16695069038300323,0.3453152432272989,P26,-0.14482566758788007,-0.28604972615774465,-0.14482566758788007,0.9487061353373425,1.0,1.0,0.9541215817472066,1.0,1.0
P27 omitted,Negative Valence,ROT,Obsessive Compulsive,Obsessive Compulsive Raw,34,-0.15441386804930443,-0.4681347517580042,0.19387551939580724,0.38323658989961895,-0.31587481848010573,0.06877885335822413,P11,-0.32833009413181546,-0.32833009413181546,-0.07880491456408079,0.9487061353373425,1.0,1.0,0.7737621002800215,1.0,1.0
P27 omitted,Negative Valence,O,Social Phobia,Social Phobia Raw,34,-0.1677951079351977,-0.4787928769637655,0.18061939471820226,0.34284589640561314,-0.39454690033720746,0.0209381350361079,P4,-0.40229507275540866,-0.40229507275540866,-0.14447160703658357,0.9487061353373425,1.0,1.0,0.47110803831242776,1.0,1.0
P27 omitted,Negative Valence,O,Panic Disorder,Panic Disorder Raw,34,-0.21972355334271562,-0.5193034621113815,0.12794914569060184,0.21181091708385374,-0.12466968850719516,0.4823672021940537,P8,-0.19587759002965505,-0.24272975622490545,-0.19587759002965505,0.9487061353373425,1.0,1.0,0.9541215817472066,1.0,1.0
P27 omitted,Negative Valence,O,Major Depression,Major Depression Raw,34,-0.11708990815419834,-0.43791597656283393,0.23019035872516597,0.5095860863007473,-0.25670062987247894,0.14278238951877847,P4,-0.2441387989055025,-0.2441387989055025,-0.09067723599536874,0.9525914818834967,1.0,1.0,0.9359897070809916,1.0,1.0
P27 omitted,Negative Valence,O,Separation Anxiety,Separation Anxiety Raw,34,-0.22579660742734584,-0.5239548583060762,0.12165853014553155,0.19913484189092143,-0.41823979097423986,0.013834548804129645,P4,-0.4271802524302594,-0.4271802524302594,-0.19776250590320993,0.9487061353373425,1.0,1.0,0.47110803831242776,1.0,1.0
P27 omitted,Negative Valence,O,Generalized Anxiety,Generalized Anxiety Raw,34,-0.146713467980856,-0.4619597433545519,0.20144669782295097,0.4076847819748288,-0.36082392027169935,0.03604150799551385,P4,-0.4595144953298275,-0.4595144953298275,-0.10070799840523481,0.9525914818834967,1.0,1.0,0.5897701308356812,1.0,1.0
P27 omitted,Negative Valence,O,Obsessive Compulsive,Obsessive Compulsive Raw,34,-0.11276600305986134,-0.43436769919434054,0.23433575933378625,0.525448666362883,-0.43085138792195427,0.010965455640393779,P4,-0.2956949938986602,-0.2956949938986602,-0.08728485967398343,0.9525914818834967,1.0,1.0,0.47110803831242776,1.0,1.0
P27 omitted,Negative Valence,Frontal,Social Phobia,Social Phobia Raw,34,0.03376275754236597,-0.3079185716107729,0.367729933093611,0.8496546261715885,-0.0635871703456082,0.7208918617645561,P1,-0.05438412978210157,-0.05438412978210157,0.05705553951393747,0.9922968004165909,1.0,1.0,0.9541215817472066,1.0,1.0
P27 omitted,Negative Valence,Frontal,Panic Disorder,Panic Disorder Raw,34,-0.05679548959060201,-0.3875183979341474,0.2868801096106933,0.7496945352089905,0.10273276686156725,0.5631582912157169,P1,0.10435112740801972,-0.07220304022976537,0.10435112740801972,0.9638929738401307,1.0,1.0,0.9541215817472066,1.0,1.0
P27 omitted,Negative Valence,Frontal,Major Depression,Major Depression Raw,34,-0.08449522681939263,-0.41091956071560426,0.261131893584003,0.6347084560766353,-0.04068520748576969,0.8192930254493886,P1,0.04647619775130317,-0.10636976310925672,0.04647619775130317,0.9638929738401307,1.0,1.0,0.9595869223790835,1.0,1.0
P27 omitted,Negative Valence,Frontal,Separation Anxiety,Separation Anxiety Raw,34,-0.10832870477811354,-0.4307159621903922,0.23857678880355748,0.5419733412825017,-0.15730670709633798,0.3742779793091815,P1,-0.06343084650197758,-0.11955287744815439,-0.06343084650197758,0.9525914818834967,1.0,1.0,0.9541215817472066,1.0,1.0
P27 omitted,Negative Valence,Frontal,Generalized Anxiety,Generalized Anxiety Raw,34,-0.05850263641764759,-0.3889730526864683,0.28530746570582444,0.7424216631433912,-0.21429722537577336,0.22359754113601468,P1,-0.37315381070316334,-0.37315381070316334,-0.00947102198159979,0.9638929738401307,1.0,1.0,0.9359897070809916,1.0,1.0
P27 omitted,Negative Valence,Frontal,Obsessive Compulsive,Obsessive Compulsive Raw,34,-0.1798190255497384,-0.48829233700336705,0.168598942171963,0.30885745447291246,-0.23523584612832268,0.18049719882794016,P1,-0.09871474402966134,-0.220347399318979,-0.09871474402966134,0.9487061353373425,1.0,1.0,0.9359897070809916,1.0,1.0
P27 omitted,Negative Valence,PO,Social Phobia,Social Phobia Raw,34,-0.030904235205284205,-0.3652527666933241,0.31050648884914805,0.8622568115539364,-0.08978814896994314,0.6135663132332474,P23,-0.11464647619680088,-0.11464647619680088,0.01386315297324111,0.9922968004165909,1.0,1.0,0.9541215817472066,1.0,1.0
P27 omitted,Negative Valence,PO,Panic Disorder,Panic Disorder Raw,34,0.1137186634478777,-0.23342351065809244,0.4351503283666587,0.5219332202943242,0.08790217194621318,0.6210658119075493,P4,0.005403119607366856,0.005403119607366856,0.16203191070261008,0.9525914818834967,1.0,1.0,0.9541215817472066,1.0,1.0
P27 omitted,Negative Valence,PO,Major Depression,Major Depression Raw,34,-0.06089954476004856,-0.39101267383489197,0.2830962764170104,0.7322472119609122,-0.040378149316065766,0.8206346546098572,P25,0.007483697885833253,-0.12323527348437952,0.007483697885833253,0.9638929738401307,1.0,1.0,0.9595869223790835,1.0,1.0
P27 omitted,Negative Valence,PO,Separation Anxiety,Separation Anxiety Raw,34,-0.15647364378594952,-0.46978132360644315,0.19184325130749727,0.37684509130712707,-0.2953196143114239,0.08995420787067084,P4,-0.305108019334031,-0.305108019334031,-0.0994773037899305,0.9487061353373425,1.0,1.0,0.8370613749489567,1.0,1.0
P27 omitted,Negative Valence,PO,Generalized Anxiety,Generalized Anxiety Raw,34,-0.20884589685392163,-0.5109275802210378,0.13914698996583613,0.23588043157880945,-0.18830304930131136,0.286200566665284,P4,-0.28852870183719453,-0.28852870183719453,-0.15107525398114935,0.9487061353373425,1.0,1.0,0.9541215817472066,1.0,1.0
P27 omitted,Negative Valence,PO,Obsessive Compulsive,Obsessive Compulsive Raw,34,-0.16311056983921904,-0.47507205332581365,0.18527457698717448,0.35668062612595336,-0.3415114859907881,0.04807144519829711,P30,-0.3230001326966804,-0.3230001326966804,-0.10654171241330807,0.9487061353373425,1.0,1.0,0.7210716779744567,1.0,1.0
P27 omitted,Negative Valence,CP,Social Phobia,Social Phobia Raw,34,0.23011008054788168,-0.11717351342589732,0.5272478125607486,0.19045850004686804,0.18723740280080292,0.28898608456924296,P25,0.07688870439437408,0.07688870439437408,0.28220671040183887,0.9487061353373425,1.0,1.0,0.9541215817472066,1.0,1.0
P27 omitted,Negative Valence,CP,Panic Disorder,Panic Disorder Raw,34,0.09947833330005723,-0.24699636147999346,0.4234007616073525,0.5756510604266655,0.21936921645627896,0.2125672628289583,P25,0.21733258721945747,0.054556492452750495,0.21733258721945747,0.9525914818834967,1.0,1.0,0.9359897070809916,1.0,1.0
P27 omitted,Negative Valence,CP,Major Depression,Major Depression Raw,34,-0.059818544859400864,-0.3900932108188517,0.284093970400428,0.7368304351114067,0.20189074658032888,0.2522004370068134,P25,0.2777798442694173,-0.09830678711548638,0.2777798442694173,0.9638929738401307,1.0,1.0,0.9541215817472066,1.0,1.0
P27 omitted,Negative Valence,CP,Separation Anxiety,Separation Anxiety Raw,34,-0.15213830866553418,-0.4663131474364653,0.19611721932296391,0.39037064718291803,-0.09537983328393194,0.59155877871392,P25,-0.027813269754508672,-0.1965133072084001,-0.027813269754508672,0.9495502228773682,1.0,1.0,0.9541215817472066,1.0,1.0
P27 omitted,Negative Valence,CP,Generalized Anxiety,Generalized Anxiety Raw,34,-0.06839979674510671,-0.39737404790811376,0.2761534588299016,0.7007053822471544,0.08014870956292464,0.6522859867375737,P25,0.03266198620714732,-0.08954692993070809,0.03266198620714732,0.9638929738401307,1.0,1.0,0.9541215817472066,1.0,1.0
P27 omitted,Negative Valence,CP,Obsessive Compulsive,Obsessive Compulsive Raw,34,-0.04993377755176371,-0.38165489240936956,0.29318256893375017,0.7791355965754774,-0.052671698703765785,0.767349459851548,P25,0.10005890618735669,-0.13681409175238662,0.10005890618735669,0.9874566402382782,1.0,1.0,0.959186824814435,1.0,1.0
Workbook QC flags honored,Neutral Angry,LOT,Social Phobia,Social Phobia Raw,34,-0.10402142022463773,-0.427161095794163,0.24268093765359477,0.5582462154844517,0.06971605423434152,0.6952185565905085,P25,0.1837687130811123,-0.15071207466251912,0.1837687130811123,0.88486561602393,1.0,1.0,0.9816290320627653,1.0,1.0
Workbook QC flags honored,Neutral Angry,LOT,Panic Disorder,Panic Disorder Raw,34,0.056398419948024234,-0.28724562953105953,0.3871798198189286,0.7513892191345755,0.052593320682845994,0.7676861619395232,P8,-0.043342510981582025,-0.043342510981582025,0.13298604012654633,0.945804611498067,1.0,1.0,0.9816290320627653,1.0,1.0
Workbook QC flags honored,Neutral Angry,LOT,Major Depression,Major Depression Raw,34,0.1234986223027848,-0.2240229451197088,0.4431567649791332,0.4865226882524871,0.013039917528581356,0.9416516751696848,P25,-0.11518437088521821,-0.11518437088521821,0.22332053756256356,0.8739886304140586,1.0,1.0,0.9816290320627653,1.0,1.0
Workbook QC flags honored,Neutral Angry,LOT,Separation Anxiety,Separation Anxiety Raw,34,0.056780355868183856,-0.28689404269664387,0.38750549516512595,0.7497591045503484,0.13879451941932272,0.43372526061729,P27,0.2766377719671237,-0.05678039315086098,0.2766377719671237,0.945804611498067,1.0,1.0,0.9816290320627653,1.0,1.0
Workbook QC flags honored,Neutral Angry,LOT,Generalized Anxiety,Generalized Anxiety Raw,34,0.072267733986312,-0.2725588854648166,0.40064234622013956,0.6846252606877974,0.03960396797877731,0.8240194959380093,P27,0.2194005090545222,-0.0013107812212409418,0.2194005090545222,0.9131469798364417,1.0,1.0,0.9816290320627653,1.0,1.0
Workbook QC flags honored,Neutral Angry,LOT,Obsessive Compulsive,Obsessive Compulsive Raw,34,0.15349573260225938,-0.19478043125257344,0.46740009738309213,0.3861058157726506,0.11993347556187801,0.4992860253460851,P30,0.22355633122503124,0.10436330482435584,0.22355633122503124,0.8359509692519924,1.0,1.0,0.9816290320627653,1.0,1.0
Workbook QC flags honored,Neutral Angry,ROT,Social Phobia,Social Phobia Raw,34,-0.22903826581091544,-0.526430409531992,0.11828927766774747,0.19258921939863083,0.04152318834616824,0.8156342088817322,P27,0.10890144680059914,-0.2672223636433014,0.10890144680059914,0.5875603303687043,1.0,1.0,0.9816290320627653,1.0,1.0
Workbook QC flags honored,Neutral Angry,ROT,Panic Disorder,Panic Disorder Raw,34,-0.19249239592037223,-0.49822638328760005,0.1558160418703475,0.2754178889530601,0.12292339174260486,0.48857059945369885,P27,0.06259632744429955,-0.23077865353804244,0.06259632744429955,0.6972000848765392,1.0,1.0,0.9816290320627653,1.0,1.0
Workbook QC flags honored,Neutral Angry,ROT,Major Depression,Major Depression Raw,34,-0.293899097262681,-0.574924961607909,0.04915161163617354,0.091583870347904,-0.01810247374556,0.919062570265708,P27,0.0911519687684011,-0.33470271393572815,0.0911519687684011,0.46136757204949624,1.0,1.0,0.9816290320627653,1.0,1.0
Workbook QC flags honored,Neutral Angry,ROT,Separation Anxiety,Separation Anxiety Raw,34,-0.5786965556221192,-0.7668025746396979,-0.29905440721003856,0.0003367038804628456,-0.046575342087021056,0.7936589672832822,P27,0.08497268893139437,-0.640285637632879,0.08497268893139437,0.012121339696662441,0.06997586038411432,0.05925988296146082,0.9816290320627653,1.0,1.0
Workbook QC flags honored,Neutral Angry,ROT,Generalized Anxiety,Generalized Anxiety Raw,34,-0.4289791834933834,-0.6699568855396191,-0.10622280853832304,0.011356507186305731,0.008663367995357536,0.961216546170893,P27,0.09722995710865359,-0.5332683922163038,0.09722995710865359,0.12776070584593946,0.7375558757183411,1.0,0.9816290320627653,1.0,1.0
Workbook QC flags honored,Neutral Angry,ROT,Obsessive Compulsive,Obsessive Compulsive Raw,34,-0.042087882274091645,-0.37491749985952627,0.3003526377924805,0.8131707778734265,-0.05725155560457048,0.747749475424154,P30,-0.08964269331258193,-0.08964269331258193,-0.005420662628682023,0.9609147156860134,1.0,1.0,0.9816290320627653,1.0,1.0
Workbook QC flags honored,Neutral Angry,O,Social Phobia,Social Phobia Raw,34,0.004609133049079853,-0.334077274390884,0.3422413959247515,0.9793606606329779,-0.06266783776229819,0.724769636438133,P4,-0.08487674420111506,-0.08487674420111506,0.049539887233880545,0.9828468428527923,1.0,1.0,0.9816290320627653,1.0,1.0
Workbook QC flags honored,Neutral Angry,O,Panic Disorder,Panic Disorder Raw,34,0.0371458342749328,-0.30484921058011866,0.37065556175904746,0.834787237216172,-0.13171465062507473,0.4577610073409035,P4,-0.20092321587397757,-0.20092321587397757,0.08427643031777816,0.9632160429417369,1.0,1.0,0.9816290320627653,1.0,1.0
Workbook QC flags honored,Neutral Angry,O,Major Depression,Major Depression Raw,34,-0.07038783782746552,-0.39905492984842533,0.27430712436884147,0.6924240500910266,-0.20434317821259257,0.2463625354223708,P4,-0.20839222159595888,-0.20839222159595888,-0.043518119076396196,0.9131469798364417,1.0,1.0,0.9816290320627653,1.0,1.0
Workbook QC flags honored,Neutral Angry,O,Separation Anxiety,Separation Anxiety Raw,34,0.03261518994834999,-0.3089581112968013,0.3667360317916757,0.8547096199019226,-0.08181735093286699,0.6455154897651629,P4,-0.09809940679556413,-0.09809940679556413,0.11032518273810007,0.9704266697631894,1.0,1.0,0.9816290320627653,1.0,1.0
Workbook QC flags honored,Neutral Angry,O,Generalized Anxiety,Generalized Anxiety Raw,34,-0.0845889978509025,-0.4109980560607314,0.2610438856062582,0.6343313502586551,-0.16599631891104707,0.3481190904279421,P16,-0.1946016388479803,-0.1946016388479803,-0.008235622947876666,0.9131469798364417,1.0,1.0,0.9816290320627653,1.0,1.0
Workbook QC flags honored,Neutral Angry,O,Obsessive Compulsive,Obsessive Compulsive Raw,34,-0.1299824555035773,-0.4484368393570214,0.21775478612560498,0.4637481168471509,-0.2507276798292301,0.1526426125345727,P4,-0.28575337777454296,-0.28575337777454296,-0.038086313461892674,0.8519163345440006,1.0,1.0,0.8081079487124437,1.0,1.0
Workbook QC flags honored,Neutral Angry,Frontal,Social Phobia,Social Phobia Raw,34,-0.04543119993527855,-0.3777927640687532,0.29730203010678663,0.7986226146072353,0.017160874888453293,0.9232597989440126,P27,0.008203241710830053,-0.07962059359364984,0.008203241710830053,0.9609147156860134,1.0,1.0,0.9816290320627653,1.0,1.0
Workbook QC flags honored,Neutral Angry,Frontal,Panic Disorder,Panic Disorder Raw,34,0.02633829843432467,-0.3146297145612461,0.361286125688137,0.8824545552014167,0.15099372712171916,0.39398784782006746,P1,-0.11692700104792554,-0.11692700104792554,0.07223662983561463,0.9704266697631894,1.0,1.0,0.9816290320627653,1.0,1.0
Workbook QC flags honored,Neutral Angry,Frontal,Major Depression,Major Depression Raw,34,0.042606631861752425,-0.29987976384479575,0.3753640462898088,0.8109093248311836,0.10033065957284949,0.5723672217698537,P1,-0.10511739716820928,-0.10511739716820928,0.11651983834767461,0.9609147156860134,1.0,1.0,0.9816290320627653,1.0,1.0
Workbook QC flags honored,Neutral Angry,Frontal,Separation Anxiety,Separation Anxiety Raw,34,0.010462479346190436,-0.3288667659148161,0.3473990611970245,0.9531704874111179,0.05387214568065435,0.7621977498840202,P1,-0.19671206595435442,-0.19671206595435442,0.17390644009452344,0.9804039299085784,1.0,1.0,0.9816290320627653,1.0,1.0
Workbook QC flags honored,Neutral Angry,Frontal,Generalized Anxiety,Generalized Anxiety Raw,34,0.031155450784818184,-0.3102792575274204,0.3654706575069407,0.8611479079963296,0.12979581693044595,0.46439567747100574,P16,-0.09202803560927664,-0.09202803560927664,0.14355093957250026,0.9704266697631894,1.0,1.0,0.9816290320627653,1.0,1.0
Workbook QC flags honored,Neutral Angry,Frontal,Obsessive Compulsive,Obsessive Compulsive Raw,34,0.16070088268222207,-0.1876630889565768,0.473153737841599,0.3639256367001288,0.09262650053097175,0.602352150675306,P1,0.001112017799927481,0.001112017799927481,0.2243168034491059,0.8087236371113973,1.0,1.0,0.9816290320627653,1.0,1.0
Workbook QC flags honored,Neutral Angry,PO,Social Phobia,Social Phobia Raw,34,0.2481623964723676,-0.09824829945922667,0.5409329920673696,0.15702545785916913,0.15352854141276964,0.38600307171309367,P13,0.1786955778990081,0.1786955778990081,0.2957167606096206,0.5768282125438866,1.0,1.0,0.9816290320627653,1.0,1.0
Workbook QC flags honored,Neutral Angry,PO,Panic Disorder,Panic Disorder Raw,34,0.14274216066449155,-0.2053351687450552,0.4587631315126322,0.4206312536192174,0.12724190487785322,0.47330467667764964,P13,0.0413027916262815,0.0413027916262815,0.2382747643983265,0.8442521268190372,1.0,1.0,0.9816290320627653,1.0,1.0
Workbook QC flags honored,Neutral Angry,PO,Major Depression,Major Depression Raw,34,0.11582482178690924,-0.23140452403259598,0.4368788564131199,0.514202312924539,0.14574025473120336,0.4108363487686175,P13,0.04832104486202365,0.04832104486202365,0.1710574469329762,0.8785790945733933,1.0,1.0,0.9816290320627653,1.0,1.0
Workbook QC flags honored,Neutral Angry,PO,Separation Anxiety,Separation Anxiety Raw,34,0.10063839296985891,-0.24589573974581166,0.4243620107169454,0.5711836735531322,0.09703196268129387,0.5851231617106216,P27,0.2284506116049986,0.04771005652546154,0.2284506116049986,0.8882159380268246,1.0,1.0,0.9816290320627653,1.0,1.0
Workbook QC flags honored,Neutral Angry,PO,Generalized Anxiety,Generalized Anxiety Raw,34,0.24280112639697796,-0.10389508640525671,0.5368848158795666,0.1664771656454,0.13118814392969985,0.459576426577317,P16,0.04970027221271275,0.04970027221271275,0.34501062718623093,0.581553508024124,1.0,1.0,0.9816290320627653,1.0,1.0
Workbook QC flags honored,Neutral Angry,PO,Obsessive Compulsive,Obsessive Compulsive Raw,34,0.040039264660971775,-0.30221844226352906,0.37315251243286335,0.8221159234202559,0.04608052036465429,0.7958046946336564,P30,0.13820835668671147,-0.043743670027034505,0.13820835668671147,0.9609147156860134,1.0,1.0,0.9816290320627653,1.0,1.0
Workbook QC flags honored,Neutral Angry,CP,Social Phobia,Social Phobia Raw,34,-0.20606662929932137,-0.5087782825499502,0.14199386322165672,0.2423143251525839,-0.16563308709301797,0.3491898388242507,P25,-0.023224202261474376,-0.27451284197136294,-0.023224202261474376,0.6644120839992373,1.0,1.0,0.9816290320627653,1.0,1.0
Workbook QC flags honored,Neutral Angry,CP,Panic Disorder,Panic Disorder Raw,34,0.02576259706626107,-0.3151486843225031,0.36078512512017946,0.8850066535643553,0.00401004791130204,0.9820428537081278,P35,0.0710814566370894,-0.014440741943017777,0.0710814566370894,0.9704266697631894,1.0,1.0,0.9842186210896053,1.0,1.0
Workbook QC flags honored,Neutral Angry,CP,Major Depression,Major Depression Raw,34,0.191135877258239,-0.15718988233799142,0.4971668956723877,0.27888003395061567,0.058296101892481356,0.743300402368754,P25,0.023468466707793824,0.023468466707793824,0.23559150489478659,0.6972000848765392,1.0,1.0,0.9816290320627653,1.0,1.0
Workbook QC flags honored,Neutral Angry,CP,Separation Anxiety,Separation Anxiety Raw,34,0.09197255627986133,-0.2540960267758296,0.4171636454047133,0.6049280437616211,0.01024657525914463,0.9541358379118571,P27,0.19141557040940316,0.013519632207361553,0.19141557040940316,0.9131469798364417,1.0,1.0,0.9816290320627653,1.0,1.0
Workbook QC flags honored,Neutral Angry,CP,Generalized Anxiety,Generalized Anxiety Raw,34,0.16196340772037054,-0.18641217198812404,0.4741591845752387,0.36011884492889923,0.055693079970155594,0.754402406364857,P27,0.2340276903303316,0.11141558040044927,0.2340276903303316,0.8087236371113973,1.0,1.0,0.9816290320627653,1.0,1.0
Workbook QC flags honored,Neutral Angry,CP,Obsessive Compulsive,Obsessive Compulsive Raw,34,0.16987853906221842,-0.1785439922285848,0.4804441179920329,0.3367993960220261,0.07478387480055007,0.6742370218403663,P30,0.24963577217074545,0.11349810326679742,0.24963577217074545,0.7772293754354448,1.0,1.0,0.9816290320627653,1.0,1.0
Workbook QC flags honored,Neutral Happy,LOT,Social Phobia,Social Phobia Raw,34,0.1609973698257866,-0.1873694293048922,0.47338992673059066,0.3630295170943944,0.1950517297589379,0.26896225688513403,P27,0.03980296940233653,0.03980296940233653,0.23262964600960323,0.8087236371113973,1.0,1.0,0.9816290320627653,1.0,1.0
Workbook QC flags honored,Neutral Happy,LOT,Panic Disorder,Panic Disorder Raw,34,0.27623440099293406,-0.06831257959653597,0.5619103662188171,0.11378467094822647,0.3596704511213984,0.03668357730649249,P7,0.3650241278722042,0.19972513411160295,0.3650241278722042,0.5039671236219685,1.0,1.0,0.5632685471350796,1.0,1.0
Workbook QC flags honored,Neutral Happy,LOT,Major Depression,Major Depression Raw,34,0.018110263140504037,-0.3220276185333821,0.35410731209841656,0.9190278574086126,-0.01886952771782949,0.915644966443659,P27,-0.16209739832848022,-0.16209739832848022,0.1277352082368609,0.9704266697631894,1.0,1.0,0.9816290320627653,1.0,1.0
Workbook QC flags honored,Neutral Happy,LOT,Separation Anxiety,Separation Anxiety Raw,34,0.2702515532128511,-0.07474508301614399,0.5574701615036478,0.12215157847557472,-0.02468493130612116,0.8897870080288444,P27,-0.02311093885102318,-0.02311093885102318,0.3803842375154664,0.5039671236219685,1.0,1.0,0.9816290320627653,1.0,1.0
Workbook QC flags honored,Neutral Happy,LOT,Generalized Anxiety,Generalized Anxiety Raw,34,0.0770145270559089,-0.26813437410470625,0.4046418650054098,0.6650765839716277,0.06141709096708825,0.7300561237658818,P27,-0.18121310571139385,-0.18121310571139385,0.2351596258874158,0.9131469798364417,1.0,1.0,0.9816290320627653,1.0,1.0
Workbook QC flags honored,Neutral Happy,LOT,Obsessive Compulsive,Obsessive Compulsive Raw,34,0.08264906698223556,-0.26286342131543855,0.40937316164881754,0.6421511846039549,0.12210562130297281,0.4914895886545987,P30,0.011525483555317576,0.011525483555317576,0.13882706544907752,0.9131469798364417,1.0,1.0,0.9816290320627653,1.0,1.0
Workbook QC flags honored,Neutral Happy,ROT,Social Phobia,Social Phobia Raw,34,0.27271123378339857,-0.0721040099359781,0.5592976187639843,0.11865803942541422,0.06971605423434152,0.6952185565905085,P27,-0.06195145213123254,-0.06195145213123254,0.3021838668069359,0.5039671236219685,1.0,1.0,0.9816290320627653,1.0,1.0
Workbook QC flags honored,Neutral Happy,ROT,Panic Disorder,Panic Disorder Raw,34,0.19586325413670666,-0.15239629541656755,0.50085519183431,0.26693610832509923,0.012647074181798742,0.9434066355592714,P27,-0.19378365889602173,-0.19378365889602173,0.29507810890043257,0.696355065195911,1.0,1.0,0.9816290320627653,1.0,1.0
Workbook QC flags honored,Neutral Happy,ROT,Major Depression,Major Depression Raw,34,0.340498419924089,0.002636275952752743,0.6085882886384735,0.04878175878764346,0.020403635662368472,0.9088142710663621,P27,-0.02217522597041217,-0.02217522597041217,0.37283980397416056,0.32037262328452815,1.0,1.0,0.9816290320627653,1.0,1.0
Workbook QC flags honored,Neutral Happy,ROT,Separation Anxiety,Separation Anxiety Raw,34,0.5978072571104798,0.3254297587260714,0.7785773802379443,0.00018884810920734546,-0.21517808044203726,0.22165448075380575,P27,-0.31309266207147146,-0.31309266207147146,0.6526618332390616,0.01050509379847456,0.06064535730868828,0.03361496343890749,0.9278559659461636,1.0,1.0
Workbook QC flags honored,Neutral Happy,ROT,Generalized Anxiety,Generalized Anxiety Raw,34,0.47003633179915555,0.15679288967314353,0.6973570171690178,0.0050321048966998965,-0.022586637987896438,0.8991055125882186,P27,-0.11466048630878274,-0.11466048630878274,0.5577505222106269,0.06967529856969089,0.40223185612697926,0.8453936226455826,0.9816290320627653,1.0,1.0
Workbook QC flags honored,Neutral Happy,ROT,Obsessive Compulsive,Obsessive Compulsive Raw,34,0.022100671059954658,-0.3184449853402976,0.3575938237519823,0.9012656242536803,-0.12303654090629919,0.48816742142166136,P27,-0.12273433656408081,-0.12273433656408081,0.07485044761398853,0.9704266697631894,1.0,1.0,0.9816290320627653,1.0,1.0
Workbook QC flags honored,Neutral Happy,O,Social Phobia,Social Phobia Raw,34,0.12044215137420766,-0.22696780995044208,0.44066002864063164,0.49745465603134337,0.14923832269065634,0.3995727900822875,P27,0.07553629091931274,0.07553629091931274,0.15580085953775885,0.8778611577023707,1.0,1.0,0.9816290320627653,1.0,1.0
Workbook QC flags honored,Neutral Happy,O,Panic Disorder,Panic Disorder Raw,34,0.2318609931997688,-0.11534891713269102,0.528581937229179,0.18701341421883877,0.3132464349174786,0.0712452622369736,P4,0.17145114287408533,0.17145114287408533,0.2699265865979594,0.5859058436648759,1.0,1.0,0.6544798413215045,1.0,1.0
Workbook QC flags honored,Neutral Happy,O,Major Depression,Major Depression Raw,34,0.06768619416507685,-0.2768155764954686,0.3967701604791702,0.703686286597455,0.027613943001701693,0.8768037653692367,P27,0.008517975223204365,0.008517975223204365,0.0984388307824601,0.9131469798364417,1.0,1.0,0.9816290320627653,1.0,1.0
Workbook QC flags honored,Neutral Happy,O,Separation Anxiety,Separation Anxiety Raw,34,0.1302095868745284,-0.21753468864905287,0.4486214005009155,0.46296070901386466,-0.06178995383544792,0.7284788664818751,P27,0.025724829362531353,0.025724829362531353,0.16464744214349478,0.8519163345440006,1.0,1.0,0.9816290320627653,1.0,1.0
Workbook QC flags honored,Neutral Happy,O,Generalized Anxiety,Generalized Anxiety Raw,34,0.11712054490032142,-0.23016094172530813,0.4379410820382957,0.5094745514068568,0.10581685194329561,0.5514356705098059,P4,0.203718458882761,0.0379150146638624,0.203718458882761,0.8785790945733933,1.0,1.0,0.9816290320627653,1.0,1.0
Workbook QC flags honored,Neutral Happy,O,Obsessive Compulsive,Obsessive Compulsive Raw,34,0.07287084140879288,-0.27199753342083266,0.4011512030752412,0.682129978640784,0.008843736231600318,0.9604097133930894,P29,-0.013132105825541852,-0.013132105825541852,0.10683805152235532,0.9131469798364417,1.0,1.0,0.9816290320627653,1.0,1.0
Workbook QC flags honored,Neutral Happy,Frontal,Social Phobia,Social Phobia Raw,34,-0.005953057051690967,-0.3434273942664839,0.332882773479097,0.9733445651839128,-0.033555639290814926,0.8505665454284596,P18,-0.11510831590258012,-0.11510831590258012,0.06620173956659635,0.9828468428527923,1.0,1.0,0.9816290320627653,1.0,1.0
Workbook QC flags honored,Neutral Happy,Frontal,Panic Disorder,Panic Disorder Raw,34,-0.06733560317909199,-0.39647336785210896,0.2771407532910273,0.7051523899848078,0.04303089874051036,0.8090608782101854,P8,0.11182037955056362,-0.14015206362985688,0.11182037955056362,0.9131469798364417,1.0,1.0,0.9816290320627653,1.0,1.0
Workbook QC flags honored,Neutral Happy,Frontal,Major Depression,Major Depression Raw,34,0.017942327135527056,-0.32217818005565396,0.3539603774402371,0.9197762841432253,-0.014420614678666439,0.9354858407138427,P8,0.09254638288089363,-0.05127960939290311,0.09254638288089363,0.9704266697631894,1.0,1.0,0.9816290320627653,1.0,1.0
Workbook QC flags honored,Neutral Happy,Frontal,Separation Anxiety,Separation Anxiety Raw,34,-0.3208931948868723,-0.5945421128851374,0.01937498012398437,0.06425566975655361,-0.3080182623354992,0.07635598148750886,P4,-0.38461139670270095,-0.38461139670270095,-0.2617858491108095,0.34017707518175444,1.0,1.0,0.6544798413215045,1.0,1.0
Workbook QC flags honored,Neutral Happy,Frontal,Generalized Anxiety,Generalized Anxiety Raw,34,-0.06755980509909867,-0.39666317380827837,0.27693281276784565,0.7042147005414974,-0.008508664995440438,0.9619086020152197,P27,0.031686390097235985,-0.12497036447548739,0.031686390097235985,0.9131469798364417,1.0,1.0,0.9816290320627653,1.0,1.0
Workbook QC flags honored,Neutral Happy,Frontal,Obsessive Compulsive,Obsessive Compulsive Raw,34,0.10811219937041637,-0.23878337981652775,0.4305375155053927,0.5427858844432797,0.023428143350379793,0.8953667324167502,P11,-0.004906315569453133,-0.004906315569453133,0.1782005978884929,0.88486561602393,1.0,1.0,0.9816290320627653,1.0,1.0
Workbook QC flags honored,Neutral Happy,PO,Social Phobia,Social Phobia Raw,34,0.016117892140619924,-0.3238127528399401,0.3523630286900874,0.927911323572384,-0.010112658416409978,0.9547346392741982,P23,0.09364588991901493,-0.05512620262993566,0.09364588991901493,0.9704266697631894,1.0,1.0,0.9816290320627653,1.0,1.0
Workbook QC flags honored,Neutral Happy,PO,Panic Disorder,Panic Disorder Raw,34,0.20047698672479733,-0.14770209153429867,0.5044441740568968,0.2556072107947486,0.32018690245627063,0.06487774010617614,P4,0.10929175768229325,0.10929175768229325,0.27184196870134447,0.6766073226919815,1.0,1.0,0.6544798413215045,1.0,1.0
Workbook QC flags honored,Neutral Happy,PO,Major Depression,Major Depression Raw,34,0.1384283678387643,-0.2095465661795455,0.45528155049684566,0.4349510142507732,0.12487638668547321,0.4816356537482942,P27,0.061840422553834616,0.061840422553834616,0.16810295599599714,0.8442521268190372,1.0,1.0,0.9816290320627653,1.0,1.0
Workbook QC flags honored,Neutral Happy,PO,Separation Anxiety,Separation Anxiety Raw,34,0.1224092586255677,-0.22507325935920802,0.44226746598359507,0.49040473151011066,-0.08678538742214924,0.6255244571206311,P27,-0.040128430820188785,-0.040128430820188785,0.17860293790166065,0.8739886304140586,1.0,1.0,0.9816290320627653,1.0,1.0
Workbook QC flags honored,Neutral Happy,PO,Generalized Anxiety,Generalized Anxiety Raw,34,0.19292595308899022,-0.15537666412316528,0.49856481388237817,0.27431726816938246,0.23452974787432188,0.18184707399126127,P27,0.09082307878752217,0.09082307878752217,0.27660700239334846,0.6972000848765392,1.0,1.0,0.8593401613673453,1.0,1.0
Workbook QC flags honored,Neutral Happy,PO,Obsessive Compulsive,Obsessive Compulsive Raw,34,0.18711190657756166,-0.16125732036621965,0.4940186583916828,0.2893152628202802,0.17656441809756426,0.31784038384140634,P4,0.24827552271886352,0.1426678042066735,0.24827552271886352,0.7037398284817626,1.0,1.0,0.9816290320627653,1.0,1.0
Workbook QC flags honored,Neutral Happy,CP,Social Phobia,Social Phobia Raw,34,-0.07980128579970447,-0.40698408748325127,0.2655300202561114,0.6536991167136376,0.1778908548704846,0.3141598458287973,P25,0.27895679878427393,-0.11472763828191096,0.27895679878427393,0.9131469798364417,1.0,1.0,0.9816290320627653,1.0,1.0
Workbook QC flags honored,Neutral Happy,CP,Panic Disorder,Panic Disorder Raw,34,0.1522208773520962,-0.19603594282195003,0.46637929097816183,0.39011045231759645,0.46686211644274145,0.005377934825655152,P25,0.312988037807776,0.1221841688852616,0.312988037807776,0.8359509692519924,1.0,1.0,0.18674308398438144,1.0,0.9572723989666171
Workbook QC flags honored,Neutral Happy,CP,Major Depression,Major Depression Raw,34,0.37554312683667523,0.042814718785353284,0.6332843674228797,0.028619905860391065,0.5010396546864319,0.0025416738438997387,P8,0.41282897800462615,0.35611933904474397,0.41282897800462615,0.214649293952933,1.0,1.0,0.18674308398438144,1.0,0.45495961805805324
Workbook QC flags honored,Neutral Happy,CP,Separation Anxiety,Separation Anxiety Raw,34,0.10809613770061918,-0.23879870472597825,0.4305242762555093,0.5428461867896897,0.09221917733230167,0.6039560484994677,P25,0.03842316495760628,0.03842316495760628,0.14691648772461405,0.88486561602393,1.0,1.0,0.9816290320627653,1.0,1.0
Workbook QC flags honored,Neutral Happy,CP,Generalized Anxiety,Generalized Anxiety Raw,34,0.23119944827250172,-0.11603857734898838,0.5280780389619312,0.18830987734112004,0.514696880724188,0.001842883463935211,P25,0.36196272846240646,0.20989766052243808,0.36196272846240646,0.5859058436648759,1.0,1.0,0.18674308398438144,1.0,0.331719023508338
Workbook QC flags honored,Neutral Happy,CP,Obsessive Compulsive,Obsessive Compulsive Raw,34,0.24018449048580648,-0.10664297990714168,0.5349041222024298,0.17123519958488095,0.38090127102769794,0.026251147880948136,P25,0.29577501395726513,0.2245726241407379,0.29577501395726513,0.581553508024124,1.0,1.0,0.5250229576189627,1.0,1.0
Workbook QC flags honored,Neutral Sad,LOT,Social Phobia,Social Phobia Raw,34,-0.32852801477220944,-0.600032012730845,0.010842219978881169,0.05782632128960416,-0.19244695410622623,0.27553341265444625,P27,-0.2363747890458804,-0.3786309995973749,-0.2363747890458804,0.32037262328452815,1.0,1.0,0.9816290320627653,1.0,1.0
Workbook QC flags honored,Neutral Sad,LOT,Panic Disorder,Panic Disorder Raw,34,-0.2692833360621476,-0.5567500455044933,0.07578337680514388,0.12354755073777107,-0.26188697513041787,0.13460535734251886,P35,-0.3510739086541076,-0.3510739086541076,-0.19298409200861028,0.5039671236219685,1.0,1.0,0.8050267218756398,1.0,1.0
Workbook QC flags honored,Neutral Sad,LOT,Major Depression,Major Depression Raw,34,-0.4000257062460295,-0.6502313730976585,-0.07153720151601534,0.019072452622651375,-0.2727643925390312,0.11858336931283837,P27,-0.2942850951068212,-0.4491938735689798,-0.2942850951068212,0.1732909181765979,1.0,1.0,0.7951273523993714,1.0,1.0
Workbook QC flags honored,Neutral Sad,LOT,Separation Anxiety,Separation Anxiety Raw,34,-0.4843487479455513,-0.7067549576241244,-0.17481622248291104,0.0036999259749056915,-0.2529041075325243,0.1489942039088695,P27,-0.2958499763217927,-0.5222616923264752,-0.2958499763217927,0.055498889623585373,0.32039218840164246,0.6252874897590619,0.8081079487124437,1.0,1.0
Workbook QC flags honored,Neutral Sad,LOT,Generalized Anxiety,Generalized Anxiety Raw,34,-0.4372456524775954,-0.6755269367389531,-0.11627212315582935,0.009714593807024226,-0.3581374448080839,0.03755123647567197,P27,-0.2843143513433222,-0.4817263663234124,-0.2843143513433222,0.11657512568429071,0.672982106209813,1.0,0.5632685471350796,1.0,1.0
Workbook QC flags honored,Neutral Sad,LOT,Obsessive Compulsive,Obsessive Compulsive Raw,34,-0.2145470631275123,-0.5153246883528473,0.1332890851974142,0.22304525465756678,-0.34475055976519137,0.04585570846901122,P11,-0.3302286624740617,-0.3302286624740617,-0.16962234558626874,0.6475507393284197,1.0,1.0,0.6349251941863092,1.0,1.0
Workbook QC flags honored,Neutral Sad,ROT,Social Phobia,Social Phobia Raw,34,0.32740956344959987,-0.012095311140396449,0.5992293737684392,0.05873498093549682,0.25649379074348944,0.14311586166678042,P27,0.17702237117770164,0.17702237117770164,0.3682798063270497,0.32037262328452815,1.0,1.0,0.8050267218756398,1.0,1.0
Workbook QC flags honored,Neutral Sad,ROT,Panic Disorder,Panic Disorder Raw,34,0.18151055686981402,-0.16689954219429146,0.48962288640228424,0.30425249211635186,-0.07572821247881929,0.6703532787438247,P27,-0.10393306126930914,-0.10393306126930914,0.26168493032136475,0.7302059810792444,1.0,1.0,0.9816290320627653,1.0,1.0
Workbook QC flags honored,Neutral Sad,ROT,Major Depression,Major Depression Raw,34,0.3367250500761727,-0.0016257724459332837,0.6058978494506061,0.05150158823958334,0.07471105689904847,0.6745368424814413,P27,0.02862457944798806,0.02862457944798806,0.3797358640133032,0.32037262328452815,1.0,1.0,0.9816290320627653,1.0,1.0
Workbook QC flags honored,Neutral Sad,ROT,Separation Anxiety,Separation Anxiety Raw,34,0.5909385072434797,0.3159009097631298,0.7743598930222528,0.00023344652885499024,0.07793607242561522,0.6613059106790729,P27,-0.061103184108699214,-0.061103184108699214,0.6447726744054795,0.01050509379847456,0.06064535730868828,0.04132003560733327,0.9816290320627653,1.0,1.0
Workbook QC flags honored,Neutral Sad,ROT,Generalized Anxiety,Generalized Anxiety Raw,34,0.4098326757753755,0.0831974212678142,0.6569506888024272,0.016078229594970114,-0.08539605595423858,0.6310894621968508,P27,-0.1787057249970637,-0.1787057249970637,0.4758937289187416,0.17024007806438946,0.9827870707801835,1.0,0.9816290320627653,1.0,1.0
Workbook QC flags honored,Neutral Sad,ROT,Obsessive Compulsive,Obsessive Compulsive Raw,34,-0.01728954066493669,-0.353389068011959,0.3227632665379364,0.9226861416131943,-0.08021423915328711,0.652019581179577,P27,-0.16790580237974106,-0.16790580237974106,0.0373835223942179,0.9704266697631894,1.0,1.0,0.9816290320627653,1.0,1.0
Workbook QC flags honored,Neutral Sad,O,Social Phobia,Social Phobia Raw,34,-0.14082489896827,-0.45721694270950375,0.20720851365823378,0.4269628393222157,-0.0891752605810698,0.6159992632440223,P26,-0.19073324171734077,-0.19073324171734077,-0.09111835895510353,0.8442521268190372,1.0,1.0,0.9816290320627653,1.0,1.0
Workbook QC flags honored,Neutral Sad,O,Panic Disorder,Panic Disorder Raw,34,0.0900712770862586,-0.25588853358236435,0.4155788517500558,0.612443759717386,-0.05321025113073862,0.7650370403583119,P35,-0.11186713211657552,-0.11186713211657552,0.14248804213915564,0.9131469798364417,1.0,1.0,0.9816290320627653,1.0,1.0
Workbook QC flags honored,Neutral Sad,O,Major Depression,Major Depression Raw,34,0.011988216319117319,-0.3275051885377084,0.3487401203031658,0.9463505535259229,-0.009511469256141694,0.9574231167743904,P35,-0.0710748265678903,-0.0710748265678903,0.08108988845501654,0.9789833312337133,1.0,1.0,0.9816290320627653,1.0,1.0
Workbook QC flags honored,Neutral Sad,O,Separation Anxiety,Separation Anxiety Raw,34,0.00448300406573009,-0.33418932401176427,0.3421300332167174,0.9799253413141995,0.04828310463021182,0.7862649956296442,P27,-0.08877231767457287,-0.08877231767457287,0.05168391700213308,0.9828468428527923,1.0,1.0,0.9816290320627653,1.0,1.0
Workbook QC flags honored,Neutral Sad,O,Generalized Anxiety,Generalized Anxiety Raw,34,-0.04672673088465313,-0.3789052043598687,0.29611803972482886,0.7930027865061743,-0.027846539985077797,0.8757740541811645,P29,0.10636978404851787,-0.12570565282141943,0.10636978404851787,0.9609147156860134,1.0,1.0,0.9816290320627653,1.0,1.0
Workbook QC flags honored,Neutral Sad,O,Obsessive Compulsive,Obsessive Compulsive Raw,34,-0.25749880855927526,-0.5479504776857249,0.08836113500734427,0.14150086492450406,-0.1982858755085124,0.26094709968632546,P29,-0.12712473570304225,-0.3133702047177155,-0.12712473570304225,0.5419182060938453,1.0,1.0,0.9816290320627653,1.0,1.0
Workbook QC flags honored,Neutral Sad,Frontal,Social Phobia,Social Phobia Raw,34,-0.01504742686616704,-0.3514248906794833,0.32477087506222346,0.9326878548279542,0.12487600923294141,0.48163698910832087,P27,-0.13628876140963583,-0.13628876140963583,0.10617770343175648,0.9704266697631894,1.0,1.0,0.9816290320627653,1.0,1.0
Workbook QC flags honored,Neutral Sad,Frontal,Panic Disorder,Panic Disorder Raw,34,0.0488807235292455,-0.2941471631998574,0.3807526619442076,0.7836818237628738,0.03454810508198681,0.8461985752974789,P27,-0.04041015695198498,-0.04041015695198498,0.1333146530318764,0.9609147156860134,1.0,1.0,0.9816290320627653,1.0,1.0
Workbook QC flags honored,Neutral Sad,Frontal,Major Depression,Major Depression Raw,34,0.11539988702313415,-0.23181211218094663,0.43653030249187313,0.5157575070569311,0.16583706880466406,0.348588288966282,P27,-0.01596651419736067,-0.01596651419736067,0.22781269690765815,0.8785790945733933,1.0,1.0,0.9816290320627653,1.0,1.0
Workbook QC flags honored,Neutral Sad,Frontal,Separation Anxiety,Separation Anxiety Raw,34,0.10032062678179633,-0.24619731344802517,0.4240987757088264,0.5724058267283981,-0.03368949744294523,0.8499771606340294,P27,-0.19661671351961893,-0.19661671351961893,0.15684348179627083,0.8882159380268246,1.0,1.0,0.9816290320627653,1.0,1.0
Workbook QC flags honored,Neutral Sad,Frontal,Generalized Anxiety,Generalized Anxiety Raw,34,0.2014630005566868,-0.14669684134478195,0.5052098257870028,0.25322799154423836,0.1901299868981145,0.28146541557518723,P27,0.022951888775953506,0.022951888775953506,0.29533690979944915,0.6766073226919815,1.0,1.0,0.9816290320627653,1.0,1.0
Workbook QC flags honored,Neutral Sad,Frontal,Obsessive Compulsive,Obsessive Compulsive Raw,34,-0.05344556426120717,-0.3846591416520941,0.28996072597852185,0.76402728471413,0.035995557995285504,0.8398362425847815,P18,-0.12617100158210937,-0.12617100158210937,-0.0014115334857069325,0.9550341058926624,1.0,1.0,0.9816290320627653,1.0,1.0
Workbook QC flags honored,Neutral Sad,PO,Social Phobia,Social Phobia Raw,34,-0.1380567736710401,-0.45498118984813896,0.20990873697091456,0.4361969321898359,-0.17574574550942795,0.32012537084643367,P4,-0.20890418655601195,-0.20890418655601195,-0.09917098679542137,0.8442521268190372,1.0,1.0,0.9816290320627653,1.0,1.0
Workbook QC flags honored,Neutral Sad,PO,Panic Disorder,Panic Disorder Raw,34,-0.21662028409945186,-0.5169197735448027,0.13115282340681148,0.21849808243355617,-0.25679729893530373,0.14262673165157785,P8,-0.30717865118430315,-0.30717865118430315,-0.14931536231727013,0.6447484399678707,1.0,1.0,0.8050267218756398,1.0,1.0
Workbook QC flags honored,Neutral Sad,PO,Major Depression,Major Depression Raw,34,-0.0687509830432665,-0.39767113534589404,0.27582748975635757,0.6992399918911726,0.027767353796155594,0.8761245905211953,P6,-0.019240658754369384,-0.10805382398964353,-0.019240658754369384,0.9131469798364417,1.0,1.0,0.9816290320627653,1.0,1.0
Workbook QC flags honored,Neutral Sad,PO,Separation Anxiety,Separation Anxiety Raw,34,-0.1465509081473134,-0.46182905515553085,0.20160608256357546,0.40821024446386633,-0.08383561575663788,0.6373636683437387,P27,-0.11886616070872393,-0.17181849137395896,-0.11886616070872393,0.8442521268190372,1.0,1.0,0.9816290320627653,1.0,1.0
Workbook QC flags honored,Neutral Sad,PO,Generalized Anxiety,Generalized Anxiety Raw,34,-0.040486980991128865,-0.3735384486409085,0.3018109027531583,0.8201590790255001,-0.06188119996683955,0.7280930501450487,P27,0.002787914878868251,-0.06921323065607127,0.002787914878868251,0.9609147156860134,1.0,1.0,0.9816290320627653,1.0,1.0
Workbook QC flags honored,Neutral Sad,PO,Obsessive Compulsive,Obsessive Compulsive Raw,34,-0.018126950260157457,-0.3541219114934318,0.3220126569057982,0.9189534930002601,0.056010329466802025,0.7530466843452233,P30,0.026093761767499793,-0.04132693581617835,0.026093761767499793,0.9704266697631894,1.0,1.0,0.9816290320627653,1.0,1.0
Workbook QC flags honored,Neutral Sad,CP,Social Phobia,Social Phobia Raw,34,-0.2331266393868757,-0.5295453966013411,0.11402854821071172,0.1845505808648644,-0.1268678964967797,0.4746168282753087,P27,-0.1621518677649591,-0.27388080402071013,-0.1621518677649591,0.5859058436648759,1.0,1.0,0.9816290320627653,1.0,1.0
Workbook QC flags honored,Neutral Sad,CP,Panic Disorder,Panic Disorder Raw,34,-0.07310611415986704,-0.4013496536738934,0.2717784858224777,0.6811574617789418,0.0356277333657989,0.8414521016517835,P4,0.05526950177274614,-0.16409066158063906,0.05526950177274614,0.9131469798364417,1.0,1.0,0.9816290320627653,1.0,1.0
Workbook QC flags honored,Neutral Sad,CP,Major Depression,Major Depression Raw,34,-0.027945995948625815,-0.36268419119587986,0.3131793648504218,0.8753338217875952,0.16016086940986982,0.36556118390312153,P27,0.08396810199008761,-0.06706206259637428,0.08396810199008761,0.9704266697631894,1.0,1.0,0.9816290320627653,1.0,1.0
Workbook QC flags honored,Neutral Sad,CP,Separation Anxiety,Separation Anxiety Raw,34,-0.2205908145084286,-0.519968791902935,0.12705252462534838,0.20996753392669493,-0.013662100345526177,0.9388727350701473,P27,-0.040423088454197204,-0.2716924673187129,-0.040423088454197204,0.6299026017800848,1.0,1.0,0.9816290320627653,1.0,1.0
Workbook QC flags honored,Neutral Sad,CP,Generalized Anxiety,Generalized Anxiety Raw,34,-0.11156833427529045,-0.43338310137016917,0.23548175652615141,0.5298845277817245,0.05956065496808307,0.7379251616271858,P27,0.04130939361111988,-0.15546886243814037,0.04130939361111988,0.88486561602393,1.0,1.0,0.9816290320627653,1.0,1.0
Workbook QC flags honored,Neutral Sad,CP,Obsessive Compulsive,Obsessive Compulsive Raw,34,0.0044847399764994505,-0.33418778193995874,0.34213156596389926,0.9799175695592275,0.22729953647885032,0.19608111404486922,P30,0.09850041935949992,-0.029865088081563067,0.09850041935949992,0.9828468428527923,1.0,1.0,0.871110410631968,1.0,1.0
Workbook QC flags honored,Positive Valence,LOT,Social Phobia,Social Phobia Raw,34,0.06395738524852432,-0.2802700473167859,0.393610009348058,0.719332205183224,-0.003524108236021659,0.9842186210896053,P27,-0.15496276228676573,-0.15496276228676573,0.21344744813369343,0.9248556923784309,1.0,1.0,0.9842186210896053,1.0,1.0
Workbook QC flags honored,Positive Valence,LOT,Panic Disorder,Panic Disorder Raw,34,0.0757353546403603,-0.26932813249997284,0.40356530140177893,0.6703239372219868,-0.04719517926378555,0.7909732260513416,P27,-0.0905932621959612,-0.0905932621959612,0.12818373329442215,0.9131469798364417,1.0,1.0,0.9816290320627653,1.0,1.0
Workbook QC flags honored,Positive Valence,LOT,Major Depression,Major Depression Raw,34,0.39947181516988955,0.07088130788479728,0.6498506992288309,0.019254546464066432,0.22106495480806748,0.20896442698755288,P27,0.24763649041731428,0.24763649041731428,0.444138269231215,0.1732909181765979,1.0,1.0,0.8955618299466552,1.0,1.0
Workbook QC flags honored,Positive Valence,LOT,Separation Anxiety,Separation Anxiety Raw,34,0.36063530141477307,0.025590477316769826,0.6228425540993945,0.03614587283678787,-0.02670319612989207,0.8808375545358316,P27,-0.07504968297563473,-0.07504968297563473,0.4426087889961012,0.26025028442487264,1.0,1.0,0.9816290320627653,1.0,1.0
Workbook QC flags honored,Positive Valence,LOT,Generalized Anxiety,Generalized Anxiety Raw,34,0.3303947048149744,-0.008748439907151944,0.6013703970314399,0.056334581994379906,0.11556314093807285,0.5151597487194428,P27,0.031081620886750615,0.031081620886750615,0.4731019474302328,0.32037262328452815,1.0,1.0,0.9816290320627653,1.0,1.0
Workbook QC flags honored,Positive Valence,LOT,Obsessive Compulsive,Obsessive Compulsive Raw,34,0.14015134003922647,-0.2078660387580728,0.4566732921321821,0.4291996947158775,0.09479864627206658,0.5938300415775746,P30,0.20654872335716665,0.09558187379704353,0.20654872335716665,0.8442521268190372,1.0,1.0,0.9816290320627653,1.0,1.0
Workbook QC flags honored,Positive Valence,ROT,Social Phobia,Social Phobia Raw,34,0.29330378128056933,-0.04980149111655904,0.5744886614521193,0.09227351440989925,0.1959710623422479,0.2666676957423455,P27,0.067419474573647,0.067419474573647,0.3305954127987303,0.46136757204949624,1.0,1.0,0.9816290320627653,1.0,1.0
Workbook QC flags honored,Positive Valence,ROT,Panic Disorder,Panic Disorder Raw,34,0.24429094524461273,-0.10232816590273527,0.5380111054330555,0.163810781739502,0.1633323360795716,0.35601823849721315,P27,0.10569063444880905,0.10569063444880905,0.28892675109370597,0.581553508024124,1.0,1.0,0.9816290320627653,1.0,1.0
Workbook QC flags honored,Positive Valence,ROT,Major Depression,Major Depression Raw,34,0.3883405725281528,0.05776013578136362,0.642173786249882,0.023231924763694577,0.31449212863049153,0.07006786989496504,P27,0.2846148425463238,0.2846148425463238,0.41191737829783154,0.18475038613712197,1.0,1.0,0.6544798413215045,1.0,1.0
Workbook QC flags honored,Positive Valence,ROT,Separation Anxiety,Separation Anxiety Raw,34,0.654455458120944,0.4061841582889081,0.8127482707875058,2.6849299855836084e-05,0.1821095875602523,0.3026321788800113,P27,0.13398327653835349,0.13398327653835349,0.6829184652364884,0.0024164369870252477,0.013949964398543124,0.004806024674194659,0.9816290320627653,1.0,1.0
Workbook QC flags honored,Positive Valence,ROT,Generalized Anxiety,Generalized Anxiety Raw,34,0.5119612288780768,0.21018425300714783,0.7246669800733159,0.0019675543619190575,0.24118197687075715,0.1694100914120754,P27,0.17535977676737846,0.17535977676737846,0.6154693593812216,0.03935108723838115,0.22717176941376052,0.3384193502500779,0.8470504570603768,1.0,1.0
Workbook QC flags honored,Positive Valence,ROT,Obsessive Compulsive,Obsessive Compulsive Raw,34,0.08851027297543994,-0.25735845621192965,0.41427621207874804,0.6186435801607354,0.2685703055596518,0.12458315197677053,P27,0.2767966798142561,0.06999416795096843,0.2767966798142561,0.9131469798364417,1.0,1.0,0.8008916912792391,1.0,1.0
Workbook QC flags honored,Positive Valence,O,Social Phobia,Social Phobia Raw,34,-0.09518497834456177,-0.41983684398721477,0.2510619761743385,0.5923198429149128,0.04949073740152156,0.7810474148214794,P25,-0.017254402607998105,-0.12591567068139153,-0.017254402607998105,0.903538743429528,1.0,1.0,0.9816290320627653,1.0,1.0
Workbook QC flags honored,Positive Valence,O,Panic Disorder,Panic Disorder Raw,34,-0.1386392584073561,-0.4554519818844706,0.20934098117436292,0.4342447904375788,-0.06261844046110109,0.7249781872926526,P4,0.040052141533182976,-0.1671187061481701,0.040052141533182976,0.8442521268190372,1.0,1.0,0.9816290320627653,1.0,1.0
Workbook QC flags honored,Positive Valence,O,Major Depression,Major Depression Raw,34,0.06849350509992652,-0.2760664870344435,0.3974533276075255,0.7003142626381392,0.10508639420092034,0.5542017915409121,P4,0.26607139375803585,-0.005121034100101252,0.26607139375803585,0.9131469798364417,1.0,1.0,0.9816290320627653,1.0,1.0
Workbook QC flags honored,Positive Valence,O,Separation Anxiety,Separation Anxiety Raw,34,0.034919256902372284,-0.3068701149410396,0.3687307988199019,0.8445662366039497,0.14221004450570426,0.4223832346666707,P4,0.29643867853597355,-0.028235988938032645,0.29643867853597355,0.9682925005650379,1.0,1.0,0.9816290320627653,1.0,1.0
Workbook QC flags honored,Positive Valence,O,Generalized Anxiety,Generalized Anxiety Raw,34,0.03774205057113747,-0.30430754463248777,0.37117047465038233,0.8321727507779595,0.013923269992538899,0.9377064467317896,P4,0.13687500607333392,-0.006109456415328812,0.13687500607333392,0.9632160429417369,1.0,1.0,0.9816290320627653,1.0,1.0
Workbook QC flags honored,Positive Valence,O,Obsessive Compulsive,Obsessive Compulsive Raw,34,0.0038304804497457075,-0.33476885573155357,0.3415537508714184,0.9828468428527923,-0.007757663361052911,0.9652685481950525,P4,0.07207514756910446,-0.03816600903166148,0.07207514756910446,0.9828468428527923,1.0,1.0,0.9816290320627653,1.0,1.0
Workbook QC flags honored,Positive Valence,Frontal,Social Phobia,Social Phobia Raw,34,-0.08400120989891366,-0.4105059412529632,0.26159545396914263,0.6366966637059377,0.02803964379095494,0.8749193320689924,P25,0.12029931315029968,-0.15660666408920237,0.12029931315029968,0.9131469798364417,1.0,1.0,0.9816290320627653,1.0,1.0
Workbook QC flags honored,Positive Valence,Frontal,Panic Disorder,Panic Disorder Raw,34,-0.08454475913242648,-0.41096102461434336,0.261085406182731,0.6345092476582989,-0.04225973568064458,0.812421429530636,P35,0.015615835288836439,-0.1418737929346383,0.015615835288836439,0.9131469798364417,1.0,1.0,0.9816290320627653,1.0,1.0
Workbook QC flags honored,Positive Valence,Frontal,Major Depression,Major Depression Raw,34,0.24049162785925238,-0.10632070989055872,0.5351367814085838,0.1706717410485106,0.14159816328094812,0.42440286365893165,P25,0.12704738908308355,0.12704738908308355,0.29771150765248233,0.581553508024124,1.0,1.0,0.9816290320627653,1.0,1.0
Workbook QC flags honored,Positive Valence,Frontal,Separation Anxiety,Separation Anxiety Raw,34,0.10636425876913162,-0.2404501279375609,0.4290959153986712,0.5493669780999736,-0.06194520497573801,0.7278224566833222,P27,-0.046315042892199274,-0.046315042892199274,0.17342907673734,0.88486561602393,1.0,1.0,0.9816290320627653,1.0,1.0
Workbook QC flags honored,Positive Valence,Frontal,Generalized Anxiety,Generalized Anxiety Raw,34,0.11111621232090312,-0.23591412158792244,0.43301121420142624,0.5315637707401076,0.06636758696443541,0.7092058490870596,P27,0.00424328048282854,0.00424328048282854,0.20841665059333506,0.88486561602393,1.0,1.0,0.9816290320627653,1.0,1.0
Workbook QC flags honored,Positive Valence,Frontal,Obsessive Compulsive,Obsessive Compulsive Raw,34,0.14198458773643252,-0.20607569364376999,0.4581524102627581,0.42312677238734653,0.08223123162716087,0.6438404667924047,P30,0.253073013670349,0.07310167934884587,0.253073013670349,0.8442521268190372,1.0,1.0,0.9816290320627653,1.0,1.0
Workbook QC flags honored,Positive Valence,PO,Social Phobia,Social Phobia Raw,34,-0.10345183947136483,-0.4266902632236345,0.2432227289350462,0.560414890148489,-0.014709321332959968,0.9341970057134463,P25,-0.028104204431096978,-0.16310278360316643,-0.028104204431096978,0.88486561602393,1.0,1.0,0.9816290320627653,1.0,1.0
Workbook QC flags honored,Positive Valence,PO,Panic Disorder,Panic Disorder Raw,34,-0.15703296772897785,-0.4702280676295537,0.19129088077479572,0.3751203777188088,-0.1383466529399204,0.4352248281833411,P4,-0.05871160347811446,-0.24199492686877802,-0.05871160347811446,0.823434975480312,1.0,1.0,0.9816290320627653,1.0,1.0
Workbook QC flags honored,Positive Valence,PO,Major Depression,Major Depression Raw,34,0.045312560182580446,-0.2974104027438867,0.37769084307304857,0.7991377583765396,0.06673369558744575,0.7076718813927965,P25,-0.028546329720554264,-0.028546329720554264,0.10912815205018,0.9609147156860134,1.0,1.0,0.9816290320627653,1.0,1.0
Workbook QC flags honored,Positive Valence,PO,Separation Anxiety,Separation Anxiety Raw,34,0.027985567537201918,-0.3131436461175409,0.3627185839491537,0.8751586721109588,0.015369862888716947,0.9312488601160327,P27,-0.11406050651849778,-0.11406050651849778,0.12703837639621324,0.9704266697631894,1.0,1.0,0.9816290320627653,1.0,1.0
Workbook QC flags honored,Positive Valence,PO,Generalized Anxiety,Generalized Anxiety Raw,34,0.12996140908414783,-0.21777517898086207,0.44841973619993797,0.4638211154739558,0.16553220991129577,0.34948756129828973,P24,0.21322316220967152,0.05046401824282684,0.21322316220967152,0.8519163345440006,1.0,1.0,0.9816290320627653,1.0,1.0
Workbook QC flags honored,Positive Valence,PO,Obsessive Compulsive,Obsessive Compulsive Raw,34,0.08623400924261337,-0.2594990395350799,0.41237430158898986,0.6277306086710908,0.18214993571752236,0.30252323828945643,P24,0.17063919235607847,0.04637547144024726,0.17063919235607847,0.9131469798364417,1.0,1.0,0.9816290320627653,1.0,1.0
Workbook QC flags honored,Positive Valence,CP,Social Phobia,Social Phobia Raw,34,-0.20765658285316194,-0.5100083072253271,0.14036593851818815,0.23861941274247253,0.0059756617915149865,0.9732433861696936,P25,0.02251664648652076,-0.2454667041115643,0.02251664648652076,0.6644120839992373,1.0,1.0,0.9841787051154205,1.0,1.0
Workbook QC flags honored,Positive Valence,CP,Panic Disorder,Panic Disorder Raw,34,-0.01720523762427309,-0.3533152689065055,0.3228388076301854,0.923062003045231,-0.04071740956091303,0.819152354044241,P25,-0.06085633944976712,-0.06085633944976712,0.015057582584241934,0.9704266697631894,1.0,1.0,0.9816290320627653,1.0,1.0
Workbook QC flags honored,Positive Valence,CP,Major Depression,Major Depression Raw,34,0.27278730857957373,-0.07202224773636381,0.5593540953224596,0.11855119083164595,0.30866251844124337,0.07571124957816977,P25,0.19709093076781822,0.19709093076781822,0.2955914633405056,0.5039671236219685,1.0,1.0,0.6544798413215045,1.0,1.0
Workbook QC flags honored,Positive Valence,CP,Separation Anxiety,Separation Anxiety Raw,34,0.09771856044334411,-0.24866426403095182,0.4219411841800873,0.5824577712655713,0.06458447436066919,0.716692918471739,P25,0.008970644102841614,0.008970644102841614,0.12102531526233487,0.8960888788701097,1.0,1.0,0.9816290320627653,1.0,1.0
Workbook QC flags honored,Positive Valence,CP,Generalized Anxiety,Generalized Anxiety Raw,34,0.15064304313357516,-0.1975882567133898,0.46511472252054564,0.39509996155727634,0.29115104584398005,0.09480053097694564,P25,0.2240341064572714,0.12584840142574225,0.2240341064572714,0.8366822715330557,1.0,1.0,0.7044944843972397,1.0,1.0
Workbook QC flags honored,Positive Valence,CP,Obsessive Compulsive,Obsessive Compulsive Raw,34,0.18935531880273276,-0.15899113338670245,0.49577483191146016,0.28346702114769673,0.3000664188055266,0.08466937257595789,P30,0.28405817485477464,0.16389545647274797,0.28405817485477464,0.6989597781724028,1.0,1.0,0.69274941198511,1.0,1.0
Workbook QC flags honored,Negative Valence,LOT,Social Phobia,Social Phobia Raw,32,-0.18390880255867026,-0.5005063558725933,0.1760765876732226,0.31365529617950033,-0.2334784158241966,0.19841959353283717,P23,-0.32532379134138784,-0.32532379134138784,-0.07912225280328418,0.7428678067409218,1.0,1.0,0.871110410631968,1.0,1.0
Workbook QC flags honored,Negative Valence,LOT,Panic Disorder,Panic Disorder Raw,32,-0.23940939487946705,-0.5427908522386643,0.11923869445051188,0.18693187090444824,-0.21424064666654677,0.2390187375876846,P27,-0.16661036117189756,-0.2933562917390687,-0.16661036117189756,0.5859058436648759,1.0,1.0,0.9778039264950734,1.0,1.0
Workbook QC flags honored,Negative Valence,LOT,Major Depression,Major Depression Raw,32,-0.3452801289401426,-0.6194001213361756,0.0038811163011758594,0.052930811472496904,-0.2402675644632494,0.18530912887387743,P27,-0.240483159356397,-0.41306342901090637,-0.240483159356397,0.32037262328452815,1.0,1.0,0.8593401613673453,1.0,1.0
Workbook QC flags honored,Negative Valence,LOT,Separation Anxiety,Separation Anxiety Raw,32,-0.40670530900223956,-0.6615772461990728,-0.06759776210189092,0.020887772884164917,-0.32732451061429935,0.06744387344948718,P27,-0.21179799137312433,-0.5246862053933746,-0.21179799137312433,0.17903805329284214,1.0,1.0,0.6544798413215045,1.0,1.0
Workbook QC flags honored,Negative Valence,LOT,Generalized Anxiety,Generalized Anxiety Raw,32,-0.5046800148191097,-0.7256711841381329,-0.1892985999459319,0.003222537469571705,-0.47272374947501794,0.006291749119236758,P27,-0.38587359252397835,-0.5847286567757872,-0.38587359252397835,0.05273243132026426,0.30442156924269137,0.5478313698271898,0.18674308398438144,1.0,1.0
Workbook QC flags honored,Negative Valence,LOT,Obsessive Compulsive,Obsessive Compulsive Raw,32,-0.27423645336201496,-0.5685619187316808,0.08233032051067272,0.12879159825894748,-0.3828963540416141,0.030540738753859716,P30,-0.3986797797528728,-0.3986797797528728,-0.208126779768393,0.5039671236219685,1.0,1.0,0.5497332975694749,1.0,1.0
Workbook QC flags honored,Negative Valence,ROT,Social Phobia,Social Phobia Raw,32,-0.2900716322029874,-0.5800915313986436,0.06521899311021043,0.10729953950174512,-0.08125784235771251,0.6584110605748466,P27,-0.0641613545334522,-0.32743064420315576,-0.0641613545334522,0.5039671236219685,1.0,1.0,0.9816290320627653,1.0,1.0
Workbook QC flags honored,Negative Valence,ROT,Panic Disorder,Panic Disorder Raw,32,-0.2585763661226187,-0.5570449265062001,0.09904818662294965,0.1530135447670753,-0.07486407411557502,0.6838476547208843,P27,-0.13597872393410007,-0.30108897541297414,-0.13597872393410007,0.5738007928765324,1.0,1.0,0.9816290320627653,1.0,1.0
Workbook QC flags honored,Negative Valence,ROT,Major Depression,Major Depression Raw,32,-0.36703888204403534,-0.6345238023844967,-0.021037362960550244,0.03878834725762229,-0.13145673641897324,0.4732710934698521,P27,-0.1287845320873465,-0.40163767383866855,-0.1287845320873465,0.268534711783539,1.0,1.0,0.9816290320627653,1.0,1.0
Workbook QC flags honored,Negative Valence,ROT,Separation Anxiety,Separation Anxiety Raw,32,-0.6859592442213522,-0.8349432594919384,-0.4432975494550471,1.4681738118948531e-05,-0.33253194601043584,0.06294780359791247,P27,-0.296818510352972,-0.7159242816479253,-0.296818510352972,0.0024164369870252477,0.013949964398543124,0.0026427128614107355,0.6544798413215045,1.0,1.0
Workbook QC flags honored,Negative Valence,ROT,Generalized Anxiety,Generalized Anxiety Raw,32,-0.52890650411583,-0.7409497066679199,-0.22096418771217144,0.001856599483842375,-0.23980087959998947,0.18619036829625815,P27,-0.22134054763465252,-0.5967147465269637,-0.22134054763465252,0.03935108723838115,0.22717176941376052,0.3211917107047309,0.8593401613673453,1.0,1.0
Workbook QC flags honored,Negative Valence,ROT,Obsessive Compulsive,Obsessive Compulsive Raw,32,-0.07006882873488664,-0.4087753628658333,0.28560316293908733,0.7031526528082441,-0.26481030022110663,0.14300589528789007,P11,-0.14430786613561863,-0.14430786613561863,-0.029911193498643074,0.9131469798364417,1.0,1.0,0.8050267218756398,1.0,1.0
Workbook QC flags honored,Negative Valence,O,Social Phobia,Social Phobia Raw,32,-0.4783305665098517,-0.7088026456902108,-0.15558712635397295,0.0056201388061620835,-0.4735751174512838,0.006185559470055337,P23,-0.5599629197455667,-0.5599629197455667,-0.4158391285251453,0.07225892750779822,0.417147010918585,0.938563180629068,0.18674308398438144,1.0,1.0
Workbook QC flags honored,Negative Valence,O,Panic Disorder,Panic Disorder Raw,32,-0.27493838227340844,-0.5690754549618793,0.0815762504211609,0.12777642159539743,-0.14677055517967053,0.42279484839346604,P8,-0.1831623039436921,-0.33342712168690264,-0.1831623039436921,0.5039671236219685,1.0,1.0,0.9816290320627653,1.0,1.0
Workbook QC flags honored,Negative Valence,O,Major Depression,Major Depression Raw,32,-0.33917030058678677,-0.6151165088091815,0.010801076525660171,0.057561017458271704,-0.3028660103770462,0.09200014558606207,P27,-0.23672858212465722,-0.3995360273274943,-0.23672858212465722,0.32037262328452815,1.0,1.0,0.7044944843972397,1.0,1.0
Workbook QC flags honored,Negative Valence,O,Separation Anxiety,Separation Anxiety Raw,32,-0.5506243585073973,-0.7544620688848196,-0.24991365948261535,0.0010927107707687325,-0.4768522984176497,0.00579096332138682,P27,-0.42619318859805677,-0.6044436453862387,-0.42619318859805677,0.028098276962624548,0.16220988397117325,0.19013167411375945,0.18674308398438144,1.0,1.0
Workbook QC flags honored,Negative Valence,O,Generalized Anxiety,Generalized Anxiety Raw,32,-0.5630178099275541,-0.7620963307627974,-0.2666783843588638,0.0007943598054215142,-0.4541345340021505,0.009030085724801457,P27,-0.463599491397968,-0.6142827657490083,-0.463599491397968,0.023830794162645427,0.13757392886423303,0.139012965948765,0.2031769288080328,1.0,1.0
Workbook QC flags honored,Negative Valence,O,Obsessive Compulsive,Obsessive Compulsive Raw,32,-0.2763742587127886,-0.5701252382216562,0.08003244069657815,0.12571817391448054,-0.4654636105712288,0.0072622310438370564,P30,-0.5408208880462211,-0.5408208880462211,-0.23057834571938401,0.5039671236219685,1.0,1.0,0.18674308398438144,1.0,1.0
Workbook QC flags honored,Negative Valence,Frontal,Social Phobia,Social Phobia Raw,32,-0.10922211241586739,-0.44111613396859395,0.24895326571055787,0.5518057660612389,-0.12298981117038386,0.5024702487725634,P23,-0.25145006513957097,-0.25145006513957097,0.01951366181174349,0.88486561602393,1.0,1.0,0.9816290320627653,1.0,1.0
Workbook QC flags honored,Negative Valence,Frontal,Panic Disorder,Panic Disorder Raw,32,0.04283919419322127,-0.3104928462243274,0.3857706121164873,0.8159165203436258,0.0515730288351739,0.779231687053802,P27,0.16315407013800032,-0.03245011030810385,0.16315407013800032,0.9609147156860134,1.0,1.0,0.9816290320627653,1.0,1.0
Workbook QC flags honored,Negative Valence,Frontal,Major Depression,Major Depression Raw,32,-0.13589600754569517,-0.46266603035355036,0.2233832265733458,0.4583239530160942,-0.13035205796167093,0.47702969263311445,P27,0.019749904961357135,-0.20711756016531768,0.019749904961357135,0.8519163345440006,1.0,1.0,0.9816290320627653,1.0,1.0
Workbook QC flags honored,Negative Valence,Frontal,Separation Anxiety,Separation Anxiety Raw,32,-0.2883984876568997,-0.5788787789883131,0.06703690191471742,0.10943372070096763,-0.17612290429076216,0.3349314455433977,P27,-0.004961171599689819,-0.40337865482439267,-0.004961171599689819,0.5039671236219685,1.0,1.0,0.9816290320627653,1.0,1.0
Workbook QC flags honored,Negative Valence,Frontal,Generalized Anxiety,Generalized Anxiety Raw,32,-0.5073462820346945,-0.7273634162563949,-0.19275175256812035,0.00303869640123679,-0.2977992318753358,0.09784645616628329,P27,-0.3717999057811646,-0.5626818045949471,-0.3717999057811646,0.05273243132026426,0.30442156924269137,0.519617084611491,0.7044944843972397,1.0,1.0
Workbook QC flags honored,Negative Valence,Frontal,Obsessive Compulsive,Obsessive Compulsive Raw,32,-0.04904567172483523,-0.3910518996131969,0.3048620274226576,0.7898032045448486,-0.1454225103742313,0.4271140732798884,P30,-0.18344301254368175,-0.18344301254368175,-0.0012822387762795658,0.9609147156860134,1.0,1.0,0.9816290320627653,1.0,1.0
Workbook QC flags honored,Negative Valence,PO,Social Phobia,Social Phobia Raw,32,-0.1385606601627391,-0.46479780056857406,0.22080138787631234,0.4494742103924727,-0.13199803351320719,0.4714350250867081,P23,-0.25607148326333246,-0.25607148326333246,-0.038742486117246074,0.8519163345440006,1.0,1.0,0.9816290320627653,1.0,1.0
Workbook QC flags honored,Negative Valence,PO,Panic Disorder,Panic Disorder Raw,32,-0.01658709048269017,-0.3631804905648796,0.3340388999621231,0.9282048544431207,0.0245849922404234,0.893750110616176,P35,-0.1273671571090387,-0.1273671571090387,0.07250994680227466,0.9704266697631894,1.0,1.0,0.9816290320627653,1.0,1.0
Workbook QC flags honored,Negative Valence,PO,Major Depression,Major Depression Raw,32,-0.23843214512013186,-0.5420593790577913,0.12026024375893776,0.18879188295868224,-0.14471287790660078,0.4293975472522028,P27,-0.128807041731803,-0.292830410970494,-0.128807041731803,0.5859058436648759,1.0,1.0,0.9816290320627653,1.0,1.0
Workbook QC flags honored,Negative Valence,PO,Separation Anxiety,Separation Anxiety Raw,32,-0.4143278720343044,-0.6667011119492944,-0.0767175674363695,0.01839299777138536,-0.3470383731853878,0.0516545963391516,P27,-0.2523770964066089,-0.5147597381638879,-0.2523770964066089,0.1732909181765979,1.0,1.0,0.6544798413215045,1.0,1.0
Workbook QC flags honored,Negative Valence,PO,Generalized Anxiety,Generalized Anxiety Raw,32,-0.39921099047942005,-0.656516276464659,-0.05868629769236255,0.023606993784187805,-0.25299922258572527,0.1623868019918744,P27,-0.2717192428317886,-0.43250183223162486,-0.2717192428317886,0.18475038613712197,1.0,1.0,0.8351321245296398,1.0,1.0
Workbook QC flags honored,Negative Valence,PO,Obsessive Compulsive,Obsessive Compulsive Raw,32,-0.18132186110848963,-0.4984978839473314,0.17866857997102767,0.32062875705321214,-0.28098901940596355,0.1192691028599057,P30,-0.38994833483495095,-0.38994833483495095,-0.10214752279855256,0.7495217697347817,1.0,1.0,0.7951273523993714,1.0,1.0
Workbook QC flags honored,Negative Valence,CP,Social Phobia,Social Phobia Raw,32,0.2188265881325083,-0.14059529685507866,0.5272867290867213,0.22887176244821683,0.15093368456036646,0.4096102598699505,P25,0.025161927588957064,0.025161927588957064,0.2777562656755039,0.6539193212806196,1.0,1.0,0.9816290320627653,1.0,1.0
Workbook QC flags honored,Negative Valence,CP,Panic Disorder,Panic Disorder Raw,32,0.06355877998896195,-0.29159774356736967,0.4033142719924133,0.7296525676629754,0.17227979524868128,0.34575071462373064,P25,0.1308224450921364,0.015281432438315765,0.1308224450921364,0.9314713629740111,1.0,1.0,0.9816290320627653,1.0,1.0
Workbook QC flags honored,Negative Valence,CP,Major Depression,Major Depression Raw,32,-0.1319591275983758,-0.4595095241706008,0.2271885492056537,0.47156686866620595,0.07806394431602892,0.6710727719396883,P25,0.1178682983894757,-0.17074250611586572,0.1178682983894757,0.8573943066658289,1.0,1.0,0.9816290320627653,1.0,1.0
Workbook QC flags honored,Negative Valence,CP,Separation Anxiety,Separation Anxiety Raw,32,-0.212205054921583,-0.522254965684423,0.14739538082345835,0.2436177641330537,-0.1558511022129448,0.3943400806303118,P27,-0.14932987852629034,-0.268056571560889,-0.14932987852629034,0.6644120839992373,1.0,1.0,0.9816290320627653,1.0,1.0
Workbook QC flags honored,Negative Valence,CP,Generalized Anxiety,Generalized Anxiety Raw,32,-0.11876074916167156,-0.44886663261194987,0.2398663646498711,0.5173854668043316,0.022492950722169554,0.9027467543436201,P27,-0.049833327952955794,-0.14095754684758988,-0.049833327952955794,0.8785790945733933,1.0,1.0,0.9816290320627653,1.0,1.0
Workbook QC flags honored,Negative Valence,CP,Obsessive Compulsive,Obsessive Compulsive Raw,32,-0.02794190914665201,-0.37300165872167346,0.32390795289554314,0.8793415070856285,-0.012645435684715763,0.9452363947955431,P25,0.14857802409845364,-0.11775297052811595,0.14857802409845364,0.9704266697631894,1.0,1.0,0.9816290320627653,1.0,1.0
Workbook QC flags honored; P27 omitted,Neutral Angry,LOT,Social Phobia,Social Phobia Raw,33,-0.04090676404216222,-0.3788946929813907,0.3067095579906928,0.821181962896136,0.16292397318584845,0.36498195885740736,P25,0.3338157700770831,-0.08756518351535719,0.3338157700770831,0.9837682026832322,1.0,1.0,0.9473368008946114,1.0,1.0
Workbook QC flags honored; P27 omitted,Neutral Angry,LOT,Panic Disorder,Panic Disorder Raw,33,0.11548178426632452,-0.23723251809545598,0.44129521966414187,0.5221988272154575,0.132034691052959,0.4638928816608847,P35,0.20694759550645128,0.028821958926409118,0.20694759550645128,0.9588482028318719,1.0,1.0,0.9473368008946114,1.0,1.0
Workbook QC flags honored; P27 omitted,Neutral Angry,LOT,Major Depression,Major Depression Raw,33,0.22332053756256356,-0.12995158096246442,0.5262806744628548,0.2115690759458202,0.10843581889313533,0.5480576389389293,P25,0.029665669078201756,0.029665669078201756,0.2653034467824594,0.9364803358989094,1.0,1.0,0.9473368008946114,1.0,1.0
Workbook QC flags honored; P27 omitted,Neutral Angry,LOT,Separation Anxiety,Separation Anxiety Raw,33,0.2766377719671237,-0.0736676021768048,0.5661757885454166,0.11911976521692587,0.24744485726287188,0.16502929291643256,P10,0.33217318853421574,0.2369646006046798,0.33217318853421574,0.9364803358989094,1.0,1.0,0.9473368008946114,1.0,1.0
Workbook QC flags honored; P27 omitted,Neutral Angry,LOT,Generalized Anxiety,Generalized Anxiety Raw,33,0.2194005090545222,-0.13400179391838565,0.5232938766087777,0.2199063867387592,0.13314230473637229,0.46011873906573386,P16,0.167188863474307,0.167188863474307,0.2694345096013556,0.9364803358989094,1.0,1.0,0.9473368008946114,1.0,1.0
Workbook QC flags honored; P27 omitted,Neutral Angry,LOT,Obsessive Compulsive,Obsessive Compulsive Raw,33,0.16804994683231506,-0.18598934458623637,0.48346629473261105,0.3498801131610583,0.1580846493137546,0.37958845441682465,P30,0.24955897243240371,0.13295802420241948,0.24955897243240371,0.9364803358989094,1.0,1.0,0.9473368008946114,1.0,1.0
Workbook QC flags honored; P27 omitted,Neutral Angry,ROT,Social Phobia,Social Phobia Raw,33,0.10890144680059914,-0.24351168440248608,0.4359130304808217,0.5463304022780473,0.13560236039850967,0.4517949630382869,P24,0.20121430068399457,0.04147848099072886,0.20121430068399457,0.9736581426737476,1.0,1.0,0.9473368008946114,1.0,1.0
Workbook QC flags honored; P27 omitted,Neutral Angry,ROT,Panic Disorder,Panic Disorder Raw,33,0.06259632744429955,-0.28687763646581993,0.3973659765733811,0.7292953402144845,0.21611816438335998,0.22705764200588374,P8,0.2549176591370884,0.013208553847060697,0.2549176591370884,0.9837682026832322,1.0,1.0,0.9473368008946114,1.0,1.0
Workbook QC flags honored; P27 omitted,Neutral Angry,ROT,Major Depression,Major Depression Raw,33,0.0911519687684011,-0.26030275843554873,0.4212777973056103,0.6139168543689301,0.07436078602114389,0.680874973306206,P26,-0.00627454450236873,-0.00627454450236873,0.1652865041092083,0.9837682026832322,1.0,1.0,0.9555655639349111,1.0,1.0
Workbook QC flags honored; P27 omitted,Neutral Angry,ROT,Separation Anxiety,Separation Anxiety Raw,33,0.08497268893139437,-0.2660989162557363,0.4161420370112519,0.6382397661644974,0.04438701563272134,0.8062450759728513,P14,-0.03326291076634849,-0.03326291076634849,0.20238615632847795,0.9837682026832322,1.0,1.0,0.9652321166861462,1.0,1.0
Workbook QC flags honored; P27 omitted,Neutral Angry,ROT,Generalized Anxiety,Generalized Anxiety Raw,33,0.09722995710865359,-0.2545767928738684,0.4263088010651817,0.5903801378759019,0.10044960141052005,0.5780746001109595,P24,0.18687297516114904,0.020920513950262662,0.18687297516114904,0.9837682026832322,1.0,1.0,0.9473368008946114,1.0,1.0
Workbook QC flags honored; P27 omitted,Neutral Angry,ROT,Obsessive Compulsive,Obsessive Compulsive Raw,33,-0.005420662628682023,-0.34808189260379946,0.33851830439486497,0.9761158470933707,-0.027168145961547516,0.8807024144196196,P24,0.07423906125723682,-0.07150474211849762,0.07423906125723682,0.9923283906306153,1.0,1.0,0.9725548134695186,1.0,1.0
Workbook QC flags honored; P27 omitted,Neutral Angry,O,Social Phobia,Social Phobia Raw,33,0.028631858714900052,-0.31780098706627447,0.3683204228410593,0.8743246257007389,0.003687579640008916,0.9837507992053351,P4,-0.03174509683740864,-0.03174509683740864,0.08183122031025697,0.9837682026832322,1.0,1.0,0.9892466137260353,1.0,1.0
Workbook QC flags honored; P27 omitted,Neutral Angry,O,Panic Disorder,Panic Disorder Raw,33,0.05713723989357822,-0.29189754025307035,0.39274231058348585,0.7521310687139641,-0.07530367290232699,0.6770448268331998,P4,-0.1641798667460833,-0.1641798667460833,0.109547464838747,0.9837682026832322,1.0,1.0,0.9555655639349111,1.0,1.0
Workbook QC flags honored; P27 omitted,Neutral Angry,O,Major Depression,Major Depression Raw,33,-0.04571983135865526,-0.38301698275226376,0.30233461896432007,0.8005422107531172,-0.1426787090699149,0.42830920721301524,P4,-0.15361714404774895,-0.15361714404774895,-0.009954868394920692,0.9837682026832322,1.0,1.0,0.9473368008946114,1.0,1.0
Workbook QC flags honored; P27 omitted,Neutral Angry,O,Separation Anxiety,Separation Anxiety Raw,33,0.11032518273810007,-0.2421556102776437,0.437079518779053,0.5410650497695388,-0.012074628773652167,0.9468275146444503,P4,0.03563092836470307,0.03563092836470307,0.14081653607330802,0.9736581426737476,1.0,1.0,0.9877959091116993,1.0,1.0
Workbook QC flags honored; P27 omitted,Neutral Angry,O,Generalized Anxiety,Generalized Anxiety Raw,33,-0.05240535505763081,-0.38872078724706755,0.2962332425491841,0.772093936809929,-0.1034986618243301,0.5665279709669813,P16,-0.18608679681327134,-0.18608679681327134,0.04847719337201838,0.9837682026832322,1.0,1.0,0.9473368008946114,1.0,1.0
Workbook QC flags honored; P27 omitted,Neutral Angry,O,Obsessive Compulsive,Obsessive Compulsive Raw,33,-0.127083784735819,-0.4507279684182073,0.22608926244864314,0.48096141340278903,-0.23602326804094403,0.18605360729771175,P4,-0.2831798260327476,-0.2831798260327476,-0.03315130017593469,0.9588482028318719,1.0,1.0,0.9473368008946114,1.0,1.0
Workbook QC flags honored; P27 omitted,Neutral Angry,Frontal,Social Phobia,Social Phobia Raw,33,0.008203241710830053,-0.3360521613123911,0.3505250738708909,0.9638620585719748,0.09855894674205647,0.5852868264262916,P1,0.1147450687917703,-0.02735335865504948,0.1147450687917703,0.9923283906306153,1.0,1.0,0.9473368008946114,1.0,1.0
Workbook QC flags honored; P27 omitted,Neutral Angry,Frontal,Panic Disorder,Panic Disorder Raw,33,0.07223662983561463,-0.27796577546812534,0.40548969156873843,0.6895322040312738,0.23958724629686548,0.1793009688625832,P1,-0.001001869096139571,-0.001001869096139571,0.13666820188062392,0.9837682026832322,1.0,1.0,0.9473368008946114,1.0,1.0
Workbook QC flags honored; P27 omitted,Neutral Angry,Frontal,Major Depression,Major Depression Raw,33,0.11651983834767461,-0.23623927534763756,0.4421421295580943,0.5184402262465576,0.19622518929733004,0.2737590278494213,P1,0.08824897321155917,0.08824897321155917,0.140388380177773,0.9588482028318719,1.0,1.0,0.9473368008946114,1.0,1.0
Workbook QC flags honored; P27 omitted,Neutral Angry,Frontal,Separation Anxiety,Separation Anxiety Raw,33,0.17390644009452344,-0.18015868757077572,0.48807554781777623,0.3330952668477333,0.1467662624177721,0.4150571232735657,P14,0.12369765129770575,0.12369765129770575,0.22023195225621559,0.9364803358989094,1.0,1.0,0.9473368008946114,1.0,1.0
Workbook QC flags honored; P27 omitted,Neutral Angry,Frontal,Generalized Anxiety,Generalized Anxiety Raw,33,0.14355093957250026,-0.21011291131220686,0.4639932678746125,0.4254619199502964,0.22579986286715553,0.20640950688381296,P1,0.36503671922051356,0.019106994678542315,0.36503671922051356,0.9588482028318719,1.0,1.0,0.9473368008946114,1.0,1.0
Workbook QC flags honored; P27 omitted,Neutral Angry,Frontal,Obsessive Compulsive,Obsessive Compulsive Raw,33,0.17182794272591653,-0.18223086774420671,0.4864417054679324,0.3389947975691945,0.11970964314306873,0.5069743428905973,P1,0.023883325393209476,0.023883325393209476,0.24424746812010506,0.9364803358989094,1.0,1.0,0.9473368008946114,1.0,1.0
Workbook QC flags honored; P27 omitted,Neutral Angry,PO,Social Phobia,Social Phobia Raw,33,0.2944538800644216,-0.05434920591335019,0.5792111905451874,0.09623306080625454,0.22259571645144727,0.21309404924221398,P13,0.22361447609905305,0.22361447609905305,0.3435055375401699,0.9364803358989094,1.0,1.0,0.9473368008946114,1.0,1.0
Workbook QC flags honored; P27 omitted,Neutral Angry,PO,Panic Disorder,Panic Disorder Raw,33,0.17436178900125193,-0.17970430256551273,0.48843318969813654,0.3318112867063767,0.1865707590965725,0.29852335509187045,P13,0.07151635127641441,0.07151635127641441,0.2721279190118733,0.9364803358989094,1.0,1.0,0.9473368008946114,1.0,1.0
Workbook QC flags honored; P27 omitted,Neutral Angry,PO,Major Depression,Major Depression Raw,33,0.1664083083028518,-0.18761927879179538,0.48217112498345616,0.3546750200505476,0.2212359277107622,0.21597526073992834,P13,0.09479357059533298,0.09479357059533298,0.2243980369907047,0.9364803358989094,1.0,1.0,0.9473368008946114,1.0,1.0
Workbook QC flags honored; P27 omitted,Neutral Angry,PO,Separation Anxiety,Separation Anxiety Raw,33,0.2284506116049986,-0.12463326686284483,0.5301781842939893,0.20098998804131002,0.16853460724914504,0.348472027275908,P13,0.16016024689792058,0.16016024689792058,0.2665753756628929,0.9364803358989094,1.0,1.0,0.9473368008946114,1.0,1.0
Workbook QC flags honored; P27 omitted,Neutral Angry,PO,Generalized Anxiety,Generalized Anxiety Raw,33,0.34501062718623093,0.0019302600925425193,0.6154254067533684,0.04925663245917502,0.20191555629231012,0.25980731947091146,P16,0.14108046318312792,0.14108046318312792,0.43578270028472516,0.9364803358989094,1.0,1.0,0.9473368008946114,1.0,1.0
Workbook QC flags honored; P27 omitted,Neutral Angry,PO,Obsessive Compulsive,Obsessive Compulsive Raw,33,0.04519991414830405,-0.30280791619379116,0.3825723310072952,0.8027656527043194,0.06554315213223337,0.7170614012512126,P30,0.1489741862613431,-0.0382974459639315,0.1489741862613431,0.9837682026832322,1.0,1.0,0.9555655639349111,1.0,1.0
Workbook QC flags honored; P27 omitted,Neutral Angry,CP,Social Phobia,Social Phobia Raw,33,-0.19096017549688868,-0.5013983275139728,0.16303727594726006,0.2870934205199044,-0.140966112602159,0.4339303108724394,P25,0.006666994379794108,-0.2600086084888284,0.006666994379794108,0.9364803358989094,1.0,1.0,0.9473368008946114,1.0,1.0
Workbook QC flags honored; P27 omitted,Neutral Angry,CP,Panic Disorder,Panic Disorder Raw,33,0.04625089774749721,-0.30185099503402063,0.38347100835765874,0.7982726742580668,0.030391616866409996,0.8666671859802123,P35,0.09678644923972635,0.006884508273009078,0.09678644923972635,0.9837682026832322,1.0,1.0,0.968944679977877,1.0,1.0
Workbook QC flags honored; P27 omitted,Neutral Angry,CP,Major Depression,Major Depression Raw,33,0.23559150489478659,-0.1171964187739892,0.5355822442522874,0.18688363443978206,0.09786080869148281,0.5879599998983298,P25,0.06574670803537389,0.06574670803537389,0.27968906923641396,0.9364803358989094,1.0,1.0,0.9473368008946114,1.0,1.0
Workbook QC flags honored; P27 omitted,Neutral Angry,CP,Separation Anxiety,Separation Anxiety Raw,33,0.19141557040940316,-0.16257713227575168,0.501752086090619,0.28592388848096834,0.042856428886765434,0.8128062523926025,P25,0.10716450347807811,0.10716450347807811,0.24289522262317312,0.9364803358989094,1.0,1.0,0.9652321166861462,1.0,1.0
Workbook QC flags honored; P27 omitted,Neutral Angry,CP,Generalized Anxiety,Generalized Anxiety Raw,33,0.2340276903303316,-0.11882843642744088,0.5344008836068261,0.1899116846910794,0.09248816588557157,0.6087088413559245,P29,0.18285031459577933,0.18285031459577933,0.2733839147817514,0.9364803358989094,1.0,1.0,0.9473368008946114,1.0,1.0
Workbook QC flags honored; P27 omitted,Neutral Angry,CP,Obsessive Compulsive,Obsessive Compulsive Raw,33,0.17420695158557814,-0.1798588291694101,0.4883115885413316,0.33224755127780864,0.09322070083055992,0.6058616468802261,P30,0.25809603394432623,0.11814181725300743,0.25809603394432623,0.9364803358989094,1.0,1.0,0.9473368008946114,1.0,1.0
Workbook QC flags honored; P27 omitted,Neutral Happy,LOT,Social Phobia,Social Phobia Raw,33,0.03980296940233653,-0.3077108091174813,0.377947421885314,0.8259325058466142,0.12671864581121545,0.4822329857701667,P7,0.1083654009669661,-0.01293293349286926,0.1083654009669661,0.9837682026832322,1.0,1.0,0.9473368008946114,1.0,1.0
Workbook QC flags honored; P27 omitted,Neutral Happy,LOT,Panic Disorder,Panic Disorder Raw,33,0.19972513411160295,-0.15415379341546057,0.5081889203254027,0.26512133652922515,0.3162416577265885,0.07298013315559883,P7,0.29740316350265794,0.12564996969992315,0.29740316350265794,0.9364803358989094,1.0,1.0,0.9473368008946114,1.0,1.0
Workbook QC flags honored; P27 omitted,Neutral Happy,LOT,Major Depression,Major Depression Raw,33,-0.16209739832848022,-0.4787634511533423,0.19189019119753745,0.3674528666519852,-0.11481439647508448,0.5246223256349678,P7,-0.059383436004034194,-0.23047040612508712,-0.059383436004034194,0.9364803358989094,1.0,1.0,0.9473368008946114,1.0,1.0
Workbook QC flags honored; P27 omitted,Neutral Happy,LOT,Separation Anxiety,Separation Anxiety Raw,33,-0.02311093885102318,-0.3635355745894832,0.322758889788843,0.8984180488870571,-0.12244693967647267,0.49723706539477364,P14,-0.16003150841234498,-0.16003150841234498,0.0828918628481426,0.9837682026832322,1.0,1.0,0.9473368008946114,1.0,1.0
Workbook QC flags honored; P27 omitted,Neutral Happy,LOT,Generalized Anxiety,Generalized Anxiety Raw,33,-0.18121310571139385,-0.49380166925286023,0.1728492015412325,0.3128603790863944,-0.02235977636794038,0.9017035139906945,P16,-0.03784616704047179,-0.22994798807273908,-0.03784616704047179,0.9364803358989094,1.0,1.0,0.9835991150626631,1.0,1.0
Workbook QC flags honored; P27 omitted,Neutral Happy,LOT,Obsessive Compulsive,Obsessive Compulsive Raw,33,0.07097942401060066,-0.2791314125639322,0.40443324259475244,0.6946744300725527,0.09474890904089696,0.5999401853351286,P30,-0.027386312293148585,-0.027386312293148585,0.13725067565276955,0.9837682026832322,1.0,1.0,0.9473368008946114,1.0,1.0
Workbook QC flags honored; P27 omitted,Neutral Happy,ROT,Social Phobia,Social Phobia Raw,33,-0.06195145213123254,-0.3968206725034079,0.2874716329176078,0.7319814649245729,-0.0077103937927459135,0.9660319261991817,P24,0.03874535341414977,-0.15674309149642107,0.03874535341414977,0.9837682026832322,1.0,1.0,0.9879871972491631,1.0,1.0
Workbook QC flags honored; P27 omitted,Neutral Happy,ROT,Panic Disorder,Panic Disorder Raw,33,-0.19378365889602173,-0.5035899859141716,0.16018186518817606,0.2798916342576717,-0.054536068043613495,0.76308628750972,P8,-0.05243370088344491,-0.26561921789585796,-0.05243370088344491,0.9364803358989094,1.0,1.0,0.960528194068179,1.0,1.0
Workbook QC flags honored; P27 omitted,Neutral Happy,ROT,Major Depression,Major Depression Raw,33,-0.02217522597041217,-0.3627228307681573,0.3235973028396671,0.9025109551517413,-0.07184292644932186,0.6911410778848548,P26,-0.14784240102038124,-0.14784240102038124,0.06243239117387957,0.9837682026832322,1.0,1.0,0.9555655639349111,1.0,1.0
Workbook QC flags honored; P27 omitted,Neutral Happy,ROT,Separation Anxiety,Separation Anxiety Raw,33,-0.31309266207147146,-0.5926944031401818,0.033855364613194286,0.07604001211564125,-0.33111693270846154,0.059799742750242024,P26,-0.4311928609235416,-0.4311928609235416,-0.23521743601317915,0.9364803358989094,1.0,1.0,0.9473368008946114,1.0,1.0
Workbook QC flags honored; P27 omitted,Neutral Happy,ROT,Generalized Anxiety,Generalized Anxiety Raw,33,-0.11466048630878274,-0.44062474154097353,0.23801783959156975,0.5251819986521113,-0.11654186470562866,0.5183606171831523,P26,-0.22532381425176606,-0.22532381425176606,-0.02654700856130708,0.9588482028318719,1.0,1.0,0.9473368008946114,1.0,1.0
Workbook QC flags honored; P27 omitted,Neutral Happy,ROT,Obsessive Compulsive,Obsessive Compulsive Raw,33,-0.12273433656408081,-0.4472001949283101,0.23027759168470277,0.49622024432712664,-0.16385788033058343,0.3622021032651187,P11,-0.23749595204538518,-0.23749595204538518,-0.024360684546613845,0.9588482028318719,1.0,1.0,0.9473368008946114,1.0,1.0
Workbook QC flags honored; P27 omitted,Neutral Happy,O,Social Phobia,Social Phobia Raw,33,0.07553629091931274,-0.2749015321002834,0.4082582183419336,0.6761011131831823,0.09202187374385885,0.6105241554303404,P29,0.035447680470130694,0.035447680470130694,0.1108220198449718,0.9837682026832322,1.0,1.0,0.9473368008946114,1.0,1.0
Workbook QC flags honored; P27 omitted,Neutral Happy,O,Panic Disorder,Panic Disorder Raw,33,0.20063848879706295,-0.15322478458161584,0.5088943360868826,0.26289692951888244,0.273186867165841,0.12398593794499788,P4,0.10948327262486511,0.10948327262486511,0.23897180899408554,0.9364803358989094,1.0,1.0,0.9473368008946114,1.0,1.0
Workbook QC flags honored; P27 omitted,Neutral Happy,O,Major Depression,Major Depression Raw,33,0.008517975223204365,-0.33577292194152175,0.350801125594928,0.962476509589883,-0.05170004987474564,0.7750821423372924,P4,-0.06521680789072799,-0.06521680789072799,0.039528332983859944,0.9923283906306153,1.0,1.0,0.9621709353152595,1.0,1.0
Workbook QC flags honored; P27 omitted,Neutral Happy,O,Separation Anxiety,Separation Anxiety Raw,33,0.025724829362531353,-0.3204139243946937,0.3658032116232428,0.8869985448518604,-0.14778665358174273,0.41178528020471994,P4,-0.1548972568634287,-0.1548972568634287,0.06390827135844925,0.9837682026832322,1.0,1.0,0.9473368008946114,1.0,1.0
Workbook QC flags honored; P27 omitted,Neutral Happy,O,Generalized Anxiety,Generalized Anxiety Raw,33,0.0379150146638624,-0.3094215890050915,0.37632554572436644,0.8340719120637285,0.03574176373966228,0.8434622159494651,P29,-0.05372513876910068,-0.05372513876910068,0.0901819826625444,0.9837682026832322,1.0,1.0,0.9652321166861462,1.0,1.0
Workbook QC flags honored; P27 omitted,Neutral Happy,O,Obsessive Compulsive,Obsessive Compulsive Raw,33,0.06653156147581395,-0.28324704864555245,0.40068847976528416,0.7129731883489187,-0.021055313120199322,0.9074128029313333,P29,-0.023744824057353266,-0.023744824057353266,0.10168042212713874,0.9837682026832322,1.0,1.0,0.9835991150626631,1.0,1.0
Workbook QC flags honored; P27 omitted,Neutral Happy,Frontal,Social Phobia,Social Phobia Raw,33,0.052096778616240444,-0.2965154848962428,0.3884580891782921,0.7734009070693083,0.03151204419643982,0.8617978872881813,P18,-0.05887363916027859,-0.05887363916027859,0.1387726956730606,0.9837682026832322,1.0,1.0,0.968944679977877,1.0,1.0
Workbook QC flags honored; P27 omitted,Neutral Happy,Frontal,Panic Disorder,Panic Disorder Raw,33,-0.024255446464939205,-0.36452896977822674,0.3217326549473556,0.8934153535002067,0.11717656725160298,0.5160692184876395,P8,0.18840455779384013,-0.09526982400874151,0.18840455779384013,0.9837682026832322,1.0,1.0,0.9473368008946114,1.0,1.0
Workbook QC flags honored; P27 omitted,Neutral Happy,Frontal,Major Depression,Major Depression Raw,33,0.09220981477047276,-0.259307954095885,0.4221548832365883,0.609792210647447,0.060596487028516804,0.737635503798492,P8,0.18596800628458626,0.023357887164929036,0.18596800628458626,0.9837682026832322,1.0,1.0,0.9555655639349111,1.0,1.0
Workbook QC flags honored; P27 omitted,Neutral Happy,Frontal,Separation Anxiety,Separation Anxiety Raw,33,-0.2630218183003801,-0.5561148886314141,0.08825654715915714,0.13917575907388036,-0.26019974681250446,0.1436246040097811,P8,-0.16800031372247265,-0.33680498502955697,-0.16800031372247265,0.9364803358989094,1.0,1.0,0.9473368008946114,1.0,1.0
Workbook QC flags honored; P27 omitted,Neutral Happy,Frontal,Generalized Anxiety,Generalized Anxiety Raw,33,0.031686390097235985,-0.3150497889408755,0.37096000178177574,0.8610406363262166,0.06640176012297447,0.7135096226388682,P8,0.12898198871728184,-0.026733716987951656,0.12898198871728184,0.9837682026832322,1.0,1.0,0.9555655639349111,1.0,1.0
Workbook QC flags honored; P27 omitted,Neutral Happy,Frontal,Obsessive Compulsive,Obsessive Compulsive Raw,33,0.11867854755827018,-0.23417139142968466,0.4439014832628514,0.5106667478164499,0.05314768553727732,0.7689523322346488,P11,0.00683589115295391,0.00683589115295391,0.19031360501563688,0.9588482028318719,1.0,1.0,0.961190415293311,1.0,1.0
Workbook QC flags honored; P27 omitted,Neutral Happy,PO,Social Phobia,Social Phobia Raw,33,-0.05512620262993566,-0.3910347417228772,0.29374195550864085,0.76059680502862,-0.09487136710204755,0.5994667674710621,P4,-0.14928886284276094,-0.14928886284276094,0.02337936903094468,0.9837682026832322,1.0,1.0,0.9473368008946114,1.0,1.0
Workbook QC flags honored; P27 omitted,Neutral Happy,PO,Panic Disorder,Panic Disorder Raw,33,0.1546368610769219,-0.1992499631791545,0.4728434390934072,0.39020013995787894,0.2777456096958025,0.11758816695679929,P4,0.03893624731710353,0.03893624731710353,0.21595454651493823,0.9364803358989094,1.0,1.0,0.9473368008946114,1.0,1.0
Workbook QC flags honored; P27 omitted,Neutral Happy,PO,Major Depression,Major Depression Raw,33,0.061840422553834616,-0.2875738754558536,0.3967267624644934,0.7324442570637769,0.0424678981113982,0.8144737784773181,P26,-0.004376923936054954,-0.004376923936054954,0.093245331974394,0.9837682026832322,1.0,1.0,0.9652321166861462,1.0,1.0
Workbook QC flags honored; P27 omitted,Neutral Happy,PO,Separation Anxiety,Separation Anxiety Raw,33,-0.040128430820188785,-0.3782268048827743,0.3074156633464332,0.8245311378414514,-0.19047301727451305,0.2883479193942249,P4,-0.19098437939083684,-0.19098437939083684,0.030603086176207002,0.9837682026832322,1.0,1.0,0.9473368008946114,1.0,1.0
Workbook QC flags honored; P27 omitted,Neutral Happy,PO,Generalized Anxiety,Generalized Anxiety Raw,33,0.09082307878752217,-0.2606118964409366,0.421004980700998,0.6152016065011666,0.1668513615334945,0.35337707914903815,P16,0.17744697827640626,0.03974857805519463,0.17744697827640626,0.9837682026832322,1.0,1.0,0.9473368008946114,1.0,1.0
Workbook QC flags honored; P27 omitted,Neutral Happy,PO,Obsessive Compulsive,Obsessive Compulsive Raw,33,0.18226067665603762,-0.17179801992256458,0.4946204185435253,0.3100237527495412,0.14687778910461627,0.41469880825206573,P4,0.24806695627712672,0.12756261492491447,0.24806695627712672,0.9364803358989094,1.0,1.0,0.9473368008946114,1.0,1.0
Workbook QC flags honored; P27 omitted,Neutral Happy,CP,Social Phobia,Social Phobia Raw,33,-0.09101736251464679,-0.42116614767177374,0.2604292894222868,0.6144425346282842,0.1664439355694933,0.3545705429812984,P25,0.25918193990859234,-0.12640325295836483,0.25918193990859234,0.9837682026832322,1.0,1.0,0.9473368008946114,1.0,1.0
Workbook QC flags honored; P27 omitted,Neutral Happy,CP,Panic Disorder,Panic Disorder Raw,33,0.15038893877541218,-0.20342274976048072,0.4694597856048628,0.4035073241875704,0.4685374266904875,0.005957327164614045,P25,0.2969183254132434,0.12081043830951126,0.2969183254132434,0.9556752414968773,1.0,1.0,0.3574396298768427,1.0,1.0
Workbook QC flags honored; P27 omitted,Neutral Happy,CP,Major Depression,Major Depression Raw,33,0.39126462753102104,0.0553967849856854,0.6475867502337905,0.024348104193518825,0.4948433345154225,0.0034159284789435146,P8,0.43513562278922957,0.37258054897430254,0.43513562278922957,0.9364803358989094,1.0,1.0,0.3074335631049163,1.0,0.6114511977308891
Workbook QC flags honored; P27 omitted,Neutral Happy,CP,Separation Anxiety,Separation Anxiety Raw,33,0.1199274661356501,-0.2329735600170004,0.44491821151111316,0.5061960179687937,0.06853627318002568,0.7047055259062764,P25,-0.04643648557088343,-0.04643648557088343,0.1789789902336482,0.9588482028318719,1.0,1.0,0.9555655639349111,1.0,1.0
Workbook QC flags honored; P27 omitted,Neutral Happy,CP,Generalized Anxiety,Generalized Anxiety Raw,33,0.25130644199092084,-0.10068962984768028,0.5473890329705653,0.15832166825012725,0.5086849123706437,0.0025040804900118034,P25,0.355061601533343,0.2295751393801302,0.355061601533343,0.9364803358989094,1.0,1.0,0.3074335631049163,1.0,0.4507344882021246
Workbook QC flags honored; P27 omitted,Neutral Happy,CP,Obsessive Compulsive,Obsessive Compulsive Raw,33,0.23937800728758307,-0.11323686623674654,0.5384378465065268,0.17969255812034565,0.3662605677441125,0.036051420690450114,P25,0.2926768851750827,0.2239367065235512,0.2926768851750827,0.9364803358989094,1.0,1.0,0.7210284138090023,1.0,1.0
Workbook QC flags honored; P27 omitted,Neutral Sad,LOT,Social Phobia,Social Phobia Raw,33,-0.2363747890458804,-0.5361735237014106,0.11637825617470095,0.18537975420543518,-0.12370153519666272,0.49280602054768774,P6,-0.14526054815291436,-0.2923017703688987,-0.14526054815291436,0.9364803358989094,1.0,1.0,0.9473368008946114,1.0,1.0
Workbook QC flags honored; P27 omitted,Neutral Sad,LOT,Panic Disorder,Panic Disorder Raw,33,-0.19298409200861028,-0.5029697465527263,0.1609910751201761,0.2819191134224549,-0.2095333140623045,0.2418751937110457,P35,-0.27621071238080597,-0.27621071238080597,-0.12902345234961343,0.9364803358989094,1.0,1.0,0.9473368008946114,1.0,1.0
Workbook QC flags honored; P27 omitted,Neutral Sad,LOT,Major Depression,Major Depression Raw,33,-0.2942850951068212,-0.5790883762275906,0.054533456560476916,0.09643289480358529,-0.20428233992716052,0.25414477628252047,P6,-0.1902178288536979,-0.34787344661116204,-0.1902178288536979,0.9364803358989094,1.0,1.0,0.9473368008946114,1.0,1.0
Workbook QC flags honored; P27 omitted,Neutral Sad,LOT,Separation Anxiety,Separation Anxiety Raw,33,-0.2958499763217927,-0.5802265475400413,0.05282427466343708,0.09459220038256554,-0.1816296271867678,0.31173057718655034,P14,-0.22421940124615655,-0.34119818872968954,-0.22421940124615655,0.9364803358989094,1.0,1.0,0.9473368008946114,1.0,1.0
Workbook QC flags honored; P27 omitted,Neutral Sad,LOT,Generalized Anxiety,Generalized Anxiety Raw,33,-0.2843143513433222,-0.571810276983585,0.06537582850693753,0.10880705046660888,-0.2999936662698668,0.08984742521449594,P6,-0.2060207782180023,-0.32319128997996693,-0.2060207782180023,0.9364803358989094,1.0,1.0,0.9473368008946114,1.0,1.0
Workbook QC flags honored; P27 omitted,Neutral Sad,LOT,Obsessive Compulsive,Obsessive Compulsive Raw,33,-0.21765574367180476,-0.5219620772164943,0.13580071410503028,0.223688338306057,-0.32092372417078,0.0686086313202231,P11,-0.3382967419221864,-0.3382967419221864,-0.17068422559307264,0.9364803358989094,1.0,1.0,0.9473368008946114,1.0,1.0
Workbook QC flags honored; P27 omitted,Neutral Sad,ROT,Social Phobia,Social Phobia Raw,33,0.17702237117770164,-0.17704632857848554,0.4905207670065122,0.32436997107616794,0.19644742445865676,0.2732051900704748,P26,0.2774708604452212,0.086020632167246,0.2774708604452212,0.9364803358989094,1.0,1.0,0.9473368008946114,1.0,1.0
Workbook QC flags honored; P27 omitted,Neutral Sad,ROT,Panic Disorder,Panic Disorder Raw,33,-0.10393306126930914,-0.4318337321565671,0.24823318264543404,0.5648915246860237,-0.161413254023822,0.3695054753835545,P4,-0.04370960413716233,-0.1576190954181099,-0.04370960413716233,0.9837682026832322,1.0,1.0,0.9473368008946114,1.0,1.0
Workbook QC flags honored; P27 omitted,Neutral Sad,ROT,Major Depression,Major Depression Raw,33,0.02862457944798806,-0.317807536498263,0.3683141259013187,0.874356324556347,-0.012421440554322004,0.9453025205321247,P26,0.14769024367140773,-0.07164898729533632,0.14769024367140773,0.9837682026832322,1.0,1.0,0.9877959091116993,1.0,1.0
Workbook QC flags honored; P27 omitted,Neutral Sad,ROT,Separation Anxiety,Separation Anxiety Raw,33,-0.061103184108699214,-0.3961030202090221,0.2882525658567926,0.7355195448958473,-0.010033846445710957,0.9558047807162764,P23,-0.16647270616239349,-0.16647270616239349,0.039502067112882996,0.9837682026832322,1.0,1.0,0.9877959091116993,1.0,1.0
Workbook QC flags honored; P27 omitted,Neutral Sad,ROT,Generalized Anxiety,Generalized Anxiety Raw,33,-0.1787057249970637,-0.49183972401347564,0.175361953096156,0.3197156422891721,-0.1868396464684715,0.29781499068287853,P16,-0.26309597418191377,-0.26309597418191377,-0.105395900010676,0.9364803358989094,1.0,1.0,0.9473368008946114,1.0,1.0
Workbook QC flags honored; P27 omitted,Neutral Sad,ROT,Obsessive Compulsive,Obsessive Compulsive Raw,33,-0.16790580237974106,-0.48335262733053624,0.18613253941537122,0.3502995578439923,-0.11648342581013496,0.5185718439278635,P11,-0.23343855718889775,-0.23343855718889775,-0.11060953335682475,0.9364803358989094,1.0,1.0,0.9473368008946114,1.0,1.0
Workbook QC flags honored; P27 omitted,Neutral Sad,O,Social Phobia,Social Phobia Raw,33,-0.18132607970276582,-0.49388999292662855,0.17273587694903747,0.31255368753283497,-0.14834127188217683,0.4100130389246661,P26,-0.2324744578923386,-0.2324744578923386,-0.13197779563023934,0.9364803358989094,1.0,1.0,0.9473368008946114,1.0,1.0
Workbook QC flags honored; P27 omitted,Neutral Sad,O,Panic Disorder,Panic Disorder Raw,33,0.06668121820534265,-0.2831087794298731,0.40081466114385866,0.7123548645725952,-0.10822792450760448,0.5488296461170246,P35,-0.15790910822991094,-0.15790910822991094,0.11494743343510867,0.9837682026832322,1.0,1.0,0.9473368008946114,1.0,1.0
Workbook QC flags honored; P27 omitted,Neutral Sad,O,Major Depression,Major Depression Raw,33,-0.02871722162065429,-0.368394263813109,0.3177241803615859,0.8739529121469275,-0.06428934773385578,0.7222584246668957,P35,-0.13630804492939835,-0.13630804492939835,0.04097824206789209,0.9837682026832322,1.0,1.0,0.9555655639349111,1.0,1.0
Workbook QC flags honored; P27 omitted,Neutral Sad,O,Separation Anxiety,Separation Anxiety Raw,33,-0.08877231767457287,-0.41930251096924653,0.26253787178930504,0.6232377522608004,-0.01105423760968156,0.9513154134543118,P14,-0.02799738768825598,-0.13411067084363892,-0.02799738768825598,0.9837682026832322,1.0,1.0,0.9877959091116993,1.0,1.0
Workbook QC flags honored; P27 omitted,Neutral Sad,O,Generalized Anxiety,Generalized Anxiety Raw,33,-0.11745521233222965,-0.44290476958055924,0.2353436483083696,0.5150648360538945,-0.09316573486641826,0.6060750901520577,P29,0.05455843552364439,-0.2400719890145066,0.05455843552364439,0.9588482028318719,1.0,1.0,0.9473368008946114,1.0,1.0
Workbook QC flags honored; P27 omitted,Neutral Sad,O,Obsessive Compulsive,Obsessive Compulsive Raw,33,-0.26415889846639606,-0.5569583833546933,0.08704395167570636,0.13741201884130663,-0.22481640783180568,0.20844561771383183,P29,-0.13441829022144355,-0.32294555365372724,-0.13441829022144355,0.9364803358989094,1.0,1.0,0.9473368008946114,1.0,1.0
Workbook QC flags honored; P27 omitted,Neutral Sad,Frontal,Social Phobia,Social Phobia Raw,33,-0.13628876140963583,-0.4581608005542,0.21718199868222376,0.44948700990398427,0.057995570701958404,0.7485263584156804,P18,-0.02077268096951189,-0.18004580011345814,-0.02077268096951189,0.9588482028318719,1.0,1.0,0.9555655639349111,1.0,1.0
Workbook QC flags honored; P27 omitted,Neutral Sad,Frontal,Panic Disorder,Panic Disorder Raw,33,-0.04041015695198498,-0.3784685948588751,0.3071601250595667,0.8233185137563914,-0.033430778553050995,0.8534708824724276,P35,-0.13290972772574083,-0.13290972772574083,0.04207841258174879,0.9837682026832322,1.0,1.0,0.9661934518555785,1.0,1.0
Workbook QC flags honored; P27 omitted,Neutral Sad,Frontal,Major Depression,Major Depression Raw,33,-0.01596651419736067,-0.3573168974498135,0.3291466834629845,0.9297260517656453,0.09416794798614385,0.6021883449155645,P6,0.09898742226051521,-0.07628568330309873,0.09898742226051521,0.9844158195165656,1.0,1.0,0.9473368008946114,1.0,1.0
Workbook QC flags honored; P27 omitted,Neutral Sad,Frontal,Separation Anxiety,Separation Anxiety Raw,33,-0.19661671351961893,-0.5057850732731264,0.15731080839491726,0.27278378966786376,-0.12465778719840899,0.48944224435087147,P8,-0.24814461558973694,-0.24814461558973694,-0.16651798929974165,0.9364803358989094,1.0,1.0,0.9473368008946114,1.0,1.0
Workbook QC flags honored; P27 omitted,Neutral Sad,Frontal,Generalized Anxiety,Generalized Anxiety Raw,33,0.022951888775953506,-0.3229014393887861,0.36339746302684917,0.8991135723056554,0.1200991018550737,0.5055831505851069,P6,0.118334115791505,-0.04076104603656318,0.118334115791505,0.9837682026832322,1.0,1.0,0.9473368008946114,1.0,1.0
Workbook QC flags honored; P27 omitted,Neutral Sad,Frontal,Obsessive Compulsive,Obsessive Compulsive Raw,33,-0.07480337062727263,-0.4076438018469098,0.27558277700852746,0.6790761475696818,0.008999448349762615,0.9603571338585966,P18,-0.15721521249652806,-0.15721521249652806,-0.019426262757087132,0.9837682026832322,1.0,1.0,0.9877959091116993,1.0,1.0
Workbook QC flags honored; P27 omitted,Neutral Sad,PO,Social Phobia,Social Phobia Raw,33,-0.11854431522840313,-0.44379215662137994,0.2343000692437785,0.5111484215119126,-0.140966112602159,0.4339303108724394,P4,-0.17548868909427384,-0.17548868909427384,-0.0789549050195441,0.9588482028318719,1.0,1.0,0.9473368008946114,1.0,1.0
Workbook QC flags honored; P27 omitted,Neutral Sad,PO,Panic Disorder,Panic Disorder Raw,33,-0.20279235635575762,-0.5105562056518592,0.15103152197218783,0.25769996892592895,-0.230976288184716,0.19591874869802706,P8,-0.29627456239757527,-0.29627456239757527,-0.11965543023079167,0.9364803358989094,1.0,1.0,0.9473368008946114,1.0,1.0
Workbook QC flags honored; P27 omitted,Neutral Sad,PO,Major Depression,Major Depression Raw,33,-0.041156207197298664,-0.3791086657952226,0.306483181701994,0.8201092591681287,0.08023579168872863,0.6571408628953989,P6,0.01081778890842798,-0.08122319001490619,0.01081778890842798,0.9837682026832322,1.0,1.0,0.9555655639349111,1.0,1.0
Workbook QC flags honored; P27 omitted,Neutral Sad,PO,Separation Anxiety,Separation Anxiety Raw,33,-0.11886616070872393,-0.44405427013758964,0.2339915209687136,0.5099939027437973,-0.040645581364829125,0.8223054919664705,P4,-0.04967484722010068,-0.15573197605385433,-0.04967484722010068,0.9588482028318719,1.0,1.0,0.9652321166861462,1.0,1.0
Workbook QC flags honored; P27 omitted,Neutral Sad,PO,Generalized Anxiety,Generalized Anxiety Raw,33,0.002787914878868251,-0.34084731286460007,0.34576597388026664,0.9877147970610718,-0.01863314697328365,0.9180258407251523,P6,0.0461895647032282,-0.02731881670064411,0.0461895647032282,0.9932327568211895,1.0,1.0,0.9835991150626631,1.0,1.0
Workbook QC flags honored; P27 omitted,Neutral Sad,PO,Obsessive Compulsive,Obsessive Compulsive Raw,33,-0.014450861099233147,-0.3559937340376019,0.3304977721500837,0.9363827826554927,0.07590100778007336,0.6746224583709948,P30,0.03344575004028426,-0.0380056881501237,0.03344575004028426,0.9856660870057818,1.0,1.0,0.9555655639349111,1.0,1.0
Workbook QC flags honored; P27 omitted,Neutral Sad,CP,Social Phobia,Social Phobia Raw,33,-0.1621518677649591,-0.4788065675729784,0.19183631064529788,0.36728973512594926,-0.05631939813831799,0.7555705279167091,P18,-0.0959309743293011,-0.2047439234216355,-0.0959309743293011,0.9364803358989094,1.0,1.0,0.957765457922589,1.0,1.0
Workbook QC flags honored; P27 omitted,Neutral Sad,CP,Panic Disorder,Panic Disorder Raw,33,-0.005370700729853136,-0.34803798209679615,0.3385625414674442,0.9763359241337733,0.10755255524390649,0.5513411170797127,P4,0.15384411820734356,-0.09605480798622644,0.15384411820734356,0.9923283906306153,1.0,1.0,0.9473368008946114,1.0,1.0
Workbook QC flags honored; P27 omitted,Neutral Sad,CP,Major Depression,Major Depression Raw,33,0.08396810199008761,-0.26703882475573293,0.4153050971593574,0.642230130849729,0.26454311234610106,0.13681977891329936,P6,0.16110209435297732,0.04491584505527301,0.16110209435297732,0.9837682026832322,1.0,1.0,0.9473368008946114,1.0,1.0
Workbook QC flags honored; P27 omitted,Neutral Sad,CP,Separation Anxiety,Separation Anxiety Raw,33,-0.040423088454197204,-0.3784796921455443,0.30714839440155794,0.8232628627405919,0.07703953287978073,0.6700142880437431,P4,0.0460033854673256,-0.10354688351438214,0.0460033854673256,0.9837682026832322,1.0,1.0,0.9555655639349111,1.0,1.0
Workbook QC flags honored; P27 omitted,Neutral Sad,CP,Generalized Anxiety,Generalized Anxiety Raw,33,0.04130939361111988,-0.3063441414699217,0.37924005148347056,0.8194506557179033,0.15380815865219596,0.3927760442674605,P6,0.10015867003939856,-0.0016679812645054443,0.10015867003939856,0.9837682026832322,1.0,1.0,0.9473368008946114,1.0,1.0
Workbook QC flags honored; P27 omitted,Neutral Sad,CP,Obsessive Compulsive,Obsessive Compulsive Raw,33,0.01803933891702274,-0.3272966283850998,0.3591242554520521,0.9206298794112624,0.27473787603614924,0.12178091489224836,P30,0.1289539503278165,-0.017903234007217605,0.1289539503278165,0.9837682026832322,1.0,1.0,0.9473368008946114,1.0,1.0
Workbook QC flags honored; P27 omitted,Positive Valence,LOT,Social Phobia,Social Phobia Raw,33,-0.15496276228676573,-0.473102646441756,0.19892929545681606,0.38918980287856436,-0.08548480074566121,0.6362094022171376,P25,0.0010198983640256482,-0.22288358891985433,0.0010198983640256482,0.9364803358989094,1.0,1.0,0.9555655639349111,1.0,1.0
Workbook QC flags honored; P27 omitted,Positive Valence,LOT,Panic Disorder,Panic Disorder Raw,33,-0.0905932621959612,-0.42081431072291103,0.2608278682927555,0.6161000119925636,-0.12173530978156448,0.4997593720414738,P13,-0.04160984956275342,-0.13658441282533604,-0.04160984956275342,0.9837682026832322,1.0,1.0,0.9473368008946114,1.0,1.0
Workbook QC flags honored; P27 omitted,Positive Valence,LOT,Major Depression,Major Depression Raw,33,0.24763649041731428,-0.10456192631676406,0.5446422701688258,0.16469170485374876,0.14771442821355896,0.412016388422761,P25,0.12072262845131981,0.12072262845131981,0.2971352188998191,0.9364803358989094,1.0,1.0,0.9473368008946114,1.0,1.0
Workbook QC flags honored; P27 omitted,Positive Valence,LOT,Separation Anxiety,Separation Anxiety Raw,33,-0.07504968297563473,-0.407850322280966,0.275353870452595,0.6780757954092972,-0.12465778719840899,0.48944224435087147,P25,-0.24430488515251833,-0.24430488515251833,0.022432648735467617,0.9837682026832322,1.0,1.0,0.9473368008946114,1.0,1.0
Workbook QC flags honored; P27 omitted,Positive Valence,LOT,Generalized Anxiety,Generalized Anxiety Raw,33,0.031081620886750615,-0.3155949640051086,0.370437824240337,0.8636678962224567,0.03641933272050896,0.8405322048943167,P16,0.16614663482331057,-0.045610962592924575,0.16614663482331057,0.9837682026832322,1.0,1.0,0.9652321166861462,1.0,1.0
Workbook QC flags honored; P27 omitted,Positive Valence,LOT,Obsessive Compulsive,Obsessive Compulsive Raw,33,0.14536951845796695,-0.20833687722927832,0.4654494848285002,0.4195593152057276,0.06656195760579141,0.7128475887588397,P11,0.08535880330352108,0.08535880330352108,0.20140945142988254,0.9588482028318719,1.0,1.0,0.9555655639349111,1.0,1.0
Workbook QC flags honored; P27 omitted,Positive Valence,ROT,Social Phobia,Social Phobia Raw,33,0.067419474573647,-0.28242648480175864,0.40143692820063576,0.7093073112432738,0.13325571880941306,0.4597332100538476,P25,0.16521257806668083,-0.014097059371588519,0.16521257806668083,0.9837682026832322,1.0,1.0,0.9473368008946114,1.0,1.0
Workbook QC flags honored; P27 omitted,Positive Valence,ROT,Panic Disorder,Panic Disorder Raw,33,0.10569063444880905,-0.24656485660370148,0.4332783245070557,0.5582926510268714,0.102318443450247,0.5709849048105266,P8,-0.09412773180855194,-0.09412773180855194,0.176932229243458,0.9837682026832322,1.0,1.0,0.9473368008946114,1.0,1.0
Workbook QC flags honored; P27 omitted,Positive Valence,ROT,Major Depression,Major Depression Raw,33,0.2846148425463238,-0.0650502710724343,0.5720302825481743,0.10841749139977727,0.2499395268295333,0.1606731942208964,P11,0.21763395365941107,0.21763395365941107,0.33844137060222834,0.9364803358989094,1.0,1.0,0.9473368008946114,1.0,1.0
Workbook QC flags honored; P27 omitted,Positive Valence,ROT,Separation Anxiety,Separation Anxiety Raw,33,0.13398327653835349,-0.21941845723993852,0.456303383897685,0.4572641132281513,0.10407989872500178,0.5643388556843505,P8,0.01212883762191884,0.01212883762191884,0.18868185111500801,0.9588482028318719,1.0,1.0,0.9473368008946114,1.0,1.0
Workbook QC flags honored; P27 omitted,Positive Valence,ROT,Generalized Anxiety,Generalized Anxiety Raw,33,0.17535977676737846,-0.17870789866576145,0.48921666418170745,0.32900784197744315,0.1724413056254796,0.3372472612356303,P16,0.28815247604014566,0.09293635284230825,0.28815247604014566,0.9364803358989094,1.0,1.0,0.9473368008946114,1.0,1.0
Workbook QC flags honored; P27 omitted,Positive Valence,ROT,Obsessive Compulsive,Obsessive Compulsive Raw,33,0.2767966798142561,-0.07349644910090622,0.5662926993048343,0.11889916512852117,0.2519845537933532,0.15716433866086119,P11,0.06998832923156503,0.06998832923156503,0.44529068269372296,0.9364803358989094,1.0,1.0,0.9473368008946114,1.0,1.0
Workbook QC flags honored; P27 omitted,Positive Valence,O,Social Phobia,Social Phobia Raw,33,-0.12591567068139153,-0.44978152017401,0.2272153894672715,0.4850353939426247,-0.013576997765487372,0.940222731290673,P25,-0.04942077736970306,-0.18463814297996853,-0.04942077736970306,0.9588482028318719,1.0,1.0,0.9877959091116993,1.0,1.0
Workbook QC flags honored; P27 omitted,Positive Valence,O,Panic Disorder,Panic Disorder Raw,33,-0.16374338059988724,-0.4800656887871718,0.19026106150092903,0.36254224173222555,-0.12781363315484648,0.47842497592851774,P4,-0.022155241882855246,-0.20448498943704088,-0.022155241882855246,0.9364803358989094,1.0,1.0,0.9473368008946114,1.0,1.0
Workbook QC flags honored; P27 omitted,Positive Valence,O,Major Depression,Major Depression Raw,33,0.04078071290041356,-0.30682393779376566,0.37878655232553826,0.8217241534774634,0.02903931372834739,0.8725505979088132,P4,0.19200022646962472,-0.04628547960209363,0.19200022646962472,0.9837682026832322,1.0,1.0,0.9695006643431258,1.0,1.0
Workbook QC flags honored; P27 omitted,Positive Valence,O,Separation Anxiety,Separation Anxiety Raw,33,-0.028235988938032645,-0.3679779299060883,0.3181571181079306,0.8760487877415127,0.07057705550796689,0.6963230373563588,P4,0.1691083186393154,-0.08960449431440556,0.1691083186393154,0.9837682026832322,1.0,1.0,0.9555655639349111,1.0,1.0
Workbook QC flags honored; P27 omitted,Positive Valence,O,Generalized Anxiety,Generalized Anxiety Raw,33,-0.006109456415328812,-0.3486871063827581,0.33790828024463243,0.9730819641990438,-0.06741811359424449,0.7093129253737642,P29,0.03548677190579334,-0.042684091468168345,0.03548677190579334,0.9923283906306153,1.0,1.0,0.9555655639349111,1.0,1.0
Workbook QC flags honored; P27 omitted,Positive Valence,O,Obsessive Compulsive,Obsessive Compulsive Raw,33,7.506314306066422e-05,-0.34324277941034775,0.3433752116522023,0.9996692149495792,-0.03718639978486816,0.8372177122982719,P4,0.06318191515333133,-0.04331396257806754,0.06318191515333133,0.9996692149495792,1.0,1.0,0.9652321166861462,1.0,1.0
Workbook QC flags honored; P27 omitted,Positive Valence,Frontal,Social Phobia,Social Phobia Raw,33,-0.15660666408920237,-0.47440929384961145,0.19731063627676246,0.3841166047261414,-0.04693283178193165,0.7953607753634008,P25,0.024814335411893804,-0.2247534601611569,0.024814335411893804,0.9364803358989094,1.0,1.0,0.9652321166861462,1.0,1.0
Workbook QC flags honored; P27 omitted,Positive Valence,Frontal,Panic Disorder,Panic Disorder Raw,33,-0.1418737929346383,-0.462648765151232,0.21174875556590786,0.4309460793346753,-0.112786667037566,0.5320190914956834,P35,-0.04236433926875582,-0.22459569793212283,-0.04236433926875582,0.9588482028318719,1.0,1.0,0.9473368008946114,1.0,1.0
Workbook QC flags honored; P27 omitted,Positive Valence,Frontal,Major Depression,Major Depression Raw,33,0.17983915197589964,-0.17422666933026176,0.4927269883874685,0.3166053333464381,0.06210720277161002,0.7313324231886927,P25,0.003471535669643991,0.003471535669643991,0.23934970763797397,0.9364803358989094,1.0,1.0,0.9555655639349111,1.0,1.0
Workbook QC flags honored; P27 omitted,Positive Valence,Frontal,Separation Anxiety,Separation Anxiety Raw,33,-0.046315042892199274,-0.3835258370584878,0.30179256812323835,0.7979986563208682,-0.16071160832537038,0.3716176147091125,P25,-0.244739662616385,-0.244739662616385,0.03779839808986373,0.9837682026832322,1.0,1.0,0.9473368008946114,1.0,1.0
Workbook QC flags honored; P27 omitted,Positive Valence,Frontal,Generalized Anxiety,Generalized Anxiety Raw,33,0.00424328048282854,-0.33956037349107965,0.34704671520826347,0.9813025196236085,-0.014737125333415252,0.9351251760102268,P25,-0.10094971708961002,-0.10094971708961002,0.1037563950120761,0.9923283906306153,1.0,1.0,0.9877959091116993,1.0,1.0
Workbook QC flags honored; P27 omitted,Positive Valence,Frontal,Obsessive Compulsive,Obsessive Compulsive Raw,33,0.13599198952935168,-0.21747009345190532,0.4579218634596263,0.4504840940959878,0.05009126911660323,0.7819099507383948,P30,0.24228225887580707,0.06096893330130514,0.24228225887580707,0.9588482028318719,1.0,1.0,0.9639985694035004,1.0,1.0
Workbook QC flags honored; P27 omitted,Positive Valence,PO,Social Phobia,Social Phobia Raw,33,-0.16310278360316643,-0.47955903882766315,0.1908953314973169,0.3644487360201515,-0.0737515928001783,0.6833537804851275,P25,-0.09031156225667956,-0.21082738841915,-0.09031156225667956,0.9364803358989094,1.0,1.0,0.9555655639349111,1.0,1.0
Workbook QC flags honored; P27 omitted,Positive Valence,PO,Panic Disorder,Panic Disorder Raw,33,-0.20620818637259694,-0.5131870670707962,0.14754605745490276,0.24959787763834979,-0.2027796214253245,0.2577304958695495,P8,-0.316881928718691,-0.316881928718691,-0.12573521364124046,0.9364803358989094,1.0,1.0,0.9473368008946114,1.0,1.0
Workbook QC flags honored; P27 omitted,Positive Valence,PO,Major Depression,Major Depression Raw,33,-0.017351100868209565,-0.3585244436294678,0.3279111941770234,0.9236490347414791,-0.004364289924491515,0.9807694035866731,P25,-0.10986810806246064,-0.10986810806246064,0.04166118939197513,0.9837682026832322,1.0,1.0,0.9892466137260353,1.0,1.0
Workbook QC flags honored; P27 omitted,Positive Valence,PO,Separation Anxiety,Separation Anxiety Raw,33,-0.11406050651849778,-0.44013470962529366,0.23859124629227016,0.5273665115575296,-0.05816229634632453,0.7478267679054746,P24,-0.03907386695961864,-0.1820192413932804,-0.03907386695961864,0.9588482028318719,1.0,1.0,0.9555655639349111,1.0,1.0
Workbook QC flags honored; P27 omitted,Positive Valence,PO,Generalized Anxiety,Generalized Anxiety Raw,33,0.05046401824282684,-0.2980078916627837,0.3870671728964263,0.7803265273614466,0.1068865067285635,0.5538231750237845,P24,0.13209074417093095,0.007006062165452451,0.13209074417093095,0.9837682026832322,1.0,1.0,0.9473368008946114,1.0,1.0
Workbook QC flags honored; P27 omitted,Positive Valence,PO,Obsessive Compulsive,Obsessive Compulsive Raw,33,0.07998177910618554,-0.27076192479964367,0.411978479926533,0.6581604677697026,0.16674449583899786,0.353689884599768,P24,0.16644039147846718,0.03737133085138644,0.16644039147846718,0.9837682026832322,1.0,1.0,0.9473368008946114,1.0,1.0
Workbook QC flags honored; P27 omitted,Positive Valence,CP,Social Phobia,Social Phobia Raw,33,-0.22166705823972443,-0.5250217455082064,0.13166141130196912,0.21505888091214367,-0.03486438932372066,0.8472593024245061,P25,-0.01138319438352875,-0.2595392343537516,-0.01138319438352875,0.9364803358989094,1.0,1.0,0.9652321166861462,1.0,1.0
Workbook QC flags honored; P27 omitted,Positive Valence,CP,Panic Disorder,Panic Disorder Raw,33,-0.021555865823599158,-0.3621845802971573,0.3241519605194124,0.9052214634448388,-0.0903306390196075,0.6171273356572272,P25,-0.09064717380779332,-0.09064717380779332,0.01022382476118884,0.9837682026832322,1.0,1.0,0.9473368008946114,1.0,1.0
Workbook QC flags honored; P27 omitted,Positive Valence,CP,Major Depression,Major Depression Raw,33,0.28501770235570023,-0.06461368887320736,0.5723251727308801,0.10789686800711888,0.27730026750999937,0.11820208200427644,P25,0.1674164193854256,0.1674164193854256,0.3118238591645839,0.9364803358989094,1.0,1.0,0.9473368008946114,1.0,1.0
Workbook QC flags honored; P27 omitted,Positive Valence,CP,Separation Anxiety,Separation Anxiety Raw,33,0.11423725159915216,-0.23842235479228044,0.4402790858884651,0.5267225291816335,0.018707171339461103,0.9177012781934961,P25,-0.08880153619872296,-0.08880153619872296,0.1510203125276675,0.9588482028318719,1.0,1.0,0.9835991150626631,1.0,1.0
Workbook QC flags honored; P27 omitted,Positive Valence,CP,Generalized Anxiety,Generalized Anxiety Raw,33,0.1639411905874973,-0.19006514549223852,0.4802220946290201,0.36195473725344024,0.2576456049669494,0.14773965314434984,P16,0.2249017831021694,0.1384413602534585,0.2249017831021694,0.9364803358989094,1.0,1.0,0.9473368008946114,1.0,1.0
Workbook QC flags honored; P27 omitted,Positive Valence,CP,Obsessive Compulsive,Obsessive Compulsive Raw,33,0.1888514211780864,-0.16516601417273258,0.49975885677438864,0.2925490223325323,0.28985015722726004,0.10179753466797632,P30,0.283808551340913,0.16359284098529847,0.283808551340913,0.9364803358989094,1.0,1.0,0.9473368008946114,1.0,1.0
Workbook QC flags honored; P27 omitted,Negative Valence,LOT,Social Phobia,Social Phobia Raw,31,-0.07912225280328418,-0.42164116158348636,0.2831564959898901,0.6722259133995967,-0.1601950136437254,0.3893183667139821,P23,-0.2275366634071055,-0.2275366634071055,-0.0019951101168039047,0.9837682026832322,1.0,1.0,0.9473368008946114,1.0,1.0
Workbook QC flags honored; P27 omitted,Negative Valence,LOT,Panic Disorder,Panic Disorder Raw,31,-0.16661036117189756,-0.4919097361463444,0.1995080634549986,0.370354027906216,-0.14957920341656195,0.42189902028148685,P13,-0.10686903353947547,-0.2179989816605519,-0.10686903353947547,0.9364803358989094,1.0,1.0,0.9473368008946114,1.0,1.0
Workbook QC flags honored; P27 omitted,Negative Valence,LOT,Major Depression,Major Depression Raw,31,-0.240483159356397,-0.5481167029783318,0.12446278702896674,0.19252273731638586,-0.16391651661093762,0.3782500860508792,P26,-0.14986878585023897,-0.31215893448574406,-0.14986878585023897,0.9364803358989094,1.0,1.0,0.9473368008946114,1.0,1.0
Workbook QC flags honored; P27 omitted,Negative Valence,LOT,Separation Anxiety,Separation Anxiety Raw,31,-0.21179799137312433,-0.5266163319583256,0.15410768290511104,0.2526998978404138,-0.25897028956025747,0.15949722725317178,P23,-0.3604527475381021,-0.3604527475381021,-0.14788844666581383,0.9364803358989094,1.0,1.0,0.9473368008946114,1.0,1.0
Workbook QC flags honored; P27 omitted,Negative Valence,LOT,Generalized Anxiety,Generalized Anxiety Raw,31,-0.38587359252397835,-0.6511778435092668,-0.03652795848622812,0.03203417805565399,-0.42199739008081916,0.018045563566140416,P16,-0.4721472776882716,-0.4721472776882716,-0.32351050539862763,0.9364803358989094,1.0,1.0,0.4640287774150393,1.0,1.0
Workbook QC flags honored; P27 omitted,Negative Valence,LOT,Obsessive Compulsive,Obsessive Compulsive Raw,31,-0.28311297653056516,-0.5793351837369298,0.07916926869668499,0.12275827694887861,-0.3646815722355803,0.043686274498631945,P30,-0.4034238262873676,-0.4034238262873676,-0.2084122705584813,0.9364803358989094,1.0,1.0,0.7863529409753751,1.0,1.0
Workbook QC flags honored; P27 omitted,Negative Valence,ROT,Social Phobia,Social Phobia Raw,31,-0.0641613545334522,-0.40919837311492985,0.296929438940157,0.7316672165790468,0.005056660784208505,0.9784617836843092,P26,0.06324136467200275,-0.14375344266187662,0.06324136467200275,0.9837682026832322,1.0,1.0,0.9892466137260353,1.0,1.0
Workbook QC flags honored; P27 omitted,Negative Valence,ROT,Panic Disorder,Panic Disorder Raw,31,-0.13597872393410007,-0.46777993541274004,0.22941524589673923,0.46576714995267465,0.0022386003232410627,0.9904640788394377,P8,-0.042315510224398944,-0.18042644562167273,-0.042315510224398944,0.9588482028318719,1.0,1.0,0.9904640788394377,1.0,1.0
Workbook QC flags honored; P27 omitted,Negative Valence,ROT,Major Depression,Major Depression Raw,31,-0.1287845320873465,-0.46204013137435734,0.23634064488758305,0.4899053355298093,-0.04417033451320693,0.813480259023286,P26,0.039710638981791994,-0.20968492367350483,0.039710638981791994,0.9588482028318719,1.0,1.0,0.9652321166861462,1.0,1.0
Workbook QC flags honored; P27 omitted,Negative Valence,ROT,Separation Anxiety,Separation Anxiety Raw,31,-0.296818510352972,-0.5891906740015779,0.06428250291065539,0.10491405917385856,-0.26470697318975683,0.1501288241704269,P26,-0.223118636862442,-0.3544148341581015,-0.223118636862442,0.9364803358989094,1.0,1.0,0.9473368008946114,1.0,1.0
Workbook QC flags honored; P27 omitted,Negative Valence,ROT,Generalized Anxiety,Generalized Anxiety Raw,31,-0.22134054763465252,-0.5338137430950799,0.14431844418534076,0.2314465737659582,-0.164007719289052,0.37798116282836614,P26,-0.11680761037313883,-0.271931280885232,-0.11680761037313883,0.9364803358989094,1.0,1.0,0.9473368008946114,1.0,1.0
Workbook QC flags honored; P27 omitted,Negative Valence,ROT,Obsessive Compulsive,Obsessive Compulsive Raw,31,-0.10230223803383587,-0.44066822837429487,0.2615178482207222,0.5839474117623871,-0.2443489322386548,0.18525235699445294,P11,-0.2823367145752781,-0.2823367145752781,0.0017828100696407577,0.9837682026832322,1.0,1.0,0.9473368008946114,1.0,1.0
Workbook QC flags honored; P27 omitted,Negative Valence,O,Social Phobia,Social Phobia Raw,31,-0.4158391285251453,-0.6712688057447229,-0.07212678061125538,0.019984565733939384,-0.42597310446172443,0.016878670573145634,P23,-0.5029017383882957,-0.5029017383882957,-0.3715679786517324,0.9364803358989094,1.0,1.0,0.4640287774150393,1.0,1.0
Workbook QC flags honored; P27 omitted,Negative Valence,O,Panic Disorder,Panic Disorder Raw,31,-0.20820210156830715,-0.5238923964381135,0.15777798803100462,0.26103232226542394,-0.0724492468248926,0.6985242160833542,P8,-0.06812874692677053,-0.2717150287805631,-0.06812874692677053,0.9364803358989094,1.0,1.0,0.9555655639349111,1.0,1.0
Workbook QC flags honored; P27 omitted,Negative Valence,O,Major Depression,Major Depression Raw,31,-0.23672858212465722,-0.5453254738475716,0.12838039804748094,0.1997718779913773,-0.23280602915447132,0.20754472225218581,P26,-0.15361429097854248,-0.3024380360874943,-0.15361429097854248,0.9364803358989094,1.0,1.0,0.9473368008946114,1.0,1.0
Workbook QC flags honored; P27 omitted,Negative Valence,O,Separation Anxiety,Separation Anxiety Raw,31,-0.42619318859805677,-0.678124714197887,-0.08463431889513283,0.016815951244404853,-0.42369506235016813,0.01753935943125151,P23,-0.5019159942773801,-0.5019159942773801,-0.36197312532895165,0.9364803358989094,1.0,1.0,0.4640287774150393,1.0,1.0
Workbook QC flags honored; P27 omitted,Negative Valence,O,Generalized Anxiety,Generalized Anxiety Raw,31,-0.463599491397968,-0.7025331554696435,-0.13073554835613513,0.008620565051601315,-0.3990649748993288,0.026154952203846546,P16,-0.39130744140842233,-0.5234191385444618,-0.39130744140842233,0.9364803358989094,1.0,1.0,0.5884864245865472,1.0,1.0
Workbook QC flags honored; P27 omitted,Negative Valence,O,Obsessive Compulsive,Obsessive Compulsive Raw,31,-0.28438970901310096,-0.5802569403617871,0.07778929088967938,0.12100701666518933,-0.4565682310087427,0.009828683623891644,P30,-0.5573367164328764,-0.5573367164328764,-0.23157389002302053,0.9364803358989094,1.0,1.0,0.442290763075124,1.0,1.0
Workbook QC flags honored; P27 omitted,Negative Valence,Frontal,Social Phobia,Social Phobia Raw,31,0.01951366181174349,-0.3371577261562997,0.37128653090406666,0.9170166604053678,-0.039037421254089655,0.8348397332155115,P23,-0.12798046361847848,-0.12798046361847848,0.10300719759459018,0.9837682026832322,1.0,1.0,0.9652321166861462,1.0,1.0
Workbook QC flags honored; P27 omitted,Negative Valence,Frontal,Panic Disorder,Panic Disorder Raw,31,0.16315407013800032,-0.20291709976804184,0.4892118580519027,0.3805026239957656,0.1357405832365263,0.46655601079150055,P16,0.09231524354146375,0.09231524354146375,0.2051130624910497,0.9364803358989094,1.0,1.0,0.9473368008946114,1.0,1.0
Workbook QC flags honored; P27 omitted,Negative Valence,Frontal,Major Depression,Major Depression Raw,31,0.019749904961357135,-0.33694824060518946,0.371490267712417,0.9160155199447286,-0.04295463723302692,0.8185278477072115,P25,0.09972620898583674,-0.055587761809438696,0.09972620898583674,0.9837682026832322,1.0,1.0,0.9652321166861462,1.0,1.0
Workbook QC flags honored; P27 omitted,Negative Valence,Frontal,Separation Anxiety,Separation Anxiety Raw,31,-0.004961171599689819,-0.3586707690248434,0.3499942178686413,0.9788684170058083,-0.09240158274657921,0.6210319028086897,P23,-0.1373171050235522,-0.1373171050235522,0.044657823658328204,0.9923283906306153,1.0,1.0,0.9473368008946114,1.0,1.0
Workbook QC flags honored; P27 omitted,Negative Valence,Frontal,Generalized Anxiety,Generalized Anxiety Raw,31,-0.3717999057811646,-0.6416117668242438,-0.020109021209918757,0.03944497734510917,-0.22666235362419543,0.22013200624026308,P16,-0.14803484653561724,-0.43668347757582926,-0.14803484653561724,0.9364803358989094,1.0,1.0,0.9473368008946114,1.0,1.0
Workbook QC flags honored; P27 omitted,Negative Valence,Frontal,Obsessive Compulsive,Obsessive Compulsive Raw,31,-0.03639023181554952,-0.3857562108691518,0.3221032546390919,0.8459017053546004,-0.11439786693585263,0.5400199099418477,P30,-0.16821864966619243,-0.16821864966619243,0.016689770035845507,0.9837682026832322,1.0,1.0,0.9473368008946114,1.0,1.0
Workbook QC flags honored; P27 omitted,Negative Valence,PO,Social Phobia,Social Phobia Raw,31,-0.038742486117246074,-0.3877594377796779,0.3199904684132882,0.836070705610322,-0.0645229916065005,0.73021059691587,P23,-0.159965483220306,-0.159965483220306,0.019745197733994573,0.9837682026832322,1.0,1.0,0.9555655639349111,1.0,1.0
Workbook QC flags honored; P27 omitted,Negative Valence,PO,Panic Disorder,Panic Disorder Raw,31,0.07250994680227466,-0.28926224084104596,0.4161576518788861,0.6982833901211958,0.10053350542555319,0.5905004170267156,P35,-0.03825540381414007,-0.03825540381414007,0.13058926763712914,0.9837682026832322,1.0,1.0,0.9473368008946114,1.0,1.0
Workbook QC flags honored; P27 omitted,Negative Valence,PO,Major Depression,Major Depression Raw,31,-0.128807041731803,-0.4620581340836278,0.23631903395735276,0.4898288301985416,-0.060379631582273684,0.746953457893236,P25,-0.03221842282965818,-0.18598767965593369,-0.03221842282965818,0.9588482028318719,1.0,1.0,0.9555655639349111,1.0,1.0
Workbook QC flags honored; P27 omitted,Negative Valence,PO,Separation Anxiety,Separation Anxiety Raw,31,-0.2523770964066089,-0.5569138934291911,0.11197681075186003,0.1707731192918543,-0.2837609581020226,0.12186712955774585,P23,-0.38211026040085794,-0.38211026040085794,-0.17243101421840568,0.9364803358989094,1.0,1.0,0.9473368008946114,1.0,1.0
Workbook QC flags honored; P27 omitted,Negative Valence,PO,Generalized Anxiety,Generalized Anxiety Raw,31,-0.2717192428317886,-0.5710756148370574,0.09142319649246991,0.13922531167036972,-0.1812070306751698,0.3292799331346824,P16,-0.17419137336366167,-0.3090636551745318,-0.17419137336366167,0.9364803358989094,1.0,1.0,0.9473368008946114,1.0,1.0
Workbook QC flags honored; P27 omitted,Negative Valence,PO,Obsessive Compulsive,Obsessive Compulsive Raw,31,-0.1802123274414897,-0.5024667035214674,0.18600544102114244,0.33198658330684877,-0.2590835412178702,0.1593083211476356,P30,-0.39057533799833016,-0.39057533799833016,-0.08783173132525927,0.9364803358989094,1.0,1.0,0.9473368008946114,1.0,1.0
Workbook QC flags honored; P27 omitted,Negative Valence,CP,Social Phobia,Social Phobia Raw,31,0.2777562656755039,-0.08494406510656932,0.5754595483496361,0.13031067475221222,0.24939450987716347,0.17605549050931874,P25,0.15275412346759393,0.15275412346759393,0.3213517273673225,0.9364803358989094,1.0,1.0,0.9473368008946114,1.0,1.0
Workbook QC flags honored; P27 omitted,Negative Valence,CP,Panic Disorder,Panic Disorder Raw,31,0.10237936370986606,-0.2614452353059454,0.44073103278812376,0.5836623989824944,0.25988114661625794,0.1579824372175343,P25,0.24214403536961768,0.0554526103967041,0.24214403536961768,0.9837682026832322,1.0,1.0,0.9473368008946114,1.0,1.0
Workbook QC flags honored; P27 omitted,Negative Valence,CP,Major Depression,Major Depression Raw,31,-0.08475794503520662,-0.4262950847841533,0.2779292634405303,0.6503063272361184,0.18478598658736106,0.31965382064168274,P25,0.29800021205870364,-0.1259879780223042,0.29800021205870364,0.9837682026832322,1.0,1.0,0.9473368008946114,1.0,1.0
Workbook QC flags honored; P27 omitted,Negative Valence,CP,Separation Anxiety,Separation Anxiety Raw,31,-0.14932987852629034,-0.4783583516899618,0.21646413065103945,0.42268194042947965,-0.07314271627611703,0.6957746067285129,P25,-0.024791543189211604,-0.1946029930005008,-0.024791543189211604,0.9588482028318719,1.0,1.0,0.9555655639349111,1.0,1.0
Workbook QC flags honored; P27 omitted,Negative Valence,CP,Generalized Anxiety,Generalized Anxiety Raw,31,-0.049833327952955794,-0.3971604102039766,0.3099804097011046,0.7900670761201722,0.12019042599584707,0.5195538998389606,P25,0.08509726100000103,-0.07265401613876377,0.08509726100000103,0.9837682026832322,1.0,1.0,0.9473368008946114,1.0,1.0
Workbook QC flags honored; P27 omitted,Negative Valence,CP,Obsessive Compulsive,Obsessive Compulsive Raw,31,-0.022487010863903558,-0.3738482888433161,0.33451856975193456,0.904425919704939,0.02680880244829462,0.8861664669524167,P25,0.1780799119814323,-0.11084286649304645,0.1780799119814323,0.9837682026832322,1.0,1.0,0.9726217320209453,1.0,1.0
