Variant,Condition,ROI,RCADS Scale,Score Column,N,Pearson r,Pearson CI 95% Low,Pearson CI 95% High,Pearson p,Spearman rho,Spearman p,Most Influential PID,Pearson r Without Most Influential PID,Leave-One-Out r Minimum,Leave-One-Out r Maximum,BCA MAD-Outlier Count,BCA MAD-Outlier PIDs,Descriptive Only (N < 20),Pearson_q_bh,Pearson_q_by,Pearson_p_holm,Spearman_q_bh,Spearman_q_by,Spearman_p_holm
All audit data; raw RCADS scores,Angry Neutral,LOT,Social Phobia,Social Phobia Raw,13,0.3139290373519378,-0.2866357284661049,0.7373710571449845,0.2962332372182952,0.23724341041601307,0.4351286333150973,P8,0.11954503421628751,0.11954503421628751,0.46937116433390735,3,P11; P4; P8,True,0.73266846457044,1.0,1.0,0.9817465616303366,1.0,1.0
All audit data; raw RCADS scores,Angry Neutral,LOT,Panic Disorder,Panic Disorder Raw,13,0.5399631037497622,-0.015690224052976418,0.8408004161833419,0.05680664003605641,0.3563200951417595,0.2320834262534437,P8,0.07427359381569361,0.07427359381569361,0.731322996022666,3,P11; P4; P8,True,0.460133784292057,1.0,1.0,0.939937876326447,1.0,1.0
All audit data; raw RCADS scores,Angry Neutral,LOT,Major Depression,Major Depression Raw,13,0.4303944630360253,-0.15807749882249558,0.7932642654823876,0.1420873993341566,0.26482985348764254,0.38189415941154337,P8,0.2473316439514092,0.2473316439514092,0.49421727675832283,3,P11; P4; P8,True,0.5807225464230688,1.0,1.0,0.9671159828181435,1.0,1.0
All audit data; raw RCADS scores,Angry Neutral,LOT,Separation Anxiety,Separation Anxiety Raw,13,0.44191538133013003,-0.14417490742285255,0.7984797447354978,0.13055529088756498,0.41946716470838535,0.15362505707958368,P8,0.12226727977944099,0.12226727977944099,0.6005280728799929,3,P11; P4; P8,True,0.5807225464230688,1.0,1.0,0.8159757130128706,1.0,1.0
All audit data; raw RCADS scores,Angry Neutral,LOT,Generalized Anxiety,Generalized Anxiety Raw,13,0.500859550566642,-0.06923123614897178,0.8243516252801009,0.08125650746586242,0.34691049217003916,0.24552459399983512,P8,0.21416188208928383,0.21416188208928383,0.5599512187359739,3,P11; P4; P8,True,0.4933800098718015,1.0,1.0,0.9584333548909225,1.0,1.0
All audit data; raw RCADS scores,Angry Neutral,LOT,Obsessive Compulsive,Obsessive Compulsive Raw,13,0.488246627160356,-0.08582778320215284,0.8189269035165915,0.09049241860814171,0.31757954963803287,0.2903465120960303,P11,0.1703759393960999,0.1703759393960999,0.618907942899402,3,P11; P4; P8,True,0.5053915151059031,1.0,1.0,0.9671159828181435,1.0,1.0
All audit data; raw RCADS scores,Angry Neutral,ROT,Social Phobia,Social Phobia Raw,13,0.5233933462723193,-0.038773551761706875,0.8338975662019226,0.06642074340167699,0.5903498817328697,0.03365994437462631,P4,0.6739342813582208,0.4566451592120465,0.6739342813582208,0,,True,0.4890982014123488,1.0,1.0,0.4949622315993461,1.0,1.0
All audit data; raw RCADS scores,Angry Neutral,ROT,Panic Disorder,Panic Disorder Raw,13,0.6091370749636781,0.08752861452067891,0.8685985043390826,0.027118795935481596,0.7631422510122723,0.002406671463852946,P4,0.6967710835333291,0.5565721342912447,0.6967710835333291,0,,True,0.3138032101105728,1.0,1.0,0.25579064812092595,1.0,0.7749482113606486
All audit data; raw RCADS scores,Angry Neutral,ROT,Major Depression,Major Depression Raw,13,0.32186205791404204,-0.2785155422000995,0.741371586336852,0.2835272291289106,0.3310373168595532,0.2692327266949956,P8,0.2124871326502363,0.2124871326502363,0.4294700374085645,0,,True,0.73266846457044,1.0,1.0,0.9671159828181435,1.0,1.0
All audit data; raw RCADS scores,Angry Neutral,ROT,Separation Anxiety,Separation Anxiety Raw,13,0.4201227640345738,-0.17027896213749366,0.7885689645206911,0.15291621393534677,0.3911247887145756,0.18632776032057086,P8,0.28796129818751276,0.28796129818751276,0.550624610398575,0,,True,0.5807225464230688,1.0,1.0,0.8269957158746317,1.0,1.0
All audit data; raw RCADS scores,Angry Neutral,ROT,Generalized Anxiety,Generalized Anxiety Raw,13,0.4032580434081155,-0.1899269964492552,0.7807656151975785,0.1718325431726225,0.5063774119578798,0.07742958953515268,P4,0.6101648671337767,0.2656494981235367,0.6101648671337767,0,,True,0.6117993844827438,1.0,1.0,0.6618690169220286,1.0,1.0
All audit data; raw RCADS scores,Angry Neutral,ROT,Obsessive Compulsive,Obsessive Compulsive Raw,13,0.15445420540075927,-0.43341563250331633,0.6501135463603593,0.6143872414327606,0.14764663272645387,0.6302602214328223,P1,0.2660790094223238,0.09503919188546946,0.2660790094223238,0,,True,0.8959811826921057,1.0,1.0,0.9829942383802484,1.0,1.0
All audit data; raw RCADS scores,Angry Neutral,O,Social Phobia,Social Phobia Raw,13,-0.12947969329353015,-0.6351523336124021,0.45388651151346276,0.6733254315827282,0.013793221535814715,0.9643285043715936,P4,-0.001470985701581504,-0.18124735141561796,-0.001470985701581504,1,P4,True,0.9313861943529572,1.0,1.0,0.9829942383802484,1.0,1.0
All audit data; raw RCADS scores,Angry Neutral,O,Panic Disorder,Panic Disorder Raw,13,-0.21768286242659385,-0.686347594391645,0.3787269748290354,0.47496635184428904,-0.03647371052632183,0.9058342003997277,P4,0.23275749045662195,-0.2755344229721205,0.23275749045662195,1,P4,True,0.8676222578540709,1.0,1.0,0.9829942383802484,1.0,1.0
All audit data; raw RCADS scores,Angry Neutral,O,Major Depression,Major Depression Raw,13,-0.08350411405710151,-0.6065809078547936,0.4900271096436299,0.7862261908806195,0.16827730273693953,0.5826334072609224,P4,0.1995542803414928,-0.149196294522322,0.1995542803414928,1,P4,True,0.9780801907553272,1.0,1.0,0.9829942383802484,1.0,1.0
All audit data; raw RCADS scores,Angry Neutral,O,Separation Anxiety,Separation Anxiety Raw,13,-0.22631403993164637,-0.6911196826881321,0.3709238783447371,0.4571806305357371,-0.11053526637585831,0.719230151517998,P4,0.045370453268829894,-0.2627518568601327,0.045370453268829894,1,P4,True,0.8612007226370861,1.0,1.0,0.9829942383802484,1.0,1.0
All audit data; raw RCADS scores,Angry Neutral,O,Generalized Anxiety,Generalized Anxiety Raw,13,-0.008171743648657063,-0.5566507198990435,0.5452686362298277,0.9788626386302958,0.15946691978784058,0.6027968512673798,P4,0.2154418724960429,-0.050995275175853574,0.2154418724960429,1,P4,True,0.9887494314917847,1.0,1.0,0.9829942383802484,1.0,1.0
All audit data; raw RCADS scores,Angry Neutral,O,Obsessive Compulsive,Obsessive Compulsive Raw,13,-0.08394609585518811,-0.6068621628441636,0.4896888147544532,0.7851184554669879,-0.041786782847109585,0.8921844093937465,P4,0.10632620005140561,-0.13245289888898332,0.10632620005140561,1,P4,True,0.9780801907553272,1.0,1.0,0.9829942383802484,1.0,1.0
All audit data; raw RCADS scores,Angry Neutral,Frontal,Social Phobia,Social Phobia Raw,13,0.14258725679254255,-0.443218862724936,0.6430521428969185,0.6421528361042388,0.15724272550828777,0.6079292395803791,P6,0.025067883633837783,0.025067883633837783,0.24981639662482344,2,P1; P4,True,0.9208634682894011,1.0,1.0,0.9829942383802484,1.0,1.0
All audit data; raw RCADS scores,Angry Neutral,Frontal,Panic Disorder,Panic Disorder Raw,13,0.05175347826693239,-0.5138854767049412,0.5860279553197285,0.866655333198382,0.2889840141700884,0.33826077542034527,P1,0.1881757856482697,-0.07926214288257592,0.1881757856482697,2,P1; P4,True,0.9887494314917847,1.0,1.0,0.9671159828181435,1.0,1.0
All audit data; raw RCADS scores,Angry Neutral,Frontal,Major Depression,Major Depression Raw,13,-0.07560030482768101,-0.6015291179127789,0.4960476936432952,0.8060962359278596,0.049655597528932977,0.8720198262373685,P6,-0.25086490858209515,-0.25086490858209515,0.0794998573514068,2,P1; P4,True,0.9780801907553272,1.0,1.0,0.9829942383802484,1.0,1.0
All audit data; raw RCADS scores,Angry Neutral,Frontal,Separation Anxiety,Separation Anxiety Raw,13,-0.07828726797131666,-0.6032512466584571,0.49400709636273343,0.7993286240005094,-0.04251356399071474,0.8903192846227672,P1,0.119059471406306,-0.23240929054174309,0.119059471406306,2,P1; P4,True,0.9780801907553272,1.0,1.0,0.9829942383802484,1.0,1.0
All audit data; raw RCADS scores,Angry Neutral,Frontal,Generalized Anxiety,Generalized Anxiety Raw,13,0.030119319523175366,-0.5296557803416909,0.5716184407033043,0.9221902741942628,0.06714396622645918,0.8274743740065711,P7,0.21916859869948468,-0.10978933365323795,0.21916859869948468,2,P1; P4,True,0.9887494314917847,1.0,1.0,0.9829942383802484,1.0,1.0
All audit data; raw RCADS scores,Angry Neutral,Frontal,Obsessive Compulsive,Obsessive Compulsive Raw,13,-0.20517077800061104,-0.6793573882804131,0.38989006919738983,0.5013125283974498,-0.1782902734810009,0.5600521999195633,P1,0.06403660521302704,-0.2957407643125286,0.06403660521302704,2,P1; P4,True,0.8676222578540709,1.0,1.0,0.9829942383802484,1.0,1.0
All audit data; raw RCADS scores,Angry Neutral,PO,Social Phobia,Social Phobia Raw,13,0.16166518792073906,-0.4273899332862102,0.6543630115308179,0.5977407786184263,0.22896747749452426,0.4517781206171493,P7,0.23769755548230903,0.09651829540194343,0.23769755548230903,1,P4,True,0.8959811826921057,1.0,1.0,0.9817465616303366,1.0,1.0
All audit data; raw RCADS scores,Angry Neutral,PO,Panic Disorder,Panic Disorder Raw,13,0.30903780982845525,-0.2915997192625508,0.7348895755472196,0.3042268620765279,0.43487885627537576,0.13752205348957283,P8,0.23307597119176593,0.23307597119176593,0.37930221580536166,1,P4,True,0.7353758145999656,1.0,1.0,0.8159757130128706,1.0,1.0
All audit data; raw RCADS scores,Angry Neutral,PO,Major Depression,Major Depression Raw,13,0.12855543024959978,-0.4546324681352528,0.6345912668597895,0.6755424557806943,0.2124156116515466,0.48597727479107067,P7,0.26365040485907487,0.05088108300743798,0.26365040485907487,1,P4,True,0.9313861943529572,1.0,1.0,0.9829942383802484,1.0,1.0
All audit data; raw RCADS scores,Angry Neutral,PO,Separation Anxiety,Separation Anxiety Raw,13,0.2601269932655145,-0.3395204706663102,0.7094321207815024,0.3907175168218579,0.1275406919721442,0.677979279488085,P7,0.4038680921847775,0.13438311184222185,0.4038680921847775,1,P4,True,0.8167256480663352,1.0,1.0,0.9829942383802484,1.0,1.0
All audit data; raw RCADS scores,Angry Neutral,PO,Generalized Anxiety,Generalized Anxiety Raw,13,0.07663070524349308,-0.49526590825577815,0.6021901006318437,0.8034994870581441,0.19024123764163436,0.5335882464483502,P7,0.21760084427877674,-0.04929337249194847,0.21760084427877674,1,P4,True,0.9780801907553272,1.0,1.0,0.9829942383802484,1.0,1.0
All audit data; raw RCADS scores,Angry Neutral,PO,Obsessive Compulsive,Obsessive Compulsive Raw,13,0.02667937314515909,-0.5321281825664398,0.5692960559153009,0.9310567789208964,-0.11700299197190685,0.7034517107925405,P4,-0.1775697482370158,-0.1775697482370158,0.09560270279353317,1,P4,True,0.9887494314917847,1.0,1.0,0.9829942383802484,1.0,1.0
All audit data; raw RCADS scores,Angry Neutral,CP,Social Phobia,Social Phobia Raw,13,0.22150850310386752,-0.3752787993820563,0.688467742637077,0.4670433084145473,0.06344881906474768,0.836851263546061,P8,0.09582311281911592,0.09582311281911592,0.3130367933120645,2,P11; P4,True,0.8676222578540709,1.0,1.0,0.9829942383802484,1.0,1.0
All audit data; raw RCADS scores,Angry Neutral,CP,Panic Disorder,Panic Disorder Raw,13,0.371916446718538,-0.2252213198308401,0.7659441033915612,0.21081019685473842,0.266538653846198,0.3787143022821444,P8,0.11252569589356978,0.11252569589356978,0.4833266139119258,2,P11; P4,True,0.6636613659601907,1.0,1.0,0.9671159828181435,1.0,1.0
All audit data; raw RCADS scores,Angry Neutral,CP,Major Depression,Major Depression Raw,13,0.2576044117377637,-0.3419103632564034,0.7080865657748868,0.3954935529837614,0.31724409532373843,0.29088462616813887,P8,0.1187722931869001,0.1187722931869001,0.39310497876304545,2,P11; P4,True,0.8179776124402891,1.0,1.0,0.9671159828181435,1.0,1.0
All audit data; raw RCADS scores,Angry Neutral,CP,Separation Anxiety,Separation Anxiety Raw,13,0.2857034025730333,-0.31484415488457335,0.7228921903097438,0.34401940999965136,0.2239047703510976,0.4621127433167901,P8,0.08446309913873444,0.08446309913873444,0.4171663238407375,2,P11; P4,True,0.7790432910259625,1.0,1.0,0.9817465616303366,1.0,1.0
All audit data; raw RCADS scores,Angry Neutral,CP,Generalized Anxiety,Generalized Anxiety Raw,13,0.2955257930416813,-0.30514665049736506,0.7279747056236829,0.32693714933351165,0.19583656816050599,0.521387571967767,P8,0.09597543445300404,0.09597543445300404,0.4498317278369745,2,P11; P4,True,0.7582666399105336,1.0,1.0,0.9829942383802484,1.0,1.0
All audit data; raw RCADS scores,Angry Neutral,CP,Obsessive Compulsive,Obsessive Compulsive Raw,13,0.40445294773648965,-0.1885503536755331,0.781322404094935,0.17044532249180358,0.3342942627768767,0.2642624483801814,P11,0.12929844914530864,0.12929844914530864,0.4884056407983684,2,P11; P4,True,0.6117993844827438,1.0,1.0,0.9671159828181435,1.0,1.0
All audit data; raw RCADS scores,Neutral Angry,LOT,Social Phobia,Social Phobia Raw,35,-0.046910583211778614,-0.3743056856822056,0.2908832784852369,0.7890110986275851,0.11908482214793834,0.49564373146755625,P25,0.25078359322403965,-0.10402142022463773,0.25078359322403965,1,P25,False,0.9780801907553272,1.0,1.0,0.9829942383802484,1.0,1.0
All audit data; raw RCADS scores,Neutral Angry,LOT,Panic Disorder,Panic Disorder Raw,35,0.0972325049309158,-0.24391755283767963,0.41696827810474835,0.5784407822555797,0.11926761418896255,0.4949775830163293,P8,0.006809435229506597,0.006809435229506597,0.17133118412133444,1,P25,False,0.8959811826921057,1.0,1.0,0.9829942383802484,1.0,1.0
All audit data; raw RCADS scores,Neutral Angry,LOT,Major Depression,Major Depression Raw,35,0.10934109867730751,-0.23237253000974206,0.4270277993046071,0.5318022619333566,0.007737291976233877,0.9648146322293657,P25,-0.12290330248971906,-0.12290330248971906,0.2004665093595793,1,P25,False,0.8791016982979976,1.0,1.0,0.9829942383802484,1.0,1.0
All audit data; raw RCADS scores,Neutral Angry,LOT,Separation Anxiety,Separation Anxiety Raw,35,0.09704105109671071,-0.24409932258619543,0.4168085914429836,0.579192671526045,0.19424595216277432,0.26351115802668595,P27,0.31313253389011664,0.017699646192611045,0.31313253389011664,1,P25,False,0.8959811826921057,1.0,1.0,0.9671159828181435,1.0,1.0
All audit data; raw RCADS scores,Neutral Angry,LOT,Generalized Anxiety,Generalized Anxiety Raw,35,0.09916608739347182,-0.24208043006197882,0.41857992337548583,0.5708717486530265,0.06007772999800814,0.7317290075329385,P27,0.2409215841308931,0.028590066393427618,0.2409215841308931,1,P25,False,0.8959811826921057,1.0,1.0,0.9829942383802484,1.0,1.0
All audit data; raw RCADS scores,Neutral Angry,LOT,Obsessive Compulsive,Obsessive Compulsive Raw,35,0.1905148602646562,-0.15240781552681237,0.49249375501526865,0.27297092209120327,0.17861993719448285,0.30459097155416703,P30,0.2626005231704102,0.15349573260225938,0.2626005231704102,1,P25,False,0.73266846457044,1.0,1.0,0.9671159828181435,1.0,1.0
All audit data; raw RCADS scores,Neutral Angry,ROT,Social Phobia,Social Phobia Raw,35,-0.22630932404305584,-0.5203153498055896,0.1156599217298706,0.19111869304007362,0.05027401689736075,0.7742618150205295,P27,0.1167309567985236,-0.2644162595103997,0.1167309567985236,1,P27,False,0.6518153320524616,1.0,1.0,0.9829942383802484,1.0,1.0
All audit data; raw RCADS scores,Neutral Angry,ROT,Panic Disorder,Panic Disorder Raw,35,-0.19126636147580817,-0.4930842791327831,0.1516459202636769,0.2710479925155753,0.13030305180075266,0.4556212150661364,P27,0.07008196548399856,-0.22943093271301976,0.07008196548399856,1,P27,False,0.73266846457044,1.0,1.0,0.9817465616303366,1.0,1.0
All audit data; raw RCADS scores,Neutral Angry,ROT,Major Depression,Major Depression Raw,35,-0.2933724594521643,-0.5708132427645136,0.044194806171999966,0.0871830308652857,-0.01617797413212538,0.9265072402794512,P27,0.08832990408699247,-0.3343750177491683,0.08832990408699247,1,P27,False,0.4955667017605713,1.0,1.0,0.9829942383802484,1.0,1.0
All audit data; raw RCADS scores,Neutral Angry,ROT,Separation Anxiety,Separation Anxiety Raw,35,-0.5723434882191435,-0.7605325302760111,-0.29544822346452604,0.0003274823790717373,-0.04101380808128959,0.8150415101034002,P27,0.09305077358047882,-0.6340349133543345,0.09305077358047882,1,P27,False,0.015157755831320414,0.09639577241226087,0.10413939654481247,0.9829942383802484,1.0,1.0
All audit data; raw RCADS scores,Neutral Angry,ROT,Generalized Anxiety,Generalized Anxiety Raw,35,-0.427176363762613,-0.6656624927823066,-0.10952063425478155,0.010485191357537602,0.01459435422121424,0.933684575019829,P27,0.10233725181392839,-0.530992998064283,0.10233725181392839,1,P27,False,0.18873344443567683,1.0,1.0,0.9829942383802484,1.0,1.0
All audit data; raw RCADS scores,Neutral Angry,ROT,Obsessive Compulsive,Obsessive Compulsive Raw,35,-0.04293855407764059,-0.3708781568156791,0.2945223475018815,0.8065221417285655,-0.04711011889352495,0.7881340272593126,P30,-0.08986817839077905,-0.08986817839077905,0.003324902249807086,1,P27,False,0.9780801907553272,1.0,1.0,0.9829942383802484,1.0,1.0
All audit data; raw RCADS scores,Neutral Angry,O,Social Phobia,Social Phobia Raw,35,-0.00682264428034276,-0.33929775378877325,0.32716775629471934,0.9689718620346186,-0.08467941952264954,0.6286367180060568,P4,-0.09516643125456091,-0.09516643125456091,0.03871894434170785,2,P29; P4,False,0.9887494314917847,1.0,1.0,0.9829942383802484,1.0,1.0
All audit data; raw RCADS scores,Neutral Angry,O,Panic Disorder,Panic Disorder Raw,35,0.0269806593426068,-0.30904457031086674,0.357017186867969,0.8777275382539979,-0.14897840775916674,0.3930271984820194,P4,-0.20813665629016637,-0.20813665629016637,0.07400998106200884,2,P29; P4,False,0.9887494314917847,1.0,1.0,0.9671159828181435,1.0,1.0
All audit data; raw RCADS scores,Neutral Angry,O,Major Depression,Major Depression Raw,35,-0.06808624528281981,-0.3924287748130446,0.27131633283157497,0.6975525113390711,-0.1931509433339839,0.26626477211038474,P4,-0.20569978742989584,-0.20569978742989584,-0.04142911398635499,2,P29; P4,False,0.9399207272384722,1.0,1.0,0.9671159828181435,1.0,1.0
All audit data; raw RCADS scores,Neutral Angry,O,Separation Anxiety,Separation Anxiety Raw,35,0.022658064197274258,-0.3129514899377579,0.3532374114051471,0.8972032688952347,-0.09669574891387372,0.5805498686440236,P4,-0.10678534796206868,-0.10678534796206868,0.09767047481780265,2,P29; P4,False,0.9887494314917847,1.0,1.0,0.9829942383802484,1.0,1.0
All audit data; raw RCADS scores,Neutral Angry,O,Generalized Anxiety,Generalized Anxiety Raw,35,-0.09048575519834523,-0.4113290565474231,0.25030861156811396,0.6051965974084774,-0.17244008822541487,0.3218977579822771,P16,-0.20020189922274775,-0.20020189922274775,-0.013753553335371146,2,P29; P4,False,0.8959811826921057,1.0,1.0,0.9671159828181435,1.0,1.0
All audit data; raw RCADS scores,Neutral Angry,O,Obsessive Compulsive,Obsessive Compulsive Raw,35,-0.1377121252845623,-0.45029374865235544,0.20493952225393286,0.430172120843103,-0.2590344905927959,0.132943701952812,P4,-0.2915066165906692,-0.2915066165906692,-0.046008545471388815,2,P29; P4,False,0.8447016191100931,1.0,1.0,0.8159757130128706,1.0,1.0
All audit data; raw RCADS scores,Neutral Angry,Frontal,Social Phobia,Social Phobia Raw,35,-0.06199313424528037,-0.38723969481242043,0.276975445425284,0.7235057868805558,-0.03187765875894104,0.8557493553576966,P27,-0.008817402589512423,-0.09686529134641321,-0.008817402589512423,3,P1; P16; P27,False,0.9518671104835016,1.0,1.0,0.9829942383802484,1.0,1.0
All audit data; raw RCADS scores,Neutral Angry,Frontal,Panic Disorder,Panic Disorder Raw,35,0.010961018545020967,-0.32346706112162227,0.34295484455209363,0.9501702384534324,0.08941534064937645,0.609489703540491,P1,-0.13922960429194264,-0.13922960429194264,0.05694785269838376,3,P1; P16; P27,False,0.9887494314917847,1.0,1.0,0.9829942383802484,1.0,1.0
All audit data; raw RCADS scores,Neutral Angry,Frontal,Major Depression,Major Depression Raw,35,0.04572254841003331,-0.2919727502790694,0.3732814478701432,0.7942384250017075,0.10691530730795902,0.5409981035368909,P1,-0.09872928572795979,-0.09872928572795979,0.12026551771940172,3,P1; P16; P27,False,0.9780801907553272,1.0,1.0,0.9829942383802484,1.0,1.0
All audit data; raw RCADS scores,Neutral Angry,Frontal,Separation Anxiety,Separation Anxiety Raw,35,-0.004432482519192749,-0.3371809738652488,0.3293004748953005,0.9798390787640544,0.006693225624377121,0.9695601593481159,P1,-0.21682676875549245,-0.21682676875549245,0.15392811491019595,3,P1; P16; P27,False,0.9887494314917847,1.0,1.0,0.9829942383802484,1.0,1.0
All audit data; raw RCADS scores,Neutral Angry,Frontal,Generalized Anxiety,Generalized Anxiety Raw,35,0.020595906822256493,-0.31481135009235867,0.35143040361286304,0.9065160116905203,0.10754480440681173,0.5386045059964233,P16,-0.1022463950279596,-0.1022463950279596,0.13227402850363326,3,P1; P16; P27,False,0.9887494314917847,1.0,1.0,0.9829942383802484,1.0,1.0
All audit data; raw RCADS scores,Neutral Angry,Frontal,Obsessive Compulsive,Obsessive Compulsive Raw,35,0.14248873753212762,-0.2002672741245969,0.45416954994582054,0.4141920031350279,0.03899750023210223,0.8239885610154447,P1,-0.02548450224734264,-0.02548450224734264,0.20192878315841484,3,P1; P16; P27,False,0.8339873802522361,1.0,1.0,0.9829942383802484,1.0,1.0
All audit data; raw RCADS scores,Neutral Angry,PO,Social Phobia,Social Phobia Raw,35,0.22207366727598293,-0.12005778775413098,0.5170553823244464,0.19978220961086776,0.11290589269686606,0.518427208935808,P13,0.15098527230640274,0.15098527230640274,0.2678611616105207,2,P16; P4,False,0.6522988409667192,1.0,1.0,0.9829942383802484,1.0,1.0
All audit data; raw RCADS scores,Neutral Angry,PO,Panic Disorder,Panic Disorder Raw,35,0.12308561263725612,-0.21914999464774532,0.43835190238417104,0.48116862802015276,0.08021914263955134,0.6468901107713951,P13,0.020919861160752444,0.020919861160752444,0.21120160723403486,2,P16; P4,False,0.8676222578540709,1.0,1.0,0.9829942383802484,1.0,1.0
All audit data; raw RCADS scores,Neutral Angry,PO,Major Depression,Major Depression Raw,35,0.1189084947347363,-0.2231818179478279,0.43492092994243414,0.49628675312806386,0.1484153279077589,0.3948384018026827,P13,0.053170206783887175,0.053170206783887175,0.17388618303475972,2,P16; P4,False,0.8676222578540709,1.0,1.0,0.9671159828181435,1.0,1.0
All audit data; raw RCADS scores,Neutral Angry,PO,Separation Anxiety,Separation Anxiety Raw,35,0.08203917844367095,-0.2582682317428652,0.4042342525252474,0.6394164628981956,0.04713739748231546,0.7880141424209496,P27,0.20444576711455367,0.027712591685288196,0.20444576711455367,2,P16; P4,False,0.9208634682894011,1.0,1.0,0.9829942383802484,1.0,1.0
All audit data; raw RCADS scores,Neutral Angry,PO,Generalized Anxiety,Generalized Anxiety Raw,35,0.22832757363652914,-0.11355965401638306,0.5218656844621853,0.18708475074413655,0.10315232886450454,0.5554112145343826,P16,0.0347185840914876,0.0347185840914876,0.32969156037955166,2,P16; P4,False,0.6448453110755344,1.0,1.0,0.9829942383802484,1.0,1.0
All audit data; raw RCADS scores,Neutral Angry,PO,Obsessive Compulsive,Obsessive Compulsive Raw,35,0.02191010746226933,-0.31362636987690845,0.35258228389923363,0.9005795608867059,0.003985146009119936,0.9818734134920108,P30,0.11562466102837246,-0.06238688472495137,0.11562466102837246,2,P16; P4,False,0.9887494314917847,1.0,1.0,0.987972006122396,1.0,1.0
All audit data; raw RCADS scores,Neutral Angry,CP,Social Phobia,Social Phobia Raw,35,-0.20402848376363095,-0.5030703744729406,0.13864476623994762,0.239743405021276,-0.18017196558467558,0.300338876162996,P25,-0.0352605663316508,-0.26923307313058015,-0.0352605663316508,1,P25,False,0.7083216881166654,1.0,1.0,0.9671159828181435,1.0,1.0
All audit data; raw RCADS scores,Neutral Angry,CP,Panic Disorder,Panic Disorder Raw,35,0.02377091124891382,-0.31194674252706805,0.35421154284843376,0.8921831556025924,-0.014289476907574402,0.935066957879652,P35,0.06909498547568836,-0.014782642214342228,0.06909498547568836,1,P25,False,0.9887494314917847,1.0,1.0,0.9829942383802484,1.0,1.0
All audit data; raw RCADS scores,Neutral Angry,CP,Major Depression,Major Depression Raw,35,0.19136159292181523,-0.15154934256779354,0.49315909145212605,0.270804949299851,0.06105426759428186,0.7275327946115779,P25,0.02608232052721905,0.02608232052721905,0.23566443446883317,1,P25,False,0.73266846457044,1.0,1.0,0.9829942383802484,1.0,1.0
All audit data; raw RCADS scores,Neutral Angry,CP,Separation Anxiety,Separation Anxiety Raw,35,0.08912330473707675,-0.2515956386809606,0.4101872735944342,0.6106632082688566,-0.013528860304592051,0.9385165715092536,P27,0.18658465232306795,0.0035451447015437277,0.18658465232306795,1,P25,False,0.8959811826921057,1.0,1.0,0.9829942383802484,1.0,1.0
All audit data; raw RCADS scores,Neutral Angry,CP,Generalized Anxiety,Generalized Anxiety Raw,35,0.15978849327778727,-0.1832140072187849,0.4681087331135758,0.3591948442146004,0.04279121334763787,0.8071735455299649,P27,0.2316521408582447,0.10909570006476779,0.2316521408582447,1,P25,False,0.7810679833928224,1.0,1.0,0.9829942383802484,1.0,1.0
All audit data; raw RCADS scores,Neutral Angry,CP,Obsessive Compulsive,Obsessive Compulsive Raw,35,0.16575288761123833,-0.17728634796788198,0.47287920360726904,0.34130048301778115,0.04967199847081633,0.7768962364364088,P30,0.24324290781242222,0.10894838549218888,0.24324290781242222,1,P25,False,0.7787419471673317,1.0,1.0,0.9829942383802484,1.0,1.0
All audit data; raw RCADS scores,Neutral Fear,LOT,Social Phobia,Social Phobia Raw,12,-0.13588560060925864,-0.6584388837148191,0.475063854938359,0.6736914374580669,-0.23198916471871645,0.46812290808050794,P4,-0.3879235414402624,-0.3879235414402624,0.02579081648059671,1,P4,True,0.9313861943529572,1.0,1.0,0.9829942383802484,1.0,1.0
All audit data; raw RCADS scores,Neutral Fear,LOT,Panic Disorder,Panic Disorder Raw,12,-0.06404794738644405,-0.6153316820365757,0.5293096200806697,0.8432409225888438,-0.07858947414494157,0.8081800831673069,P4,-0.4051172915995069,-0.4051172915995069,0.03570710458834639,1,P4,True,0.9827699961107387,1.0,1.0,0.9829942383802484,1.0,1.0
All audit data; raw RCADS scores,Neutral Fear,LOT,Major Depression,Major Depression Raw,12,0.07822713264177496,-0.5189736387277407,0.6241095523167045,0.8090500561238277,0.15789570881006337,0.624058791982212,P6,0.2938561377693162,-0.07363781798850502,0.2938561377693162,1,P4,True,0.9780801907553272,1.0,1.0,0.9829942383802484,1.0,1.0
All audit data; raw RCADS scores,Neutral Fear,LOT,Separation Anxiety,Separation Anxiety Raw,12,0.025107800810492825,-0.5568172224536421,0.5905006532885336,0.9382631776083619,0.05448604760692157,0.8664425825131126,P4,-0.24072110948622757,-0.24072110948622757,0.1260835719665442,1,P4,True,0.9887494314917847,1.0,1.0,0.9829942383802484,1.0,1.0
All audit data; raw RCADS scores,Neutral Fear,LOT,Generalized Anxiety,Generalized Anxiety Raw,12,-0.0627457787672874,-0.6145186386586727,0.5302500931383124,0.8463942676740661,-0.05715598119632114,0.8599535708470559,P6,0.12693067347515774,-0.1767973080850629,0.12693067347515774,1,P4,True,0.9829094721376251,1.0,1.0,0.9829942383802484,1.0,1.0
All audit data; raw RCADS scores,Neutral Fear,LOT,Obsessive Compulsive,Obsessive Compulsive Raw,12,0.34750702245300796,-0.28279346450020126,0.7682023292273966,0.2683803222574707,0.20961825945737042,0.5131944347221986,P11,-0.05742067379634501,-0.05742067379634501,0.4790562847012392,1,P4,True,0.73266846457044,1.0,1.0,0.9829942383802484,1.0,1.0
All audit data; raw RCADS scores,Neutral Fear,ROT,Social Phobia,Social Phobia Raw,12,0.19481461892547539,-0.4268057719252351,0.6914131827295636,0.5440203144978446,0.09490465829402037,0.7692277286152034,P12,-0.04778082576125485,-0.04778082576125485,0.2957752225235839,2,P10; P12,True,0.8858132667188328,1.0,1.0,0.9829942383802484,1.0,1.0
All audit data; raw RCADS scores,Neutral Fear,ROT,Panic Disorder,Panic Disorder Raw,12,0.020625830991068423,-0.5599034741693314,0.5875722392097262,0.9492699001464008,0.15717894828988313,0.6256539998524266,P12,-0.15917907112394514,-0.15917907112394514,0.1413696697605111,2,P10; P12,True,0.9887494314917847,1.0,1.0,0.9829942383802484,1.0,1.0
All audit data; raw RCADS scores,Neutral Fear,ROT,Major Depression,Major Depression Raw,12,0.6585153392159105,0.1360180888432289,0.8944018933753942,0.01988695282291561,0.547371790541553,0.06546973184199861,P12,0.5392133819087597,0.5392133819087597,0.7473685124623162,2,P10; P12,True,0.2905262981629584,1.0,1.0,0.6352160345421297,1.0,1.0
All audit data; raw RCADS scores,Neutral Fear,ROT,Separation Anxiety,Separation Anxiety Raw,12,0.39835146797819254,-0.2275777296549076,0.7913410139202933,0.19964349499912654,0.3450783015105033,0.2719659845131727,P10,0.19440578003810446,0.19440578003810446,0.471478528910516,2,P10; P12,True,0.6522988409667192,1.0,1.0,0.9671159828181435,1.0,1.0
All audit data; raw RCADS scores,Neutral Fear,ROT,Generalized Anxiety,Generalized Anxiety Raw,12,0.46072482186475733,-0.15385867938064496,0.8182676896782828,0.1317175912442586,0.39294737072470787,0.20637458567536884,P12,0.321699260626504,0.321699260626504,0.5120589321290974,2,P10; P12,True,0.5807225464230688,1.0,1.0,0.8915382101175934,1.0,1.0
All audit data; raw RCADS scores,Neutral Fear,ROT,Obsessive Compulsive,Obsessive Compulsive Raw,12,0.534239315507375,-0.057199809152693695,0.8481097872796218,0.07356958681829782,0.29133385212719276,0.3582299081315814,P12,0.4198231761530485,0.4198231761530485,0.6073061604347119,2,P10; P12,True,0.4933800098718015,1.0,1.0,0.9671159828181435,1.0,1.0
All audit data; raw RCADS scores,Neutral Fear,O,Social Phobia,Social Phobia Raw,12,0.19633395095172024,-0.4255129178503277,0.6922368330965485,0.5408213968878653,0.24604911409560837,0.4407782800181316,P3,0.3731636503436565,0.055866608466217604,0.3731636503436565,3,P12; P3; P4,True,0.8858132667188328,1.0,1.0,0.9817465616303366,1.0,1.0
All audit data; raw RCADS scores,Neutral Fear,O,Panic Disorder,Panic Disorder Raw,12,0.29404430783721114,-0.3366714611875145,0.7426259384005783,0.35356803808681,0.41438086367332827,0.1804791370028295,P4,0.1559241982395074,0.1559241982395074,0.37223787669615804,3,P12; P3; P4,True,0.7792928186403159,1.0,1.0,0.8269957158746317,1.0,1.0
All audit data; raw RCADS scores,Neutral Fear,O,Major Depression,Major Depression Raw,12,0.3098164969189166,-0.32119492269046296,0.750309875372188,0.32708774711064464,0.42105522349350233,0.17285123521648893,P12,0.13854314332287018,0.13854314332287018,0.4289284468562117,3,P12; P3; P4,True,0.7582666399105336,1.0,1.0,0.8269957158746317,1.0,1.0
All audit data; raw RCADS scores,Neutral Fear,O,Separation Anxiety,Separation Anxiety Raw,12,0.33293975442749285,-0.29787899042263655,0.7613640011658039,0.29029664440792924,0.3850347364222458,0.21647665848629,P4,0.23798969256062275,0.23798969256062275,0.418837406939527,3,P12; P3; P4,True,0.73266846457044,1.0,1.0,0.8992107352507431,1.0,1.0
All audit data; raw RCADS scores,Neutral Fear,O,Generalized Anxiety,Generalized Anxiety Raw,12,0.2196166474602788,-0.40537816411759153,0.7046991473298867,0.49281918934088903,0.2929244036311459,0.35549030294524187,P12,0.0752173017926227,0.0752173017926227,0.3287544077454001,3,P12; P3; P4,True,0.8676222578540709,1.0,1.0,0.9671159828181435,1.0,1.0
All audit data; raw RCADS scores,Neutral Fear,O,Obsessive Compulsive,Obsessive Compulsive Raw,12,0.19341374321191504,-0.42799558005559435,0.6906526035425372,0.5469768114987298,0.09947985194587068,0.758387979798574,P12,0.038522591379883925,0.038522591379883925,0.31119926989829905,3,P12; P3; P4,True,0.8861024346279424,1.0,1.0,0.9829942383802484,1.0,1.0
All audit data; raw RCADS scores,Neutral Fear,Frontal,Social Phobia,Social Phobia Raw,12,-0.017108426642852448,-0.5852636015450149,0.5623143035625862,0.9579136581904,-0.04569483547489869,0.8878603475218254,P3,-0.10339687327323054,-0.10339687327323054,0.04907753407414352,1,P1,True,0.9887494314917847,1.0,1.0,0.9829942383802484,1.0,1.0
All audit data; raw RCADS scores,Neutral Fear,Frontal,Panic Disorder,Panic Disorder Raw,12,0.03607596193017669,-0.5491962431444896,0.5976047388233564,0.9113731932238043,0.032150239422930646,0.9209892103161883,P1,-0.21655981655747267,-0.21655981655747267,0.08640842410008147,1,P1,True,0.9887494314917847,1.0,1.0,0.9829942383802484,1.0,1.0
All audit data; raw RCADS scores,Neutral Fear,Frontal,Major Depression,Major Depression Raw,12,0.22909839841311486,-0.39700086963546544,0.7096900140350455,0.4738408094052822,0.3087738305619017,0.328803940100449,P10,0.11900006948690248,0.11900006948690248,0.33166839639736406,1,P1,True,0.8676222578540709,1.0,1.0,0.9671159828181435,1.0,1.0
All audit data; raw RCADS scores,Neutral Fear,Frontal,Separation Anxiety,Separation Anxiety Raw,12,0.28072832962933836,-0.3494778123011045,0.7360453540806684,0.37678006020232946,0.25790062533942876,0.4183441807507613,P1,0.1540333299381214,0.1540333299381214,0.33894781575324423,1,P1,True,0.7978871863108153,1.0,1.0,0.9817465616303366,1.0,1.0
All audit data; raw RCADS scores,Neutral Fear,Frontal,Generalized Anxiety,Generalized Anxiety Raw,12,0.054190788109982145,-0.5363927401664924,0.6091477983824559,0.8671606537940044,0.08573397179448171,0.791068173425039,P6,0.135207233552165,0.005966133327231178,0.135207233552165,1,P1,True,0.9887494314917847,1.0,1.0,0.9829942383802484,1.0,1.0
All audit data; raw RCADS scores,Neutral Fear,Frontal,Obsessive Compulsive,Obsessive Compulsive Raw,12,0.4317850530070306,-0.18893508155860236,0.8059664570858593,0.16101903187631747,0.4263422226251601,0.16695490122882664,P1,0.25857476401697255,0.25857476401697255,0.5022938566489769,1,P1,True,0.5996570842290443,1.0,1.0,0.8269957158746317,1.0,1.0
All audit data; raw RCADS scores,Neutral Fear,PO,Social Phobia,Social Phobia Raw,12,0.08450632910802758,-0.514339908836732,0.6279532682472476,0.7940027126380966,-0.08084470891712846,0.8027698378138916,P4,-0.12765293613176948,-0.12765293613176948,0.2322477873222126,1,P4,True,0.9780801907553272,1.0,1.0,0.9829942383802484,1.0,1.0
All audit data; raw RCADS scores,Neutral Fear,PO,Panic Disorder,Panic Disorder Raw,12,0.11340335067460441,-0.49255490510682765,0.6453068696051373,0.7256517786710646,0.0250057417733905,0.9385137083556261,P4,-0.27764265843482117,-0.27764265843482117,0.2600823448254779,1,P4,True,0.9518671104835016,1.0,1.0,0.9829942383802484,1.0,1.0
All audit data; raw RCADS scores,Neutral Fear,PO,Major Depression,Major Depression Raw,12,0.035642565917133606,-0.5494992372465185,0.5973256910615821,0.912434278326639,-0.14386053469361332,0.6555573554233827,P4,-0.11966855214129785,-0.11966855214129785,0.18532835280574148,1,P4,True,0.9887494314917847,1.0,1.0,0.9829942383802484,1.0,1.0
All audit data; raw RCADS scores,Neutral Fear,PO,Separation Anxiety,Separation Anxiety Raw,12,0.0766699676093644,-0.5201173421367864,0.6231522509677757,0.8127910193033294,-0.10533969204004837,0.7445629420666982,P4,-0.3193126632880132,-0.3193126632880132,0.15293689861708137,1,P4,True,0.9780801907553272,1.0,1.0,0.9829942383802484,1.0,1.0
All audit data; raw RCADS scores,Neutral Fear,PO,Generalized Anxiety,Generalized Anxiety Raw,12,-0.005811975497100393,-0.577786384787875,0.5699908472024185,0.9856977357155755,-0.0893062206192518,0.7825433987511011,P6,0.13926663114381005,-0.1145874142125066,0.13926663114381005,1,P4,True,0.9887494314917847,1.0,1.0,0.9829942383802484,1.0,1.0
All audit data; raw RCADS scores,Neutral Fear,PO,Obsessive Compulsive,Obsessive Compulsive Raw,12,0.17251365941884217,-0.4454945302969561,0.6791731492049118,0.5918562964953115,0.09947985194587068,0.758387979798574,P11,-0.014443555687212915,-0.014443555687212915,0.26906163952995626,1,P4,True,0.8959811826921057,1.0,1.0,0.9829942383802484,1.0,1.0
All audit data; raw RCADS scores,Neutral Fear,CP,Social Phobia,Social Phobia Raw,12,-0.09648817584696003,-0.6352149431518027,0.5053998144487526,0.7654715944868963,0.04920982281912167,0.8792878666162606,P12,-0.3827926610988009,-0.3827926610988009,0.15459653647819424,2,P12; P13,True,0.9780801907553272,1.0,1.0,0.9829942383802484,1.0,1.0
All audit data; raw RCADS scores,Neutral Fear,CP,Panic Disorder,Panic Disorder Raw,12,-0.16152600876691126,-0.6730370645722155,0.45450856976006065,0.616002126271141,0.014288995299080285,0.9648452467916077,P13,0.08270619212952257,-0.35730745848916595,0.08270619212952257,2,P12; P13,True,0.8959811826921057,1.0,1.0,0.9829942383802484,1.0,1.0
All audit data; raw RCADS scores,Neutral Fear,CP,Major Depression,Major Depression Raw,12,0.0241748734785843,-0.5574609562716223,0.589892324974619,0.9405534816965675,0.18947485057207605,0.5553252966401302,P12,-0.3271650010658799,-0.3271650010658799,0.32800874585249085,2,P12; P13,True,0.9887494314917847,1.0,1.0,0.9829942383802484,1.0,1.0
All audit data; raw RCADS scores,Neutral Fear,CP,Separation Anxiety,Separation Anxiety Raw,12,-0.03856967308693512,-0.599207708965625,0.5474498547179331,0.9052704615487119,0.14529612695179087,0.6523107127393395,P13,0.15156190435853212,-0.2262904704038068,0.15156190435853212,2,P12; P13,True,0.9887494314917847,1.0,1.0,0.9829942383802484,1.0,1.0
All audit data; raw RCADS scores,Neutral Fear,CP,Generalized Anxiety,Generalized Anxiety Raw,12,-0.008663540419848162,-0.5796829622327258,0.5680624945939983,0.9786817020154913,0.07144497649540144,0.8253695092405586,P6,0.2898641034131747,-0.28248480276210336,0.2898641034131747,2,P12; P13,True,0.9887494314917847,1.0,1.0,0.9829942383802484,1.0,1.0
All audit data; raw RCADS scores,Neutral Fear,CP,Obsessive Compulsive,Obsessive Compulsive Raw,12,0.20772661784582894,-0.4157369281730649,0.6983720598450734,0.5170902530282616,0.34107377810012807,0.2779379007960623,P12,-0.005966507812910613,-0.005966507812910613,0.3885844326407022,2,P12; P13,True,0.8791016982979976,1.0,1.0,0.9671159828181435,1.0,1.0
All audit data; raw RCADS scores,Neutral Happy,LOT,Social Phobia,Social Phobia Raw,35,0.250605155808527,-0.09017194570527245,0.5388505144987841,0.1464895197884311,0.2498253521240357,0.1477917106934293,P20,0.1609973698257866,0.1609973698257866,0.2994660874870243,4,P27; P4; P7; P20,False,0.5807225464230688,1.0,1.0,0.8159757130128706,1.0,1.0
All audit data; raw RCADS scores,Neutral Happy,LOT,Panic Disorder,Panic Disorder Raw,35,0.30555249451359484,-0.030833667006057077,0.579764878619336,0.07426339100326322,0.4068963919424156,0.015274207671225434,P7,0.3613756941731144,0.25107399643627654,0.3613756941731144,4,P27; P4; P7; P20,False,0.4933800098718015,1.0,1.0,0.3299228856984694,1.0,1.0
All audit data; raw RCADS scores,Neutral Happy,LOT,Major Depression,Major Depression Raw,35,-0.014992158632205843,-0.3465075221379413,0.31985239570342666,0.9318811269922692,-0.027432217006647386,0.8756968837119573,P27,-0.141789363957753,-0.141789363957753,0.05836613353665931,4,P27; P4; P7; P20,False,0.9887494314917847,1.0,1.0,0.9829942383802484,1.0,1.0
All audit data; raw RCADS scores,Neutral Happy,LOT,Separation Anxiety,Separation Anxiety Raw,35,0.30003516282142356,-0.03690094818170072,0.5757181372197739,0.07991724948368055,0.04400439825388362,0.8018138062545277,P27,0.13048185861348435,0.13048185861348435,0.3711564168423478,4,P27; P4; P7; P20,False,0.4933800098718015,1.0,1.0,0.9829942383802484,1.0,1.0
All audit data; raw RCADS scores,Neutral Happy,LOT,Generalized Anxiety,Generalized Anxiety Raw,35,0.13532414686929073,-0.20726948548881005,0.4483516872882582,0.4382872421015309,0.09139182983187558,0.6015727453707312,P27,-0.02712146792906449,-0.02712146792906449,0.23954074793934305,4,P27; P4; P7; P20,False,0.8504601675029198,1.0,1.0,0.9829942383802484,1.0,1.0
All audit data; raw RCADS scores,Neutral Happy,LOT,Obsessive Compulsive,Obsessive Compulsive Raw,35,0.1797821883955702,-0.16324463495133915,0.48402964880350324,0.3014031835431444,0.1806125101990428,0.2991388253434057,P20,0.08264906698223556,0.08264906698223556,0.22020569511964908,4,P27; P4; P7; P20,False,0.7342453493832991,1.0,1.0,0.9671159828181435,1.0,1.0
All audit data; raw RCADS scores,Neutral Happy,ROT,Social Phobia,Social Phobia Raw,35,0.29646230030132753,-0.04081673512230319,0.5730903613148867,0.08375277945354655,0.12849364653934384,0.46195663153872113,P27,0.08014566458382,0.08014566458382,0.325198743850038,2,P27; P20,False,0.4933800098718015,1.0,1.0,0.9817465616303366,1.0,1.0
All audit data; raw RCADS scores,Neutral Happy,ROT,Panic Disorder,Panic Disorder Raw,35,0.21818349939828866,-0.12408513876731271,0.5140537618078561,0.20797672716512067,0.08375614187409944,0.6323979031815732,P27,-0.040002325363375724,-0.040002325363375724,0.31698250528367966,2,P27; P20,False,0.6636613659601907,1.0,1.0,0.9829942383802484,1.0,1.0
All audit data; raw RCADS scores,Neutral Happy,ROT,Major Depression,Major Depression Raw,35,0.3292497143458148,-0.004489414772297338,0.59699335430714,0.05343828426478058,0.013083057341631827,0.9405389309428918,P27,-0.04935327516057078,-0.04935327516057078,0.3591652513083738,2,P27; P20,False,0.44394882312279255,1.0,1.0,0.9829942383802484,1.0,1.0
All audit data; raw RCADS scores,Neutral Happy,ROT,Separation Anxiety,Separation Anxiety Raw,35,0.6088160961790916,0.3457090244705036,0.7831687708801206,0.00010410545561822416,-0.13244042192916428,0.44819795384349037,P27,-0.11219760912502866,-0.11219760912502866,0.6622170029522363,2,P27; P20,False,0.006746033524060926,0.04290141096791975,0.03331374579783173,0.9817465616303366,1.0,1.0
All audit data; raw RCADS scores,Neutral Happy,ROT,Generalized Anxiety,Generalized Anxiety Raw,35,0.4794142521072639,0.1739601236446595,0.7007127288214963,0.0035683687268506644,0.009351722122331454,0.9574790642843027,P27,-0.013037211842038418,-0.013037211842038418,0.5653745401441631,2,P27; P20,False,0.08258224767854395,0.5251819359739893,1.0,0.9829942383802484,1.0,1.0
All audit data; raw RCADS scores,Neutral Happy,ROT,Obsessive Compulsive,Obsessive Compulsive Raw,35,0.049873094866704104,-0.28816272470487586,0.37685627437978764,0.7760159685613118,-0.04639848567761068,0.7912632198942352,P30,0.10514813621747815,0.016691836965942133,0.10514813621747815,2,P27; P20,False,0.9780801907553272,1.0,1.0,0.9829942383802484,1.0,1.0
All audit data; raw RCADS scores,Neutral Happy,O,Social Phobia,Social Phobia Raw,35,0.16072794546347335,-0.18228199312570084,0.4688613245483307,0.3563396317943764,0.19955133522667495,0.2504357022013421,P4,0.21851142723328576,0.11762712522204438,0.21851142723328576,5,P24; P27; P29; P4; P20,False,0.7800948696039051,1.0,1.0,0.9659662799194624,1.0,1.0
All audit data; raw RCADS scores,Neutral Happy,O,Panic Disorder,Panic Disorder Raw,35,0.2611169422429309,-0.07900426239467548,0.5467843274867153,0.12974454140800587,0.3596420821688527,0.03383953706321863,P24,0.29884053019575196,0.23055108460882404,0.29884053019575196,5,P24; P27; P29; P4; P20,False,0.5807225464230688,1.0,1.0,0.4949622315993461,1.0,1.0
All audit data; raw RCADS scores,Neutral Happy,O,Major Depression,Major Depression Raw,35,0.05709192473785264,-0.2815105513586376,0.3830506673336247,0.7446061853464344,0.021101705389728758,0.9042306327852233,P27,-0.0034476182924680163,-0.0034476182924680163,0.08846640086831517,5,P24; P27; P29; P4; P20,False,0.9727919518235676,1.0,1.0,0.9829942383802484,1.0,1.0
All audit data; raw RCADS scores,Neutral Happy,O,Separation Anxiety,Separation Anxiety Raw,35,0.1632096208329198,-0.17981699801736065,0.4708472352537936,0.34886312374308864,0.0068356346802149305,0.9689128125656853,P27,0.0685452203623189,0.0685452203623189,0.19753307952548743,5,P24; P27; P29; P4; P20,False,0.7790432910259625,1.0,1.0,0.9829942383802484,1.0,1.0
All audit data; raw RCADS scores,Neutral Happy,O,Generalized Anxiety,Generalized Anxiety Raw,35,0.13976843602838554,-0.20293005226583224,0.45196370945398784,0.42325131246444014,0.12809025452405506,0.46337542487399264,P4,0.23229159132734936,0.06320700940995033,0.23229159132734936,5,P24; P27; P29; P4; P20,False,0.8413093572912798,1.0,1.0,0.9817465616303366,1.0,1.0
All audit data; raw RCADS scores,Neutral Happy,O,Obsessive Compulsive,Obsessive Compulsive Raw,35,0.10956581948755167,-0.23215735439723748,0.4272137515311331,0.5309542163481747,0.07301356795280455,0.676807287621443,P29,0.02731696888694335,0.02731696888694335,0.16758373589841358,5,P24; P27; P29; P4; P20,False,0.8791016982979976,1.0,1.0,0.9829942383802484,1.0,1.0
All audit data; raw RCADS scores,Neutral Happy,Frontal,Social Phobia,Social Phobia Raw,35,0.11118135782485519,-0.23060945219092305,0.42854978846216873,0.524876869819312,0.03805658821001331,0.8281712604645066,P20,-0.005953057051690967,-0.005953057051690967,0.17013148189578417,1,P20,False,0.8791016982979976,1.0,1.0,0.9829942383802484,1.0,1.0
All audit data; raw RCADS scores,Neutral Happy,Frontal,Panic Disorder,Panic Disorder Raw,35,0.04463225180807593,-0.2929718219460199,0.37234076966271995,0.7990434794000129,0.10950549630160976,0.5311817981599188,P8,0.1985745136803981,-0.06733560317909199,0.1985745136803981,1,P20,False,0.9780801907553272,1.0,1.0,0.9829942383802484,1.0,1.0
All audit data; raw RCADS scores,Neutral Happy,Frontal,Major Depression,Major Depression Raw,35,-0.007400935248198336,-0.33980939562948176,0.3266512410592302,0.9663433306192254,-0.02124238342566028,0.9035951327587423,P8,0.04507148090576381,-0.0588429436758084,0.04507148090576381,1,P20,False,0.9887494314917847,1.0,1.0,0.9829942383802484,1.0,1.0
All audit data; raw RCADS scores,Neutral Happy,Frontal,Separation Anxiety,Separation Anxiety Raw,35,-0.15797122033878458,-0.46665165241783274,0.1850151436477225,0.36475672981666296,-0.2170314010968241,0.2104475599398979,P20,-0.3208931948868723,-0.3208931948868723,-0.09238371440119206,1,P20,False,0.787874536403992,1.0,1.0,0.8971711765858805,1.0,1.0
All audit data; raw RCADS scores,Neutral Happy,Frontal,Generalized Anxiety,Generalized Anxiety Raw,35,0.01329398124447452,-0.32137631609472844,0.3450120625723011,0.9395820404750407,0.023095919786970107,0.8952275994421437,P20,-0.06755980509909867,-0.06755980509909867,0.09372817856984617,1,P20,False,0.9887494314917847,1.0,1.0,0.9829942383802484,1.0,1.0
All audit data; raw RCADS scores,Neutral Happy,Frontal,Obsessive Compulsive,Obsessive Compulsive Raw,35,0.18607591615797578,-0.15689985606682158,0.4889999843620149,0.28451038103473025,0.09037741842111283,0.6056305148726114,P11,0.10012743243386732,0.10012743243386732,0.24523359780542,1,P20,False,0.73266846457044,1.0,1.0,0.9829942383802484,1.0,1.0
All audit data; raw RCADS scores,Neutral Happy,PO,Social Phobia,Social Phobia Raw,35,0.12987378552817555,-0.21257291261885872,0.44390799633241024,0.457120005672107,0.05504864420046206,0.7534580902970247,P20,0.016117892140619924,0.016117892140619924,0.19246637096291966,2,P4; P20,False,0.8612007226370861,1.0,1.0,0.9829942383802484,1.0,1.0
All audit data; raw RCADS scores,Neutral Happy,PO,Panic Disorder,Panic Disorder Raw,35,0.2572860882675841,-0.08308405853615516,0.5438989040317715,0.13567434264702982,0.3682723603011501,0.029498965221898096,P8,0.3232988069683376,0.20047698672479733,0.3232988069683376,2,P4; P20,False,0.5807225464230688,1.0,1.0,0.4949622315993461,1.0,1.0
All audit data; raw RCADS scores,Neutral Happy,PO,Major Depression,Major Depression Raw,35,0.08850767297708273,-0.2521767949265846,0.40967102148137724,0.6131401618676734,0.10775937552354818,0.5377897807176127,P27,0.018569432871395473,0.018569432871395473,0.1384283678387643,2,P4; P20,False,0.8959811826921057,1.0,1.0,0.9829942383802484,1.0,1.0
All audit data; raw RCADS scores,Neutral Happy,PO,Separation Anxiety,Separation Anxiety Raw,35,0.19445940126327033,-0.14840416719488483,0.49559024882733577,0.2629765889024459,-0.01552258708632141,0.9294769475731803,P27,0.08305200376808075,0.08305200376808075,0.23774774297402493,2,P4; P20,False,0.73266846457044,1.0,1.0,0.9829942383802484,1.0,1.0
All audit data; raw RCADS scores,Neutral Happy,PO,Generalized Anxiety,Generalized Anxiety Raw,35,0.22133204014252086,-0.12082643741126801,0.5164837082898655,0.20132680276750592,0.25306326834066634,0.1424395207058863,P27,0.14075503978495385,0.14075503978495385,0.28771232724150114,2,P4; P20,False,0.6522988409667192,1.0,1.0,0.8159757130128706,1.0,1.0
All audit data; raw RCADS scores,Neutral Happy,PO,Obsessive Compulsive,Obsessive Compulsive Raw,35,0.2489469376121781,-0.09192583956585312,0.5375942807065617,0.14926865090319874,0.22928822216757916,0.18518588583296688,P20,0.18711190657756166,0.18711190657756166,0.2904395851405699,2,P4; P20,False,0.5807225464230688,1.0,1.0,0.8269957158746317,1.0,1.0
All audit data; raw RCADS scores,Neutral Happy,CP,Social Phobia,Social Phobia Raw,35,0.07139144884255244,-0.26823670267493205,0.395234976403018,0.6836119112317399,0.2266543666825147,0.19042475518746016,P25,0.31196909653541294,-0.07980128579970447,0.31196909653541294,2,P25; P20,False,0.9345580558611127,1.0,1.0,0.8337516308207715,1.0,1.0
All audit data; raw RCADS scores,Neutral Happy,CP,Panic Disorder,Panic Disorder Raw,35,0.2219618398947158,-0.1201737160363185,0.5169691984267035,0.20001458343912037,0.5033857310608882,0.0020526046535295044,P8,0.30477444700802875,0.1522208773520962,0.30477444700802875,2,P25; P20,False,0.6522988409667192,1.0,1.0,0.25579064812092595,1.0,0.66299130309003
All audit data; raw RCADS scores,Neutral Happy,CP,Major Depression,Major Depression Raw,35,0.25574206704025143,-0.08472519590913956,0.5427340180027835,0.1381199338529799,0.4708493862628143,0.004307430556926399,P20,0.37554312683667523,0.15377120240949355,0.37554312683667523,2,P25; P20,False,0.5807225464230688,1.0,1.0,0.25579064812092595,1.0,1.0
All audit data; raw RCADS scores,Neutral Happy,CP,Separation Anxiety,Separation Anxiety Raw,35,0.18805047445977088,-0.15490342979545638,0.49055530587185725,0.27933905156815364,0.15593791614240313,0.37104023615388004,P20,0.10809613770061918,0.10809613770061918,0.21531721367537537,2,P25; P20,False,0.73266846457044,1.0,1.0,0.9671159828181435,1.0,1.0
All audit data; raw RCADS scores,Neutral Happy,CP,Generalized Anxiety,Generalized Anxiety Raw,35,0.24690984417993755,-0.09407757774556766,0.536049262452733,0.15273504491395942,0.5215710474591225,0.0013129012339561361,P25,0.2692598545978937,0.23119944827250172,0.2692598545978937,2,P25; P20,False,0.5807225464230688,1.0,1.0,0.25579064812092595,1.0,0.4253799998017881
All audit data; raw RCADS scores,Neutral Happy,CP,Obsessive Compulsive,Obsessive Compulsive Raw,35,0.2891611363940362,-0.048786577925660136,0.5677027383376365,0.09203117096064285,0.42128686382125036,0.011722431190999078,P20,0.24018449048580648,0.24018449048580648,0.323887923041545,2,P25; P20,False,0.5053915151059031,1.0,1.0,0.2921590542987463,1.0,1.0
All audit data; raw RCADS scores,Neutral Sad,LOT,Social Phobia,Social Phobia Raw,35,-0.37479647804653504,-0.6294277311099533,-0.04748019195148503,0.026530052855460055,-0.24336556224336925,0.15890470758167588,P27,-0.30291245454838084,-0.42032858309273163,-0.30291245454838084,2,P6; P20,False,0.3138032101105728,1.0,1.0,0.8269957158746317,1.0,1.0
All audit data; raw RCADS scores,Neutral Sad,LOT,Panic Disorder,Panic Disorder Raw,35,-0.31151541659287185,-0.5841232841344123,0.02424838794426502,0.06850862696637985,-0.31139741260961634,0.06861901607708192,P35,-0.37469843161373295,-0.37469843161373295,-0.25049745184165817,2,P6; P20,False,0.4932621141579349,1.0,1.0,0.6352160345421297,1.0,1.0
All audit data; raw RCADS scores,Neutral Sad,LOT,Major Depression,Major Depression Raw,35,-0.29728213810687293,-0.5736938405534099,0.0399191240235534,0.08286035080817533,-0.2471713091316895,0.15228688873463353,P20,-0.4000257062460295,-0.4000257062460295,-0.19532407758522144,2,P6; P20,False,0.4933800098718015,1.0,1.0,0.8159757130128706,1.0,1.0
All audit data; raw RCADS scores,Neutral Sad,LOT,Separation Anxiety,Separation Anxiety Raw,35,-0.4798153896357712,-0.7009778109050113,-0.17446529030433017,0.0035366334498691905,-0.2983469719802142,0.08171222431136155,P27,-0.3439170247927417,-0.5121286245989383,-0.3439170247927417,2,P6; P20,False,0.08258224767854395,0.5251819359739893,1.0,0.6618690169220286,1.0,1.0
All audit data; raw RCADS scores,Neutral Sad,LOT,Generalized Anxiety,Generalized Anxiety Raw,35,-0.4152564214825975,-0.6575143153681758,-0.09518133323624704,0.013115006021717748,-0.36415039173320973,0.031511376550878246,P27,-0.290437261647074,-0.4508637445277462,-0.290437261647074,2,P6; P20,False,0.21805156099947295,1.0,1.0,0.4949622315993461,1.0,1.0
All audit data; raw RCADS scores,Neutral Sad,LOT,Obsessive Compulsive,Obsessive Compulsive Raw,35,-0.2705708792062046,-0.5538761755730516,0.06888698508802404,0.11593440862574873,-0.3841396099505252,0.022710640578907287,P11,-0.36256118435675166,-0.36256118435675166,-0.2145470631275123,2,P6; P20,False,0.5626027433391425,1.0,1.0,0.43283809103329185,1.0,1.0
All audit data; raw RCADS scores,Neutral Sad,ROT,Social Phobia,Social Phobia Raw,35,0.3334190914180991,0.00019411513853393142,0.5999992619232433,0.05031078730844411,0.2758049418614987,0.10877881563041972,P27,0.19458970306779033,0.19458970306779033,0.373673624736967,1,P27,False,0.42974026309589775,1.0,1.0,0.751836575120444,1.0,1.0
All audit data; raw RCADS scores,Neutral Sad,ROT,Panic Disorder,Panic Disorder Raw,35,0.1896379862286855,-0.15329630269180985,0.49180436217186196,0.27522587518908387,-0.04046327124323048,0.8174821992445542,P27,-0.08344381449080783,-0.08344381449080783,0.26914674248365356,1,P27,False,0.73266846457044,1.0,1.0,0.9829942383802484,1.0,1.0
All audit data; raw RCADS scores,Neutral Sad,ROT,Major Depression,Major Depression Raw,35,0.33329509923191547,5.462144508491466e-05,0.5999099783622538,0.05040163579519788,0.07441868100777675,0.6709332295725705,P27,0.02272899499596856,0.02272899499596856,0.37687033645587037,1,P27,False,0.42974026309589775,1.0,1.0,0.9829942383802484,1.0,1.0
All audit data; raw RCADS scores,Neutral Sad,ROT,Separation Anxiety,Separation Anxiety Raw,35,0.5926118751858659,0.32319097893948845,0.7731685616733636,0.00017618879840571014,0.1053827013199802,0.5468467833438515,P27,-0.038326520811588764,-0.038326520811588764,0.6461930042819182,1,P27,False,0.009514195113908348,0.06050553901858578,0.056204226691421534,0.9829942383802484,1.0,1.0
All audit data; raw RCADS scores,Neutral Sad,ROT,Generalized Anxiety,Generalized Anxiety Raw,35,0.4138464923639194,0.09349397418359787,0.6565467603207671,0.013459972901202034,-0.06617051865346651,0.7056777608165576,P27,-0.1635309543213693,-0.1635309543213693,0.4793573034303491,1,P27,False,0.21805156099947295,1.0,1.0,0.9829942383802484,1.0,1.0
All audit data; raw RCADS scores,Neutral Sad,ROT,Obsessive Compulsive,Obsessive Compulsive Raw,35,-0.005729030357727946,-0.33832964287564704,0.3281440000234195,0.9739435704460515,-0.040563093307113635,0.8170395331595169,P27,-0.1454503679697349,-0.1454503679697349,0.04990926802666726,1,P27,False,0.9887494314917847,1.0,1.0,0.9829942383802484,1.0,1.0
All audit data; raw RCADS scores,Neutral Sad,O,Social Phobia,Social Phobia Raw,35,-0.1218891057791531,-0.4373700618599551,0.220306078554029,0.48547451062863034,-0.057435957852012706,0.7431188891411139,P29,-0.06486317336465706,-0.16779188171362186,-0.06486317336465706,2,P29; P35,False,0.8676222578540709,1.0,1.0,0.9829942383802484,1.0,1.0
All audit data; raw RCADS scores,Neutral Sad,O,Panic Disorder,Panic Disorder Raw,35,0.10189481766261704,-0.23948365691701523,0.42085090841914,0.5602673203962719,-0.013016157183137077,0.9408424515190807,P35,-0.09724025834598554,-0.09724025834598554,0.15460831952094423,2,P29; P35,False,0.8959811826921057,1.0,1.0,0.9829942383802484,1.0,1.0
All audit data; raw RCADS scores,Neutral Sad,O,Major Depression,Major Depression Raw,35,0.008969188246100754,-0.3252495111626114,0.3411959149383392,0.9592169145243445,-0.01758475449144063,0.9201361467314447,P35,-0.07396862513953377,-0.07396862513953377,0.07854675196827851,2,P29; P35,False,0.9887494314917847,1.0,1.0,0.9829942383802484,1.0,1.0
All audit data; raw RCADS scores,Neutral Sad,O,Separation Anxiety,Separation Anxiety Raw,35,0.01758375845280713,-0.31752338638665095,0.3487865093757558,0.9201406559558178,0.08701193311690257,0.6191757108977032,P27,-0.07224259253662026,-0.07224259253662026,0.06492919542008645,2,P29; P35,False,0.9887494314917847,1.0,1.0,0.9829942383802484,1.0,1.0
All audit data; raw RCADS scores,Neutral Sad,O,Generalized Anxiety,Generalized Anxiety Raw,35,-0.037110741115943924,-0.36583301912800414,0.29984398183637423,0.8323805868875956,-0.008501565565755868,0.9613415732702579,P29,0.1185122898613884,-0.11567220358478372,0.1185122898613884,2,P29; P35,False,0.9780801907553272,1.0,1.0,0.9829942383802484,1.0,1.0
All audit data; raw RCADS scores,Neutral Sad,O,Obsessive Compulsive,Obsessive Compulsive Raw,35,-0.23930511212354244,-0.5302643467571011,0.10208224679582528,0.16619161921046183,-0.14873134212608333,0.39382131816016175,P29,-0.10362556366491243,-0.2941435830242906,-0.10362556366491243,2,P29; P35,False,0.6117993844827438,1.0,1.0,0.9671159828181435,1.0,1.0
All audit data; raw RCADS scores,Neutral Sad,Frontal,Social Phobia,Social Phobia Raw,35,-0.03764721310928071,-0.36629825171473435,0.29935498026419544,0.8299925419949017,0.0770961879236063,0.6597931152109423,P27,-0.15931786494576267,-0.15931786494576267,0.08021811420919239,4,P18; P27; P4; P6,False,0.9780801907553272,1.0,1.0,0.9829942383802484,1.0,1.0
All audit data; raw RCADS scores,Neutral Sad,Frontal,Panic Disorder,Panic Disorder Raw,35,0.028415772967060424,-0.30774494951409403,0.35826969761838917,0.8712765507180813,-0.0154213166626298,0.9299359113835276,P27,-0.06197611606486124,-0.06197611606486124,0.1055218535767973,4,P18; P27; P4; P6,False,0.9887494314917847,1.0,1.0,0.9829942383802484,1.0,1.0
All audit data; raw RCADS scores,Neutral Sad,Frontal,Major Depression,Major Depression Raw,35,0.11884969614141788,-0.22323848790562045,0.43487256878028957,0.4965012710907888,0.16656279454292564,0.33891332671393193,P27,-0.008873063773817035,-0.008873063773817035,0.22965784229838715,4,P18; P27; P4; P6,False,0.8676222578540709,1.0,1.0,0.9671159828181435,1.0,1.0
All audit data; raw RCADS scores,Neutral Sad,Frontal,Separation Anxiety,Separation Anxiety Raw,35,0.07908858411821704,-0.26103787396195516,0.4017466938706875,0.6515497662150064,-0.0733406637564727,0.6754381765011488,P27,-0.21722988036224783,-0.21722988036224783,0.12944456296271872,4,P18; P27; P4; P6,False,0.9238386729401358,1.0,1.0,0.9829942383802484,1.0,1.0
All audit data; raw RCADS scores,Neutral Sad,Frontal,Generalized Anxiety,Generalized Anxiety Raw,35,0.18541670054577092,-0.15756574887780878,0.48848030370884715,0.2862505180234083,0.16223820954650783,0.3517782842934667,P27,0.006886722153042153,0.006886722153042153,0.27396005455995565,4,P18; P27; P4; P6,False,0.73266846457044,1.0,1.0,0.9671159828181435,1.0,1.0
All audit data; raw RCADS scores,Neutral Sad,Frontal,Obsessive Compulsive,Obsessive Compulsive Raw,35,-0.07221828173572807,-0.39593603455419607,0.2674652124453625,0.6801403284533604,-0.016509890609211163,0.925003621392722,P18,-0.14411161110139453,-0.14411161110139453,-0.023706720462691164,4,P18; P27; P4; P6,False,0.9337519763512235,1.0,1.0,0.9829942383802484,1.0,1.0
All audit data; raw RCADS scores,Neutral Sad,PO,Social Phobia,Social Phobia Raw,35,-0.1328054954031339,-0.4463001466713324,0.2097227428057733,0.44693660980953637,-0.17539733828157425,0.3135410054120647,P4,-0.2115246038508951,-0.2115246038508951,-0.09537671323292994,1,P4,False,0.8568488850786378,1.0,1.0,0.9671159828181435,1.0,1.0
All audit data; raw RCADS scores,Neutral Sad,PO,Panic Disorder,Panic Disorder Raw,35,-0.21143911134895566,-0.5088326208690506,0.13104074116339562,0.2227285308722205,-0.25126842562229834,0.1453885324854009,P8,-0.29986605753615847,-0.29986605753615847,-0.15297591089897075,1,P4,False,0.6872766095485661,1.0,1.0,0.8159757130128706,1.0,1.0
All audit data; raw RCADS scores,Neutral Sad,PO,Major Depression,Major Depression Raw,35,-0.0691854069208751,-0.3933626614992229,0.2702929574094745,0.6929054126016404,0.029401709509688734,0.8668493640687649,P6,-0.019468311537429287,-0.10849983008415141,-0.019468311537429287,1,P4,False,0.9393362078783745,1.0,1.0,0.9829942383802484,1.0,1.0
All audit data; raw RCADS scores,Neutral Sad,PO,Separation Anxiety,Separation Anxiety Raw,35,-0.14241997146434437,-0.45411383589472143,0.20033464850984767,0.4144196550018827,-0.08416375200014635,0.6307362834623338,P27,-0.11374786577209746,-0.16718621902396794,-0.11374786577209746,1,P4,False,0.8339873802522361,1.0,1.0,0.9829942383802484,1.0,1.0
All audit data; raw RCADS scores,Neutral Sad,PO,Generalized Anxiety,Generalized Anxiety Raw,35,-0.03872117227021224,-0.36722910379667145,0.2983755195447027,0.8252164512612196,-0.05837741688485696,0.7390535358340957,P27,0.004572020363723631,-0.06659985236477156,0.004572020363723631,1,P4,False,0.9780801907553272,1.0,1.0,0.9829942383802484,1.0,1.0
All audit data; raw RCADS scores,Neutral Sad,PO,Obsessive Compulsive,Obsessive Compulsive Raw,35,-0.015626475586517762,-0.3470656863465379,0.319282723858085,0.9290061417255797,0.05693065727314193,0.7453036770027714,P30,0.028506449327640494,-0.03831023628393384,0.028506449327640494,1,P4,False,0.9887494314917847,1.0,1.0,0.9829942383802484,1.0,1.0
All audit data; raw RCADS scores,Neutral Sad,CP,Social Phobia,Social Phobia Raw,35,-0.2482152200970767,-0.5370395380116217,0.09269910365013406,0.15050711592113242,-0.16472464195699488,0.3443459279455363,P27,-0.1782711785557587,-0.288035408439903,-0.1782711785557587,1,P4,False,0.5807225464230688,1.0,1.0,0.9671159828181435,1.0,1.0
All audit data; raw RCADS scores,Neutral Sad,CP,Panic Disorder,Panic Disorder Raw,35,-0.08936211052766833,-0.4103874742882149,0.25137013990780555,0.609703529939954,-0.009903597856734732,0.9549722361328196,P4,0.02490043825161282,-0.18005292672297052,0.02490043825161282,1,P4,False,0.8959811826921057,1.0,1.0,0.9829942383802484,1.0,1.0
All audit data; raw RCADS scores,Neutral Sad,CP,Major Depression,Major Depression Raw,35,-0.023832860397246015,-0.3542657490161567,0.31189078891744554,0.8919038188690434,0.16121702917752767,0.3548586094512365,P27,0.08857716433544069,-0.06356118646974264,0.08857716433544069,1,P4,False,0.9887494314917847,1.0,1.0,0.9671159828181435,1.0,1.0
All audit data; raw RCADS scores,Neutral Sad,CP,Separation Anxiety,Separation Anxiety Raw,35,-0.2338325451576346,-0.5260845373216244,0.10781539405931918,0.176387579736796,-0.050982441989936365,0.7711649342663698,P27,-0.058856633569816755,-0.28464444894758584,-0.058856633569816755,1,P4,False,0.6145115681152893,1.0,1.0,0.9829942383802484,1.0,1.0
All audit data; raw RCADS scores,Neutral Sad,CP,Generalized Anxiety,Generalized Anxiety Raw,35,-0.12234240726678727,-0.43774212465245893,0.2198682045531495,0.48384087316304075,0.04378306266364272,0.8027909910675317,P27,0.029118393911950643,-0.16585985387492505,0.029118393911950643,1,P4,False,0.8676222578540709,1.0,1.0,0.9829942383802484,1.0,1.0
All audit data; raw RCADS scores,Neutral Sad,CP,Obsessive Compulsive,Obsessive Compulsive Raw,35,-0.013688058687915422,-0.3453592476410596,0.32102283095690487,0.9377944682110183,0.1746347911853629,0.3156827030424901,P30,0.07599412457480557,-0.047057430764413474,0.07599412457480557,1,P4,False,0.9887494314917847,1.0,1.0,0.9671159828181435,1.0,1.0
All audit data; raw RCADS scores,Positive Valence,LOT,Social Phobia,Social Phobia Raw,35,0.05050141961141554,-0.28758501498137734,0.37739659698295974,0.7732673479884243,-0.03243937961812943,0.8532347917977191,P27,-0.17123685706371872,-0.17123685706371872,0.18977552977264758,2,P25; P27,False,0.9780801907553272,1.0,1.0,0.9829942383802484,1.0,1.0
All audit data; raw RCADS scores,Positive Valence,LOT,Panic Disorder,Panic Disorder Raw,35,0.06430667211414634,-0.2748294612807066,0.38921240408904845,0.7136138160405125,-0.07286218423169125,0.6774412734005798,P27,-0.10565874498965022,-0.10565874498965022,0.11660045850029264,2,P25; P27,False,0.9499945256557817,1.0,1.0,0.9829942383802484,1.0,1.0
All audit data; raw RCADS scores,Positive Valence,LOT,Major Depression,Major Depression Raw,35,0.40071333848171153,0.07786453913602912,0.6474956824190051,0.017056605761242793,0.23099333499956415,0.18184903604195782,P27,0.2511682269495407,0.2511682269495407,0.4455262868759236,2,P25; P27,False,0.2631590603163174,1.0,1.0,0.8269957158746317,1.0,1.0
All audit data; raw RCADS scores,Positive Valence,LOT,Separation Anxiety,Separation Anxiety Raw,35,0.34501848350832165,0.013301268485797326,0.6083224175190703,0.04237350555890463,-0.05596675894425975,0.7494767318429776,P27,-0.09266368406568107,-0.09266368406568107,0.42705285427098627,2,P25; P27,False,0.4153437831132321,1.0,1.0,0.9829942383802484,1.0,1.0
All audit data; raw RCADS scores,Positive Valence,LOT,Generalized Anxiety,Generalized Anxiety Raw,35,0.3206023267269607,-0.014156715951337164,0.5907349727223205,0.06041775414055514,0.10938681027939218,0.5316297036538451,P27,0.019024415799255873,0.019024415799255873,0.46262462230153,2,P25; P27,False,0.4660798176557111,1.0,1.0,0.9829942383802484,1.0,1.0
All audit data; raw RCADS scores,Positive Valence,LOT,Obsessive Compulsive,Obsessive Compulsive Raw,35,0.1273880791578003,-0.2149849275496211,0.44187625332559066,0.46585059995414146,0.06205441642772472,0.723243186274142,P30,0.1905065541830313,0.07919377752852907,0.1905065541830313,2,P25; P27,False,0.8676222578540709,1.0,1.0,0.9829942383802484,1.0,1.0
All audit data; raw RCADS scores,Positive Valence,ROT,Social Phobia,Social Phobia Raw,35,0.29375550703516307,-0.04377644543334477,0.5710957690939631,0.08675200641906353,0.19070423169445783,0.2724855249901321,P27,0.06958853932754491,0.06958853932754491,0.33051482796821374,1,P27,False,0.4955667017605713,1.0,1.0,0.9671159828181435,1.0,1.0
All audit data; raw RCADS scores,Positive Valence,ROT,Panic Disorder,Panic Disorder Raw,35,0.246092358285598,-0.0949401757891714,0.5354287012955875,0.15414240429748122,0.15775016586084611,0.3654367637735564,P27,0.10716431597105712,0.10716431597105712,0.28966862368342666,1,P27,False,0.5807225464230688,1.0,1.0,0.9671159828181435,1.0,1.0
All audit data; raw RCADS scores,Positive Valence,ROT,Major Depression,Major Depression Raw,35,0.38670469380443834,0.061366302037899514,0.6377638806901369,0.021745720037017347,0.3124459178039172,0.0676430399985184,P27,0.28331926546461667,0.28331926546461667,0.40974143757611226,1,P27,False,0.2905262981629584,1.0,1.0,0.6352160345421297,1.0,1.0
All audit data; raw RCADS scores,Positive Valence,ROT,Separation Anxiety,Separation Anxiety Raw,35,0.6505847342785508,0.4051841957232706,0.8085364426892896,2.326332498915905e-05,0.1630583689342937,0.3493160591032062,P27,0.13492185593604156,0.13492185593604156,0.6789812569665666,1,P27,False,0.001884329324121883,0.011983395345535088,0.007467527321520054,0.9671159828181435,1.0,1.0
All audit data; raw RCADS scores,Positive Valence,ROT,Generalized Anxiety,Generalized Anxiety Raw,35,0.5120251149421723,0.2155596413888808,0.7220652350095306,0.0016650832761693868,0.23322628202056933,0.1775438684349922,P27,0.1762205141744657,0.1762205141744657,0.6149300097227544,1,P27,False,0.053948698147888136,0.34308683201348067,0.5245012319933569,0.8269957158746317,1.0,1.0
All audit data; raw RCADS scores,Positive Valence,ROT,Obsessive Compulsive,Obsessive Compulsive Raw,35,0.09259438015900483,-0.24831433969888017,0.41309417795534664,0.596777617096885,0.25077954528819024,0.1461994563764916,P27,0.2758166315900892,0.07411932904374396,0.2758166315900892,1,P27,False,0.8959811826921057,1.0,1.0,0.8159757130128706,1.0,1.0
All audit data; raw RCADS scores,Positive Valence,O,Social Phobia,Social Phobia Raw,35,-0.08950226444891121,-0.41050495666312303,0.2512377785812172,0.6091405973772677,0.03819701842481041,0.8275466985533675,P25,-0.014754062328844424,-0.12013827212425186,-0.014754062328844424,3,P25; P27; P4,False,0.8959811826921057,1.0,1.0,0.9829942383802484,1.0,1.0
All audit data; raw RCADS scores,Positive Valence,O,Panic Disorder,Panic Disorder Raw,35,-0.13346379884173568,-0.4468366789699683,0.20908194755207735,0.4446670194651404,-0.07753102322129476,0.6579906197547154,P4,0.03668558824420041,-0.16066323923671902,0.03668558824420041,3,P25; P27; P4,False,0.8568488850786378,1.0,1.0,0.9829942383802484,1.0,1.0
All audit data; raw RCADS scores,Positive Valence,O,Major Depression,Major Depression Raw,35,0.06771168926394341,-0.27166488832718444,0.39211038590317504,0.6991385656310858,0.10494581480491769,0.5485194653001609,P4,0.26643667184659914,-0.005568545102065172,0.26643667184659914,3,P25; P27; P4,False,0.9399207272384722,1.0,1.0,0.9829942383802484,1.0,1.0
All audit data; raw RCADS scores,Positive Valence,O,Separation Anxiety,Separation Anxiety Raw,35,0.03764807452126477,-0.2993541949329839,0.3662989986056408,0.8299887087142558,0.12802574119819216,0.46360254299210335,P4,0.28958815312688585,-0.024503949194403303,0.28958815312688585,3,P25; P27; P4,False,0.9780801907553272,1.0,1.0,0.9817465616303366,1.0,1.0
All audit data; raw RCADS scores,Positive Valence,O,Generalized Anxiety,Generalized Anxiety Raw,35,0.03971871970012361,-0.2974651105722569,0.3680931370833535,0.820785694057081,0.011193727994911895,0.9491136755820238,P4,0.13413962733429055,-0.004120298099433427,0.13413962733429055,3,P25; P27; P4,False,0.9780801907553272,1.0,1.0,0.9829942383802484,1.0,1.0
All audit data; raw RCADS scores,Positive Valence,O,Obsessive Compulsive,Obsessive Compulsive Raw,35,0.007094904505602779,-0.32692460503250553,0.33953866001649846,0.9677343039208599,-0.024622509270633888,0.8883443217798542,P4,0.06829965384099097,-0.035918178442640704,0.06829965384099097,3,P25; P27; P4,False,0.9887494314917847,1.0,1.0,0.9829942383802484,1.0,1.0
All audit data; raw RCADS scores,Positive Valence,Frontal,Social Phobia,Social Phobia Raw,35,-0.06631200932904342,-0.39091990880728394,0.272966619271789,0.7050765417080032,0.05336348162289689,0.7607819381982373,P25,0.13495195862049922,-0.13825062705076788,0.13495195862049922,1,P25,False,0.9439867748487315,1.0,1.0,0.9829942383802484,1.0,1.0
All audit data; raw RCADS scores,Positive Valence,Frontal,Panic Disorder,Panic Disorder Raw,35,-0.06973543231616663,-0.3938297315700145,0.2697805676353599,0.6905841017444035,-0.012167277366845529,0.944694447688643,P35,0.030872540737853792,-0.12712592333945097,0.030872540737853792,1,P25,False,0.9393362078783745,1.0,1.0,0.9829942383802484,1.0,1.0
All audit data; raw RCADS scores,Positive Valence,Frontal,Major Depression,Major Depression Raw,35,0.23656289216065932,-0.10495787716831173,0.528171674335745,0.17124648007723117,0.13237803181156504,0.4484137070452239,P25,0.1226915516623346,0.1226915516623346,0.2943773794585653,1,P25,False,0.6117993844827438,1.0,1.0,0.9817465616303366,1.0,1.0
All audit data; raw RCADS scores,Positive Valence,Frontal,Separation Anxiety,Separation Anxiety Raw,35,0.11779552753733129,-0.22425410111366176,0.4340052178777996,0.500355235239039,-0.035887082071128396,0.8378330592190215,P27,-0.030982216387348625,-0.030982216387348625,0.1850224649618524,1,P25,False,0.8676222578540709,1.0,1.0,0.9829942383802484,1.0,1.0
All audit data; raw RCADS scores,Positive Valence,Frontal,Generalized Anxiety,Generalized Anxiety Raw,35,0.11921637861259723,-0.222885042368226,0.43517413110547626,0.49516425463163116,0.07283007834664193,0.6775757589160918,P27,0.01289083688116818,0.01289083688116818,0.21605594469296394,1,P25,False,0.8676222578540709,1.0,1.0,0.9829942383802484,1.0,1.0
All audit data; raw RCADS scores,Positive Valence,Frontal,Obsessive Compulsive,Obsessive Compulsive Raw,35,0.15316707716704975,-0.1897655566934588,0.46279162676455676,0.3797053157791313,0.09663979072115844,0.5807699438840831,P30,0.2636043419655383,0.08501769060095002,0.2636043419655383,1,P25,False,0.7988605344963542,1.0,1.0,0.9829942383802484,1.0,1.0
All audit data; raw RCADS scores,Positive Valence,PO,Social Phobia,Social Phobia Raw,35,-0.1123983508975891,-0.4295553160200182,0.2294422662572737,0.5203213204319947,-0.04886971474938978,0.7804108172865819,P25,-0.04203550201645682,-0.17193364254319504,-0.04203550201645682,3,P24; P25; P4,False,0.8791016982979976,1.0,1.0,0.9829942383802484,1.0,1.0
All audit data; raw RCADS scores,Positive Valence,PO,Panic Disorder,Panic Disorder Raw,35,-0.16401950705471655,-0.47149465632905113,0.17901162192760622,0.3464439151516191,-0.16892708344201815,0.3320033553456284,P4,-0.07492381723755581,-0.24826318159001778,-0.07492381723755581,3,P24; P25; P4,False,0.7790432910259625,1.0,1.0,0.9671159828181435,1.0,1.0
All audit data; raw RCADS scores,Positive Valence,PO,Major Depression,Major Depression Raw,35,0.04729949559731935,-0.29052644103913344,0.37464080438979785,0.7873018471742372,0.07554410529522894,0.6662421796380618,P25,-0.02533564296197716,-0.02533564296197716,0.11120867521898631,3,P24; P25; P4,False,0.9780801907553272,1.0,1.0,0.9829942383802484,1.0,1.0
All audit data; raw RCADS scores,Positive Valence,PO,Separation Anxiety,Separation Anxiety Raw,35,0.018296779539842222,-0.3168819012552427,0.34941283574387577,0.9169133317792164,-0.01837076820307763,0.9165785131917422,P27,-0.1236467071201427,-0.1236467071201427,0.10782393857755566,3,P24; P25; P4,False,0.9887494314917847,1.0,1.0,0.9829942383802484,1.0,1.0
All audit data; raw RCADS scores,Positive Valence,PO,Generalized Anxiety,Generalized Anxiety Raw,35,0.12246790740382855,-0.21974695126103536,0.4378451141183778,0.4833890908582374,0.14863570464129844,0.3941289652012465,P24,0.20225994237700828,0.04287861357156299,0.20225994237700828,3,P24; P25; P4,False,0.8676222578540709,1.0,1.0,0.9671159828181435,1.0,1.0
All audit data; raw RCADS scores,Positive Valence,PO,Obsessive Compulsive,Obsessive Compulsive Raw,35,0.07524522148529117,-0.2646371553331036,0.3984993120882067,0.6674867974175519,0.13350239130551783,0.4445341615965148,P24,0.15443594401506966,0.035209685311164245,0.15443594401506966,3,P24; P25; P4,False,0.9313861943529572,1.0,1.0,0.9817465616303366,1.0,1.0
All audit data; raw RCADS scores,Positive Valence,CP,Social Phobia,Social Phobia Raw,35,-0.20659070882857022,-0.5050656832559858,0.13602023590579618,0.23376448424788962,-0.027664752315028126,0.8746514761212861,P25,-0.0008462112468549249,-0.24241252221354745,-0.0008462112468549249,1,P25,False,0.7012934527436689,1.0,1.0,0.9829942383802484,1.0,1.0
All audit data; raw RCADS scores,Positive Valence,CP,Panic Disorder,Panic Disorder Raw,35,-0.019463663466848996,-0.3504372027350557,0.3158314264477285,0.9116345422516661,-0.07399402398674663,0.6727065013266345,P25,-0.07777254824993671,-0.07777254824993671,0.01122686024686747,1,P25,False,0.9887494314917847,1.0,1.0,0.9829942383802484,1.0,1.0
All audit data; raw RCADS scores,Positive Valence,CP,Major Depression,Major Depression Raw,35,0.2731274836079181,-0.06613894797812375,0.555786970536108,0.11239639915029771,0.3090696449415605,0.07082519791998097,P25,0.20055207252470317,0.20055207252470317,0.2958553277325482,1,P25,False,0.5626027433391425,1.0,1.0,0.6374267812798288,1.0,1.0
All audit data; raw RCADS scores,Positive Valence,CP,Separation Anxiety,Separation Anxiety Raw,35,0.09393726295448539,-0.24704277490930726,0.41421704597908293,0.5914426221306834,0.028196993055886594,0.872259472599368,P25,-0.008866151022991396,-0.008866151022991396,0.11739374950759665,1,P25,False,0.8959811826921057,1.0,1.0,0.9829942383802484,1.0,1.0
All audit data; raw RCADS scores,Positive Valence,CP,Generalized Anxiety,Generalized Anxiety Raw,35,0.14794166880289714,-0.19491435826519576,0.4585797502036553,0.39636569491705365,0.2755924170899194,0.10906271305759527,P25,0.20903823374096167,0.1237185163091995,0.20903823374096167,1,P25,False,0.8179776124402891,1.0,1.0,0.751836575120444,1.0,1.0
All audit data; raw RCADS scores,Positive Valence,CP,Obsessive Compulsive,Obsessive Compulsive Raw,35,0.1840565844343061,-0.15893865665898027,0.4874074010410882,0.28986244921767634,0.25177583179047025,0.14455035781400713,P30,0.27606068196180894,0.15951273215455955,0.27606068196180894,1,P25,False,0.73266846457044,1.0,1.0,0.8159757130128706,1.0,1.0
All audit data; raw RCADS scores,Negative Valence,LOT,Social Phobia,Social Phobia Raw,35,-0.17680581695546133,-0.481672266468343,0.16623529940320375,0.30960917817720757,-0.23999523708823894,0.1649365125763276,P23,-0.3095124649547804,-0.3095124649547804,-0.0822396823750699,0,,False,0.7353758145999656,1.0,1.0,0.8269957158746317,1.0,1.0
All audit data; raw RCADS scores,Negative Valence,LOT,Panic Disorder,Panic Disorder Raw,35,-0.17016987159984345,-0.47640045085530824,0.1728804687751634,0.3284062068640468,-0.16284344475859538,0.34996027809446506,P27,-0.0954034854380551,-0.23912234529730245,-0.0954034854380551,0,,False,0.7582666399105336,1.0,1.0,0.9671159828181435,1.0,1.0
All audit data; raw RCADS scores,Negative Valence,LOT,Major Depression,Major Depression Raw,35,-0.2841406186327666,-0.5639841372752473,0.054242044316177705,0.09807768025995034,-0.18639839760927068,0.2836616158719475,P27,-0.1817290986167401,-0.3426562717105251,-0.1817290986167401,0,,False,0.5209371869544903,1.0,1.0,0.9671159828181435,1.0,1.0
All audit data; raw RCADS scores,Negative Valence,LOT,Separation Anxiety,Separation Anxiety Raw,35,-0.3431400741431397,-0.6069784812630661,-0.011170927915975102,0.043585458721758924,-0.2996286534827545,0.08034665293442039,P27,-0.15615892017728952,-0.4502402337852444,-0.15615892017728952,0,,False,0.4153437831132321,1.0,1.0,0.6618690169220286,1.0,1.0
All audit data; raw RCADS scores,Negative Valence,LOT,Generalized Anxiety,Generalized Anxiety Raw,35,-0.46929266621907867,-0.694003839666203,-0.16126663667526467,0.004455085602159403,-0.4497328184284854,0.006717156194436197,P27,-0.35924193733514354,-0.5498199184857401,-0.35924193733514354,0,,False,0.09622984900664311,0.6119738784116922,1.0,0.25579064812092595,1.0,1.0
All audit data; raw RCADS scores,Negative Valence,LOT,Obsessive Compulsive,Obsessive Compulsive Raw,35,-0.23481609203667478,-0.5268367879829844,0.1067866871256029,0.17452312415824536,-0.343149536713863,0.0435792842482081,P30,-0.3490900438435071,-0.3490900438435071,-0.17179859502332037,0,,False,0.6145115681152893,1.0,1.0,0.5229514109784973,1.0,1.0
All audit data; raw RCADS scores,Negative Valence,ROT,Social Phobia,Social Phobia Raw,35,-0.29982448625958563,-0.5755633462502996,0.03713213296740133,0.08013956854581708,-0.09394781369925795,0.5914007890891136,P27,-0.09366558096612569,-0.3362576485915036,-0.09366558096612569,2,P26; P27,False,0.4933800098718015,1.0,1.0,0.9829942383802484,1.0,1.0
All audit data; raw RCADS scores,Negative Valence,ROT,Panic Disorder,Panic Disorder Raw,35,-0.2702810581627277,-0.5536593760996772,0.06919818252234071,0.1163406907522301,-0.08884942077184874,0.611764639654879,P27,-0.15451412899344358,-0.310283067670412,-0.15451412899344358,2,P26; P27,False,0.5626027433391425,1.0,1.0,0.9829942383802484,1.0,1.0
All audit data; raw RCADS scores,Negative Valence,ROT,Major Depression,Major Depression Raw,35,-0.36408014478891587,-0.6218754988589741,-0.03509115577437702,0.03154662107200108,-0.12379667161974203,0.478619159208856,P27,-0.11834085792938684,-0.3974930143077681,-0.11834085792938684,2,P26; P27,False,0.35005624324226575,1.0,1.0,0.9829942383802484,1.0,1.0
All audit data; raw RCADS scores,Negative Valence,ROT,Separation Anxiety,Separation Anxiety Raw,35,-0.6878063667588605,-0.8306584416204842,-0.459994818207128,4.986938117269593e-06,-0.35260482225442025,0.037752372764334706,P27,-0.3208940529720892,-0.7174141775464656,-0.3208940529720892,2,P26; P27,False,0.0009049255524949474,0.005754875496021468,0.0016157679499953482,0.5096570323185186,1.0,1.0
All audit data; raw RCADS scores,Negative Valence,ROT,Generalized Anxiety,Generalized Anxiety Raw,35,-0.5342875337731067,-0.7364156575443893,-0.24459013402770272,0.0009462387994122539,-0.23620182996858388,0.17192013138023732,P27,-0.23645514083631125,-0.6003623920421916,-0.23645514083631125,2,P26; P27,False,0.03406459677884114,0.21663385760730777,0.29901146061427225,0.8269957158746317,1.0,1.0
All audit data; raw RCADS scores,Negative Valence,ROT,Obsessive Compulsive,Obsessive Compulsive Raw,35,-0.09918999998390052,-0.4185998419869689,0.24205769505997474,0.5707784247984037,-0.3337559782637946,0.050064612518147394,P11,-0.17291292374653464,-0.17291292374653464,-0.0653388352727706,2,P26; P27,False,0.8959811826921057,1.0,1.0,0.5593425674441296,1.0,1.0
All audit data; raw RCADS scores,Negative Valence,O,Social Phobia,Social Phobia Raw,35,-0.2033780437224995,-0.5025633425112939,0.13931025778126516,0.24127741275919504,-0.4415125953220732,0.007927530316301123,P4,-0.46629862326368415,-0.46629862326368415,-0.1677951079351977,1,P4,False,0.7083216881166654,1.0,1.0,0.25579064812092595,1.0,1.0
All audit data; raw RCADS scores,Negative Valence,O,Panic Disorder,Panic Disorder Raw,35,-0.24720616193060693,-0.5362741228815676,0.09376478152043706,0.15222722250992848,-0.189866118910543,0.2746380500328737,P4,-0.2816268682999227,-0.2816268682999227,-0.21972355334271562,1,P4,False,0.5807225464230688,1.0,1.0,0.9671159828181435,1.0,1.0
All audit data; raw RCADS scores,Negative Valence,O,Major Depression,Major Depression Raw,35,-0.16248031247888745,-0.4702639442475614,0.18054185166780823,0.3510503718820695,-0.31891710745676727,0.06185822593887427,P4,-0.34578488004235786,-0.34578488004235786,-0.11708990815419834,1,P4,False,0.7790432910259625,1.0,1.0,0.6352160345421297,1.0,1.0
All audit data; raw RCADS scores,Negative Valence,O,Separation Anxiety,Separation Anxiety Raw,35,-0.27084568361266564,-0.554081706433971,0.06859185084671414,0.11555016039038718,-0.4675289303155338,0.004627639441458205,P4,-0.5515989514023129,-0.5515989514023129,-0.22579660742734584,1,P4,False,0.5626027433391425,1.0,1.0,0.25579064812092595,1.0,1.0
All audit data; raw RCADS scores,Negative Valence,O,Generalized Anxiety,Generalized Anxiety Raw,35,-0.2027917535964536,-0.502106140350772,0.1399098498062403,0.2426657635214502,-0.41445132133059864,0.013311064828943864,P4,-0.5601562577487673,-0.5601562577487673,-0.146713467980856,1,P4,False,0.7083216881166654,1.0,1.0,0.308056071755558,1.0,1.0
All audit data; raw RCADS scores,Negative Valence,O,Obsessive Compulsive,Obsessive Compulsive Raw,35,-0.11863984773813993,-0.43469995603427336,0.22344072049337735,0.49726725618903417,-0.4463363530214328,0.007196550538210177,P4,-0.2902617069417277,-0.2902617069417277,-0.09515032925970317,1,P4,False,0.8676222578540709,1.0,1.0,0.25579064812092595,1.0,1.0
All audit data; raw RCADS scores,Negative Valence,Frontal,Social Phobia,Social Phobia Raw,35,0.0062514748218269215,-0.32767771494911135,0.33879221951963484,0.9715683394638084,-0.1386046220047348,0.4271606310067665,P1,-0.16384531649225426,-0.16384531649225426,0.03376275754236597,1,P1,False,0.9887494314917847,1.0,1.0,0.9817465616303366,1.0,1.0
All audit data; raw RCADS scores,Negative Valence,Frontal,Panic Disorder,Panic Disorder Raw,35,-0.07602841619206147,-0.399161716873273,0.2639044665568833,0.6642272635250667,0.026032314366274154,0.8819947290347903,P1,-0.00014105936598819702,-0.09147271750753729,-0.00014105936598819702,1,P1,False,0.9313861943529572,1.0,1.0,0.9829942383802484,1.0,1.0
All audit data; raw RCADS scores,Negative Valence,Frontal,Major Depression,Major Depression Raw,35,-0.11036530094676958,-0.4278750895531822,0.23139156029948083,0.5279424693852557,-0.12098311090111154,0.4887481069957206,P27,-0.08449522681939263,-0.1317423951053551,-0.08449522681939263,1,P1,False,0.8791016982979976,1.0,1.0,0.9829942383802484,1.0,1.0
All audit data; raw RCADS scores,Negative Valence,Frontal,Separation Anxiety,Separation Anxiety Raw,35,-0.14085828079145193,-0.4528479023832284,0.20186386149434704,0.4196086424255934,-0.2287089436755246,0.18632928166311147,P1,-0.30390960757515767,-0.30390960757515767,-0.10832870477811354,1,P1,False,0.8392172848511869,1.0,1.0,0.8269957158746317,1.0,1.0
All audit data; raw RCADS scores,Negative Valence,Frontal,Generalized Anxiety,Generalized Anxiety Raw,35,-0.09536162266461334,-0.41540697745307076,0.24569277572050133,0.5858068986262114,-0.2804099709105144,0.10276324156904797,P1,-0.4960581573632304,-0.4960581573632304,-0.05850263641764759,1,P1,False,0.8959811826921057,1.0,1.0,0.7398953392971453,1.0,1.0
All audit data; raw RCADS scores,Negative Valence,Frontal,Obsessive Compulsive,Obsessive Compulsive Raw,35,-0.18317131444615886,-0.48670857955986074,0.15983154034979177,0.29222902682384827,-0.258892163949613,0.13316445756052928,P1,-0.10761455037300208,-0.22631238209812346,-0.10761455037300208,1,P1,False,0.73266846457044,1.0,1.0,0.8159757130128706,1.0,1.0
All audit data; raw RCADS scores,Negative Valence,PO,Social Phobia,Social Phobia Raw,35,-0.10146107360804743,-0.4204901920939922,0.23989675251947098,0.5619468397221089,-0.14590699317418387,0.40296499284089315,P23,-0.1834636833188626,-0.1834636833188626,-0.030904235205284205,1,P4,False,0.8959811826921057,1.0,1.0,0.9671159828181435,1.0,1.0
All audit data; raw RCADS scores,Negative Valence,PO,Panic Disorder,Panic Disorder Raw,35,0.048053640842381465,-0.28983422487466587,0.37529039395640507,0.783990204356069,0.024758994641836833,0.8877293028505716,P4,-0.07736052846739863,-0.07736052846739863,0.1137186634478777,1,P4,False,0.9780801907553272,1.0,1.0,0.9829942383802484,1.0,1.0
All audit data; raw RCADS scores,Negative Valence,PO,Major Depression,Major Depression Raw,35,-0.14347269603155482,-0.454966483107014,0.19930287371830385,0.41094231866320674,-0.11352717499674071,0.5161132618982689,P4,-0.23169049289931806,-0.23169049289931806,-0.06089954476004856,1,P4,False,0.8339873802522361,1.0,1.0,0.9829942383802484,1.0,1.0
All audit data; raw RCADS scores,Negative Valence,PO,Separation Anxiety,Separation Anxiety Raw,35,-0.27917519408228003,-0.5602951455214781,0.05961784734893628,0.10435088701553516,-0.3464812328533944,0.04144868399394609,P4,-0.4478563856226473,-0.4478563856226473,-0.15647364378594952,1,P4,False,0.5453175385973128,1.0,1.0,0.5165143697707129,1.0,1.0
All audit data; raw RCADS scores,Negative Valence,PO,Generalized Anxiety,Generalized Anxiety Raw,35,-0.3010420968221246,-0.5764576917808806,0.03579549625637849,0.07886126396241577,-0.24895417831721767,0.14925643285650383,P4,-0.41055555042103814,-0.41055555042103814,-0.20884589685392163,1,P4,False,0.4933800098718015,1.0,1.0,0.8159757130128706,1.0,1.0
All audit data; raw RCADS scores,Negative Valence,PO,Obsessive Compulsive,Obsessive Compulsive Raw,35,-0.16962289395229624,-0.4759649291318391,0.17342681706173665,0.32998640810921365,-0.3572398743889657,0.03513620779871901,P30,-0.33269054954113153,-0.33269054954113153,-0.11964067235937856,1,P4,False,0.7582666399105336,1.0,1.0,0.4949622315993461,1.0,1.0
All audit data; raw RCADS scores,Negative Valence,CP,Social Phobia,Social Phobia Raw,35,0.17632569763525702,-0.16671713395487842,0.48129158274637923,0.31094594629689903,0.10630567260140249,0.5433209968090138,P25,-0.018661333345138115,-0.018661333345138115,0.23011008054788168,1,P25,False,0.7353758145999656,1.0,1.0,0.9829942383802484,1.0,1.0
All audit data; raw RCADS scores,Negative Valence,CP,Panic Disorder,Panic Disorder Raw,35,0.06192612180754095,-0.2770375542599112,0.3871825101813083,0.7237929777719446,0.14742212809596558,0.39804483617465847,P25,0.12934200177176308,0.015753159642146575,0.12934200177176308,1,P25,False,0.9518671104835016,1.0,1.0,0.9671159828181435,1.0,1.0
All audit data; raw RCADS scores,Negative Valence,CP,Major Depression,Major Depression Raw,35,-0.10611085155689838,-0.4243518583867934,0.23546187804330562,0.5440643212254559,0.10846276570320582,0.5351231579725825,P25,0.13451868033551242,-0.14248942169288323,0.13451868033551242,1,P25,False,0.8858132667188328,1.0,1.0,0.9829942383802484,1.0,1.0
All audit data; raw RCADS scores,Negative Valence,CP,Separation Anxiety,Separation Anxiety Raw,35,-0.20896378100425048,-0.5069108495044877,0.1335851610039553,0.22831759177952954,-0.16348559610180713,0.34803761204331485,P27,-0.15213830866553418,-0.24057396720383253,-0.15213830866553418,1,P25,False,0.6952536961811586,1.0,1.0,0.9671159828181435,1.0,1.0
All audit data; raw RCADS scores,Negative Valence,CP,Generalized Anxiety,Generalized Anxiety Raw,35,-0.13076077808482695,-0.4446322170302297,0.21171120446479647,0.4540259658589467,-0.0017003131131511735,0.9922655427778682,P27,-0.06839979674510671,-0.1511636531069212,-0.06839979674510671,1,P25,False,0.8612007226370861,1.0,1.0,0.9939000850503629,1.0,1.0
All audit data; raw RCADS scores,Negative Valence,CP,Obsessive Compulsive,Obsessive Compulsive Raw,35,-0.056252207045814656,-0.38233161904041457,0.2822860301143723,0.7482401914675275,-0.0851113326233472,0.6268803636481544,P25,0.07921963423633471,-0.14442055665910797,0.07921963423633471,1,P25,False,0.9736137431143732,1.0,1.0,0.9829942383802484,1.0,1.0
All audit data; raw RCADS scores,Angry Caucasian,LOT,Social Phobia,Social Phobia Raw,22,0.23156713109550597,-0.21060258480891184,0.5950777457929173,0.29977060953220325,0.23039984182204856,0.30228190675578726,P20,0.4205357044771611,0.1314311120778985,0.4205357044771611,1,P29,False,0.7342453493832991,1.0,1.0,0.9671159828181435,1.0,1.0
All audit data; raw RCADS scores,Angry Caucasian,LOT,Panic Disorder,Panic Disorder Raw,22,-0.17412082899671805,-0.5549872137035003,0.2670953008667457,0.4383544690524308,-0.32375327406322135,0.1416096971587515,P27,-0.3027742852610078,-0.3027742852610078,-0.05611932244635114,1,P29,False,0.8504601675029198,1.0,1.0,0.8159757130128706,1.0,1.0
All audit data; raw RCADS scores,Angry Caucasian,LOT,Major Depression,Major Depression Raw,22,0.049792348902753664,-0.37978896009022733,0.4617082130228763,0.825832046424271,-0.09772918151899,0.6652533455983229,P25,0.19497809988866877,-0.07999365754700707,0.19497809988866877,1,P29,False,0.9780801907553272,1.0,1.0,0.9829942383802484,1.0,1.0
All audit data; raw RCADS scores,Angry Caucasian,LOT,Separation Anxiety,Separation Anxiety Raw,22,0.1497903236689808,-0.29014138300139974,0.5374568314344009,0.5058346411942007,0.12554311838564375,0.5777409969427121,P27,-0.07925078819537966,-0.07925078819537966,0.2800753811023318,1,P29,False,0.8676222578540709,1.0,1.0,0.9829942383802484,1.0,1.0
All audit data; raw RCADS scores,Angry Caucasian,LOT,Generalized Anxiety,Generalized Anxiety Raw,22,0.3460841299550486,-0.088426855609273,0.669940258797096,0.1146269156381739,0.23188263084026167,0.2990940562761637,P20,0.4832254865346546,0.2554549609581462,0.4832254865346546,1,P29,False,0.5626027433391425,1.0,1.0,0.9671159828181435,1.0,1.0
All audit data; raw RCADS scores,Angry Caucasian,LOT,Obsessive Compulsive,Obsessive Compulsive Raw,22,-0.011284843533064734,-0.4308434298425711,0.41228516767019663,0.9602480648552486,-0.0017310079009751024,0.9939000850503629,P29,-0.26657479574839676,-0.26657479574839676,0.23695448130142227,1,P29,False,0.9887494314917847,1.0,1.0,0.9939000850503629,1.0,1.0
All audit data; raw RCADS scores,Angry Caucasian,ROT,Social Phobia,Social Phobia Raw,22,0.4572022031884852,0.04409316934482399,0.7367873009417258,0.03241261511502461,0.5400527004870622,0.009473727708182441,P23,0.5117295083196044,0.4500616947534634,0.5117295083196044,1,P27,False,0.35005624324226575,1.0,1.0,0.25579064812092595,1.0,1.0
All audit data; raw RCADS scores,Angry Caucasian,ROT,Panic Disorder,Panic Disorder Raw,22,0.3807076867748835,-0.0487209370734262,0.6913481369471501,0.08047090718178751,0.04730901716064678,0.8343992130044149,P27,-0.03500337538449183,-0.03500337538449183,0.48771190174694906,1,P27,False,0.4933800098718015,1.0,1.0,0.9829942383802484,1.0,1.0
All audit data; raw RCADS scores,Angry Caucasian,ROT,Major Depression,Major Depression Raw,22,0.4539263027297785,0.03996663751429955,0.7348917762143901,0.0338355188787518,-0.08068339404474757,0.7211433345308917,P27,-0.21970107619411186,-0.21970107619411186,0.49754150731708097,1,P27,False,0.3536357457005027,1.0,1.0,0.9829942383802484,1.0,1.0
All audit data; raw RCADS scores,Angry Caucasian,ROT,Separation Anxiety,Separation Anxiety Raw,22,0.8001668475018773,0.5712856829325695,0.9135744616875042,7.800250265489911e-06,0.3095187480936379,0.16099575107813607,P27,0.33384653609727494,0.33384653609727494,0.843919565888925,1,P27,False,0.0009049255524949474,0.005754875496021468,0.0025194808357532415,0.8269957158746317,1.0,1.0
All audit data; raw RCADS scores,Angry Caucasian,ROT,Generalized Anxiety,Generalized Anxiety Raw,22,0.5784300893514072,0.207400648415479,0.8039728612533672,0.004801823723313074,0.12679296563186723,0.5739288880972127,P27,0.1688967042882121,0.1688967042882121,0.7230810957244495,1,P27,False,0.09723693039708975,0.6183784141222836,1.0,0.9829942383802484,1.0,1.0
All audit data; raw RCADS scores,Angry Caucasian,ROT,Obsessive Compulsive,Obsessive Compulsive Raw,22,0.06666570813900008,-0.3652075640672463,0.4749255065903539,0.768173068465883,0.07039432130632084,0.755578825249384,P27,-0.12395455862548152,-0.12395455862548152,0.195505215095983,1,P27,False,0.9780801907553272,1.0,1.0,0.9829942383802484,1.0,1.0
All audit data; raw RCADS scores,Angry Caucasian,O,Social Phobia,Social Phobia Raw,22,0.3414173173378073,-0.09367514430702698,0.6670129663655545,0.11993021492928548,0.34078797242475,0.1206587250183312,P25,0.5974668012604727,0.11149278426484682,0.5974668012604727,2,P25; P27,False,0.5710923678704172,1.0,1.0,0.8144463938737357,1.0,1.0
All audit data; raw RCADS scores,Angry Caucasian,O,Panic Disorder,Panic Disorder Raw,22,0.2769396561877034,-0.16379331414697662,0.6255131286545946,0.21213392729988345,0.15503677912886654,0.4908715891223496,P27,0.054270244173321186,0.054270244173321186,0.48562469232881883,2,P25; P27,False,0.6636613659601907,1.0,1.0,0.9829942383802484,1.0,1.0
All audit data; raw RCADS scores,Angry Caucasian,O,Major Depression,Major Depression Raw,22,0.4251325584211858,0.004293714737652255,0.7180399073516467,0.0485665474905259,0.17273064640565672,0.4420761363238328,P27,0.19349002144246016,0.19349002144246016,0.4874388695271402,2,P25; P27,False,0.42974026309589775,1.0,1.0,0.9817465616303366,1.0,1.0
All audit data; raw RCADS scores,Angry Caucasian,O,Separation Anxiety,Separation Anxiety Raw,22,0.6887789405061346,0.3765059447422454,0.8605019166465465,0.0003931344780087371,0.4541536771093565,0.03373519486851461,P27,0.4178932129625521,0.4178932129625521,0.7269083735851734,2,P25; P27,False,0.01592194635935385,0.10125564329550228,0.12462362952876965,0.4949622315993461,1.0,1.0
All audit data; raw RCADS scores,Angry Caucasian,O,Generalized Anxiety,Generalized Anxiety Raw,22,0.6237227521477481,0.274226859814673,0.827679092515086,0.001923629484772447,0.5437247895564756,0.008907236753156167,P27,0.42084630480502566,0.42084630480502566,0.7084460434929709,2,P25; P27,False,0.0566596320969339,0.36032702079109097,0.6040196582185484,0.25579064812092595,1.0,1.0
All audit data; raw RCADS scores,Angry Caucasian,O,Obsessive Compulsive,Obsessive Compulsive Raw,22,0.2430972451482602,-0.19889646919978396,0.602912112986283,0.27565736077689057,0.4310209673428005,0.0452102066510062,P30,0.5574661053527319,0.1863422431588273,0.5574661053527319,2,P25; P27,False,0.73266846457044,1.0,1.0,0.5231466769616432,1.0,1.0
All audit data; raw RCADS scores,Angry Caucasian,Frontal,Social Phobia,Social Phobia Raw,22,0.44562177688741,0.029568620496999914,0.7300668022601465,0.03766378505531657,0.38267885275603153,0.07878709001437155,P31,0.5393523131384346,0.36705774890724574,0.5393523131384346,0,,False,0.3813458236850803,1.0,1.0,0.6618690169220286,1.0,1.0
All audit data; raw RCADS scores,Angry Caucasian,Frontal,Panic Disorder,Panic Disorder Raw,22,0.4311952963508854,0.011716936790744086,0.7216169684812193,0.04511366429269411,0.4098214860060847,0.05819853208610672,P31,0.5129942986880486,0.3608937439101262,0.5129942986880486,0,,False,0.4176236351666541,1.0,1.0,0.6285441465299526,1.0,1.0
All audit data; raw RCADS scores,Angry Caucasian,Frontal,Major Depression,Major Depression Raw,22,0.023264147364942457,-0.40229010610827654,0.4405515060084207,0.9181514537859683,0.05284194117015156,0.8153375720262969,P27,-0.11339027130523296,-0.11339027130523296,0.11030412528793951,0,,False,0.9887494314917847,1.0,1.0,0.9829942383802484,1.0,1.0
All audit data; raw RCADS scores,Angry Caucasian,Frontal,Separation Anxiety,Separation Anxiety Raw,22,0.3187527937401977,-0.11882431914472534,0.6526520666690835,0.14822109187877258,0.2759634445619912,0.21381590521742047,P27,0.19814838052546874,0.19814838052546874,0.3741384356319298,0,,False,0.5807225464230688,1.0,1.0,0.8992107352507431,1.0,1.0
All audit data; raw RCADS scores,Angry Caucasian,Frontal,Generalized Anxiety,Generalized Anxiety Raw,22,0.20142112348810748,-0.24062106831982624,0.5742626958066972,0.3687251120456288,0.19875654072022428,0.3752257119498298,P27,0.07091378580492953,0.07091378580492953,0.26924700554841263,0,,False,0.7911717635945942,1.0,1.0,0.9671159828181435,1.0,1.0
All audit data; raw RCADS scores,Angry Caucasian,Frontal,Obsessive Compulsive,Obsessive Compulsive Raw,22,-0.06805848425113561,-0.47600833286157335,0.363994430395115,0.7634618537566038,-0.07443333974192941,0.7420035196301121,P20,-0.2553144334607211,-0.2553144334607211,-0.025045930625719914,0,,False,0.9780801907553272,1.0,1.0,0.9829942383802484,1.0,1.0
All audit data; raw RCADS scores,Angry Caucasian,PO,Social Phobia,Social Phobia Raw,22,0.33996042494980905,-0.09530862493194567,0.6660970563350707,0.12162152278721848,0.16756352132512622,0.4560542039203719,P27,0.1239999510031714,0.1239999510031714,0.42019210821670944,1,P27,False,0.5710923678704172,1.0,1.0,0.9817465616303366,1.0,1.0
All audit data; raw RCADS scores,Angry Caucasian,PO,Panic Disorder,Panic Disorder Raw,22,0.6113688313330141,0.2556584669341561,0.82128442978819,0.002502350691057003,0.5677082059277613,0.005852885413755053,P27,0.5160282913656731,0.5160282913656731,0.6598931605799924,1,P27,False,0.06756346865853909,0.42966998681519936,0.7832357663008419,0.25579064812092595,1.0,1.0
All audit data; raw RCADS scores,Angry Caucasian,PO,Major Depression,Major Depression Raw,22,0.28622246353666164,-0.15396559844723923,0.6316118973760639,0.19658021102304069,0.15057112268914158,0.5035938482410481,P27,0.013580195487160066,0.013580195487160066,0.3496973413290454,1,P27,False,0.6522988409667192,1.0,1.0,0.9829942383802484,1.0,1.0
All audit data; raw RCADS scores,Angry Caucasian,PO,Separation Anxiety,Separation Anxiety Raw,22,0.484151897537921,0.07858427080965064,0.7522160927688288,0.022417152636030738,0.13132851554627253,0.5601884624938986,P27,0.04488062839312913,0.04488062839312913,0.5667039310988569,1,P27,False,0.2905262981629584,1.0,1.0,0.9829942383802484,1.0,1.0
All audit data; raw RCADS scores,Angry Caucasian,PO,Generalized Anxiety,Generalized Anxiety Raw,22,0.3891748308811774,-0.03879987624942,0.6965016995673936,0.07342485258982127,0.16791500853949984,0.4550961592796432,P27,0.08254250185347181,0.08254250185347181,0.49253265093024357,1,P27,False,0.4933800098718015,1.0,1.0,0.9817465616303366,1.0,1.0
All audit data; raw RCADS scores,Angry Caucasian,PO,Obsessive Compulsive,Obsessive Compulsive Raw,22,0.004807967679990255,-0.4176470831503884,0.4255537830787601,0.9830581802990255,-0.01788708164340939,0.9370274342856522,P20,-0.09214221443764278,-0.09214221443764278,0.06745428635886133,1,P27,False,0.9887494314917847,1.0,1.0,0.9829942383802484,1.0,1.0
All audit data; raw RCADS scores,Angry Caucasian,CP,Social Phobia,Social Phobia Raw,22,0.48938378119744,0.08539467564982785,0.7551776750543027,0.02080001768463513,0.5598659546978035,0.006737072611418264,P27,0.4427171489408138,0.4427171489408138,0.5339227127573848,1,P25,False,0.2905262981629584,1.0,1.0,0.25579064812092595,1.0,1.0
All audit data; raw RCADS scores,Angry Caucasian,CP,Panic Disorder,Panic Disorder Raw,22,0.25616803170687497,-0.18547185930552304,0.6117101845389974,0.24984422490210037,0.4850599229362699,0.022129489921137047,P25,0.5148375654403472,0.18477360240389437,0.5148375654403472,1,P25,False,0.7227636506096475,1.0,1.0,0.43283809103329185,1.0,1.0
All audit data; raw RCADS scores,Angry Caucasian,CP,Major Depression,Major Depression Raw,22,-0.02341068138064951,-0.440669656598452,0.4021672125904355,0.9176376021888929,0.3619388873697479,0.09788005500542132,P25,0.4268545194478183,-0.15637852644501313,0.4268545194478183,1,P25,False,0.9887494314917847,1.0,1.0,0.7207531323126479,1.0,1.0
All audit data; raw RCADS scores,Angry Caucasian,CP,Separation Anxiety,Separation Anxiety Raw,22,0.10486699685994424,-0.3313932786284878,0.5041840493091377,0.6423306908438415,0.19496788431318873,0.3845802009198577,P25,0.4159280505978774,-0.13307895062302502,0.4159280505978774,1,P25,False,0.9208634682894011,1.0,1.0,0.9671159828181435,1.0,1.0
All audit data; raw RCADS scores,Angry Caucasian,CP,Generalized Anxiety,Generalized Anxiety Raw,22,0.18466045911475995,-0.2569529043593219,0.5624775486532442,0.4106860853881833,0.40151105783424623,0.06400515168550398,P25,0.4619568902567113,0.06366305270096118,0.4619568902567113,1,P25,False,0.8339873802522361,1.0,1.0,0.6352160345421297,1.0,1.0
All audit data; raw RCADS scores,Angry Caucasian,CP,Obsessive Compulsive,Obsessive Compulsive Raw,22,-0.0386846996196023,-0.4529063364786214,0.38927270571777073,0.864287229475144,0.25965118514626534,0.2432379290439141,P25,0.1863580066411644,-0.10975007119066567,0.1863580066411644,1,P25,False,0.9887494314917847,1.0,1.0,0.9584333548909225,1.0,1.0
All audit data; raw RCADS scores,Happy Caucasian,LOT,Social Phobia,Social Phobia Raw,22,-0.14969345334917103,-0.5373863592187055,0.29023213083644045,0.506112983748208,-0.007925301684296511,0.9720769659096664,P27,0.06078381978402318,-0.2698167322425329,0.06078381978402318,0,,False,0.8676222578540709,1.0,1.0,0.9829942383802484,1.0,1.0
All audit data; raw RCADS scores,Happy Caucasian,LOT,Panic Disorder,Panic Disorder Raw,22,-0.05446084407370942,-0.4653835485998254,0.37577584914362905,0.8097787668310832,0.007409846061306122,0.9738924398767275,P27,0.1536359015013523,-0.17746834114033522,0.1536359015013523,0,,False,0.9780801907553272,1.0,1.0,0.9829942383802484,1.0,1.0
All audit data; raw RCADS scores,Happy Caucasian,LOT,Major Depression,Major Depression Raw,22,0.12750407236821348,-0.31081266698949234,0.521099861378311,0.5717648904528561,0.22557258757580834,0.31280382068082424,P27,0.4459201234769715,-0.007000389274037372,0.4459201234769715,0,,False,0.8959811826921057,1.0,1.0,0.9671159828181435,1.0,1.0
All audit data; raw RCADS scores,Happy Caucasian,LOT,Separation Anxiety,Separation Anxiety Raw,22,-0.2764206209608864,-0.6251708623834122,0.16434024676352246,0.21302710512302414,0.04686171700109284,0.8359442980934688,P27,0.16708505444950447,-0.3872616795852676,0.16708505444950447,0,,False,0.6636613659601907,1.0,1.0,0.9829942383802484,1.0,1.0
All audit data; raw RCADS scores,Happy Caucasian,LOT,Generalized Anxiety,Generalized Anxiety Raw,22,-0.002352712041293843,-0.4235410386997246,0.4196720172686356,0.9917093191558193,0.2638664419906426,0.2353959561758646,P27,0.36301184945402815,-0.09287775360511238,0.36301184945402815,0,,False,0.9917093191558193,1.0,1.0,0.9415838247034584,1.0,1.0
All audit data; raw RCADS scores,Happy Caucasian,LOT,Obsessive Compulsive,Obsessive Compulsive Raw,22,0.04586632690383287,-0.3831513595163815,0.4586064122685112,0.8393847102261978,0.06693230550437064,0.7672706569675803,P30,0.20823031674504988,-0.0801669018561306,0.20823031674504988,0,,False,0.9818073866905707,1.0,1.0,0.9829942383802484,1.0,1.0
All audit data; raw RCADS scores,Happy Caucasian,ROT,Social Phobia,Social Phobia Raw,22,-0.3992439730237479,-0.7025893299179149,0.026890869551631745,0.06566324071093745,0.03283339269208555,0.8846702879048286,P27,0.10989162820072347,-0.4694880400667523,0.10989162820072347,1,P27,False,0.4890982014123488,1.0,1.0,0.9829942383802484,1.0,1.0
All audit data; raw RCADS scores,Happy Caucasian,ROT,Panic Disorder,Panic Disorder Raw,22,-0.36516981495094164,-0.6818080027152309,0.06670907257941487,0.09470123846489317,0.009689798695554159,0.9658633367477065,P27,0.07838103296749653,-0.45034510985127923,0.07838103296749653,1,P27,False,0.5113866877104232,1.0,1.0,0.9829942383802484,1.0,1.0
All audit data; raw RCADS scores,Happy Caucasian,ROT,Major Depression,Major Depression Raw,22,-0.47628851366578734,-0.7477444466447393,-0.0684191235648948,0.02503563074899391,-0.19659474886959616,0.3805473422478324,P27,-0.08248630135372328,-0.5259886377263726,-0.08248630135372328,1,P27,False,0.3119824754874626,1.0,1.0,0.9671159828181435,1.0,1.0
All audit data; raw RCADS scores,Happy Caucasian,ROT,Separation Anxiety,Separation Anxiety Raw,22,-0.7985897710183136,-0.9128490644570278,-0.5683354246633416,8.378940300879142e-06,-0.3164612246863924,0.1513224161555716,P27,-0.22668717954662634,-0.8451960481080465,-0.22668717954662634,1,P27,False,0.0009049255524949474,0.005754875496021468,0.002698018776883084,0.8159757130128706,1.0,1.0
All audit data; raw RCADS scores,Happy Caucasian,ROT,Generalized Anxiety,Generalized Anxiety Raw,22,-0.5563729691017555,-0.7921626099462238,-0.17606416519594878,0.007165041378543208,-0.19875654072022428,0.3752257119498298,P27,0.0234275476881341,-0.7389342265225556,0.0234275476881341,1,P27,False,0.1365572592145882,0.8684361080214644,1.0,0.9671159828181435,1.0,1.0
All audit data; raw RCADS scores,Happy Caucasian,ROT,Obsessive Compulsive,Obsessive Compulsive Raw,22,-0.1017289897976785,-0.501814703691976,0.3342138214986638,0.652371034941425,-0.2279160402950552,0.30766836291522603,P30,-0.2246011890202756,-0.2246011890202756,-0.07713640068791401,1,P27,False,0.9238386729401358,1.0,1.0,0.9671159828181435,1.0,1.0
All audit data; raw RCADS scores,Happy Caucasian,O,Social Phobia,Social Phobia Raw,22,-0.31962180110986926,-0.6532071539019987,0.11787028571542695,0.14705680684413414,-0.08604613257236211,0.7033953857900379,P27,-0.1607949984608205,-0.3906974797047686,-0.1607949984608205,2,P25; P27,False,0.5807225464230688,1.0,1.0,0.9829942383802484,1.0,1.0
All audit data; raw RCADS scores,Happy Caucasian,O,Panic Disorder,Panic Disorder Raw,22,0.08240563179027026,-0.35141188678767266,0.4870911156569252,0.7154279761111443,0.12311744224939403,0.5851706433683036,P27,0.30753170282045256,-0.07924968397332273,0.30753170282045256,2,P25; P27,False,0.9499945256557817,1.0,1.0,0.9829942383802484,1.0,1.0
All audit data; raw RCADS scores,Happy Caucasian,O,Major Depression,Major Depression Raw,22,0.1129721706954003,-0.32407182410059826,0.5102761534438319,0.6166784066059863,0.03693253952752529,0.8703827396259437,P27,0.40935693635629966,-0.16322865741965875,0.40935693635629966,2,P25; P27,False,0.8959811826921057,1.0,1.0,0.9829942383802484,1.0,1.0
All audit data; raw RCADS scores,Happy Caucasian,O,Separation Anxiety,Separation Anxiety Raw,22,-0.1427610024150301,-0.5323289707118086,0.29670595151631635,0.5262234539230206,0.20538159920232046,0.3591834316899658,P27,0.376475692045302,-0.3745623946411043,0.376475692045302,2,P25; P27,False,0.8791016982979976,1.0,1.0,0.9671159828181435,1.0,1.0
All audit data; raw RCADS scores,Happy Caucasian,O,Generalized Anxiety,Generalized Anxiety Raw,22,-0.1296448502768045,-0.5226837365499252,0.3088448602184998,0.5652719165789695,0.1604901952367328,0.47555448658814103,P27,0.16909295920180403,-0.28187085072969453,0.16909295920180403,2,P25; P27,False,0.8959811826921057,1.0,1.0,0.9829942383802484,1.0,1.0
All audit data; raw RCADS scores,Happy Caucasian,O,Obsessive Compulsive,Obsessive Compulsive Raw,22,0.031398222826875044,-0.3954450288309678,0.44708822488341665,0.889680980032362,0.06635530287071227,0.7692241316894342,P25,-0.13838859003857004,-0.13838859003857004,0.15136603827550701,2,P25; P27,False,0.9887494314917847,1.0,1.0,0.9829942383802484,1.0,1.0
All audit data; raw RCADS scores,Happy Caucasian,Frontal,Social Phobia,Social Phobia Raw,22,0.23362890680757378,-0.20851860620584792,0.596483751545434,0.2953663859190341,0.18341412469371926,0.4139070371264244,P20,0.11971759740413065,0.11971759740413065,0.30676019868303506,0,,False,0.73266846457044,1.0,1.0,0.9817465616303366,1.0,1.0
All audit data; raw RCADS scores,Happy Caucasian,Frontal,Panic Disorder,Panic Disorder Raw,22,0.32792911305778705,-0.1087092186116131,0.6584954974939621,0.13625097075323944,0.4417408228855573,0.03956547575081788,P35,0.49174650253513186,0.2307889652936992,0.49174650253513186,0,,False,0.5807225464230688,1.0,1.0,0.5127685657305998,1.0,1.0
All audit data; raw RCADS scores,Happy Caucasian,Frontal,Major Depression,Major Depression Raw,22,0.09915518143143015,-0.33652143009407054,0.49986686302674876,0.6606498827528325,0.12443424856196984,0.5811322898938515,P15,0.18077529521754704,0.019740833320615356,0.18077529521754704,0,,False,0.9306546174431206,1.0,1.0,0.9829942383802484,1.0,1.0
All audit data; raw RCADS scores,Happy Caucasian,Frontal,Separation Anxiety,Separation Anxiety Raw,22,0.17841628426026224,-0.2629735064020351,0.5580473946428293,0.4269607894815766,0.3685297991320511,0.09147705279457465,P27,0.4191248018535004,0.09563647002807339,0.4191248018535004,0,,False,0.8435079011709197,1.0,1.0,0.7067391133669707,1.0,1.0
All audit data; raw RCADS scores,Happy Caucasian,Frontal,Generalized Anxiety,Generalized Anxiety Raw,22,0.25058468400374845,-0.1912265878742995,0.6079627099061984,0.26067285440496824,0.3683849677142088,0.09161432951053324,P27,0.37647038024820445,0.18910736553265567,0.37647038024820445,0,,False,0.73266846457044,1.0,1.0,0.7067391133669707,1.0,1.0
All audit data; raw RCADS scores,Happy Caucasian,Frontal,Obsessive Compulsive,Obsessive Compulsive Raw,22,0.33675478306390116,-0.0988945845002775,0.664078284289365,0.12540339756388896,0.3635116592047715,0.09632297570643071,P30,0.21784092981474434,0.21784092981474434,0.42458557483643666,0,,False,0.5804385830100004,1.0,1.0,0.7207531323126479,1.0,1.0
All audit data; raw RCADS scores,Happy Caucasian,PO,Social Phobia,Social Phobia Raw,22,-0.19902456271410288,-0.5725869855364617,0.242971749806509,0.3745688991890903,-0.009057487639196012,0.9680898015295593,P27,0.07573796205376959,-0.2605405509345317,0.07573796205376959,0,,False,0.7978871863108153,1.0,1.0,0.9829942383802484,1.0,1.0
All audit data; raw RCADS scores,Happy Caucasian,PO,Panic Disorder,Panic Disorder Raw,22,0.10154546937439891,-0.3343785342964553,0.5016759509031878,0.6529600497015158,0.2718843516340785,0.22093991693679038,P27,0.44875072516893666,-0.0611071972406219,0.44875072516893666,0,,False,0.9238386729401358,1.0,1.0,0.9061333302217732,1.0,1.0
All audit data; raw RCADS scores,Happy Caucasian,PO,Major Depression,Major Depression Raw,22,-0.2434225548054667,-0.6031321491639529,0.19856435421949173,0.2749952911604998,-0.07841062238151524,0.7287076819186753,P27,0.05453407558939721,-0.3381443371043087,0.05453407558939721,0,,False,0.73266846457044,1.0,1.0,0.9829942383802484,1.0,1.0
All audit data; raw RCADS scores,Happy Caucasian,PO,Separation Anxiety,Separation Anxiety Raw,22,-0.40900145168148194,-0.7084464746461109,0.015233906704573178,0.058752859734965066,-0.053804193593847326,0.8120324471764101,P27,0.12480015300735137,-0.5775707886980674,0.12480015300735137,0,,False,0.4642908915641141,1.0,1.0,0.9829942383802484,1.0,1.0
All audit data; raw RCADS scores,Happy Caucasian,PO,Generalized Anxiety,Generalized Anxiety Raw,22,-0.11950021095062592,-0.5151540145681953,0.3181366937363387,0.5963252732233644,0.1787666587512362,0.4260385077409632,P27,0.3360565216517523,-0.29200917088649403,0.3360565216517523,0,,False,0.8959811826921057,1.0,1.0,0.9817465616303366,1.0,1.0
All audit data; raw RCADS scores,Happy Caucasian,PO,Obsessive Compulsive,Obsessive Compulsive Raw,22,0.12499477424274383,-0.31311444460170995,0.51923987543514,0.579416941608095,0.10386047405850615,0.6455446935604137,P30,-0.0359430807045684,-0.0359430807045684,0.21408863321023092,0,,False,0.8959811826921057,1.0,1.0,0.9829942383802484,1.0,1.0
All audit data; raw RCADS scores,Happy Caucasian,CP,Social Phobia,Social Phobia Raw,22,-0.26703819855275945,-0.6189606175836163,0.17418045208189362,0.22960538731908636,0.04528743819598006,0.8413868569861056,P25,-0.005341240633981968,-0.31731233609746584,-0.005341240633981968,1,P25,False,0.6952536961811586,1.0,1.0,0.9829942383802484,1.0,1.0
All audit data; raw RCADS scores,Happy Caucasian,CP,Panic Disorder,Panic Disorder Raw,22,0.033992230867232576,-0.39325207335314055,0.4491635302817644,0.8806274634915119,0.13166726462782416,0.5591681613599626,P27,0.14291846118789972,0.0011720787210553023,0.14291846118789972,1,P25,False,0.9887494314917847,1.0,1.0,0.9829942383802484,1.0,1.0
All audit data; raw RCADS scores,Happy Caucasian,CP,Major Depression,Major Depression Raw,22,0.24227199901800267,-0.1997385239038345,0.602353679136382,0.27734139699563665,0.139775457288788,0.5349986655962544,P25,-0.08962582923195621,-0.08962582923195621,0.417687415637556,1,P25,False,0.73266846457044,1.0,1.0,0.9829942383802484,1.0,1.0
All audit data; raw RCADS scores,Happy Caucasian,CP,Separation Anxiety,Separation Anxiety Raw,22,0.033849276330551105,-0.39337305277126977,0.4490492777227911,0.8811260340377214,0.2458793793267217,0.27002753653666806,P27,0.37704242913182523,-0.27605245720434024,0.37704242913182523,1,P25,False,0.9887494314917847,1.0,1.0,0.9671159828181435,1.0,1.0
All audit data; raw RCADS scores,Happy Caucasian,CP,Generalized Anxiety,Generalized Anxiety Raw,22,0.047662265747073045,-0.3816146566048442,0.46002656444532836,0.833179421754538,0.1879048905084879,0.4023661208558924,P27,0.23418558444548201,-0.07232004649391223,0.23418558444548201,1,P25,False,0.9780801907553272,1.0,1.0,0.9671159828181435,1.0,1.0
All audit data; raw RCADS scores,Happy Caucasian,CP,Obsessive Compulsive,Obsessive Compulsive Raw,22,0.2275938898746569,-0.21460731012140474,0.5923619462083799,0.3083712551508401,0.22099200869115476,0.3229910690534,P30,0.29937415129785705,0.2047516113897349,0.29937415129785705,1,P25,False,0.7353758145999656,1.0,1.0,0.9671159828181435,1.0,1.0
