Variant,Condition,ROI,RCADS Scale,Score Column,N,Pearson r,Pearson CI 95% Low,Pearson CI 95% High,Pearson p,Spearman rho,Spearman p,Most Influential PID,Pearson r Without Most Influential PID,Leave-One-Out r Minimum,Leave-One-Out r Maximum,BCA MAD-Outlier Count,BCA MAD-Outlier PIDs,Descriptive Only (N < 20),Pearson_q_bh,Pearson_q_by,Pearson_p_holm,Spearman_q_bh,Spearman_q_by,Spearman_p_holm
P27 omitted; raw RCADS scores,Angry Neutral,LOT,Social Phobia,Social Phobia Raw,13,0.3139290373519378,-0.2866357284661049,0.7373710571449845,0.2962332372182952,0.23724341041601307,0.4351286333150973,P8,0.11954503421628751,0.11954503421628751,0.46937116433390735,3,P11; P4; P8,True,0.9590339049263785,1.0,1.0,0.9623872130204203,1.0,1.0
P27 omitted; raw RCADS scores,Angry Neutral,LOT,Panic Disorder,Panic Disorder Raw,13,0.5399631037497622,-0.015690224052976418,0.8408004161833419,0.05680664003605641,0.3563200951417595,0.2320834262534437,P8,0.07427359381569361,0.07427359381569361,0.731322996022666,3,P11; P4; P8,True,0.9590339049263785,1.0,1.0,0.9076733903401669,1.0,1.0
P27 omitted; raw RCADS scores,Angry Neutral,LOT,Major Depression,Major Depression Raw,13,0.4303944630360253,-0.15807749882249558,0.7932642654823876,0.1420873993341566,0.26482985348764254,0.38189415941154337,P8,0.2473316439514092,0.2473316439514092,0.49421727675832283,3,P11; P4; P8,True,0.9590339049263785,1.0,1.0,0.9303286289424064,1.0,1.0
P27 omitted; raw RCADS scores,Angry Neutral,LOT,Separation Anxiety,Separation Anxiety Raw,13,0.44191538133013003,-0.14417490742285255,0.7984797447354978,0.13055529088756498,0.41946716470838535,0.15362505707958368,P8,0.12226727977944099,0.12226727977944099,0.6005280728799929,3,P11; P4; P8,True,0.9590339049263785,1.0,1.0,0.8900210268560816,1.0,1.0
P27 omitted; raw RCADS scores,Angry Neutral,LOT,Generalized Anxiety,Generalized Anxiety Raw,13,0.500859550566642,-0.06923123614897178,0.8243516252801009,0.08125650746586242,0.34691049217003916,0.24552459399983512,P8,0.21416188208928383,0.21416188208928383,0.5599512187359739,3,P11; P4; P8,True,0.9590339049263785,1.0,1.0,0.9076733903401669,1.0,1.0
P27 omitted; raw RCADS scores,Angry Neutral,LOT,Obsessive Compulsive,Obsessive Compulsive Raw,13,0.488246627160356,-0.08582778320215284,0.8189269035165915,0.09049241860814171,0.31757954963803287,0.2903465120960303,P11,0.1703759393960999,0.1703759393960999,0.618907942899402,3,P11; P4; P8,True,0.9590339049263785,1.0,1.0,0.9076733903401669,1.0,1.0
P27 omitted; raw RCADS scores,Angry Neutral,ROT,Social Phobia,Social Phobia Raw,13,0.5233933462723193,-0.038773551761706875,0.8338975662019226,0.06642074340167699,0.5903498817328697,0.03365994437462631,P4,0.6739342813582208,0.4566451592120465,0.6739342813582208,0,,True,0.9590339049263785,1.0,1.0,0.6146025573971836,1.0,1.0
P27 omitted; raw RCADS scores,Angry Neutral,ROT,Panic Disorder,Panic Disorder Raw,13,0.6091370749636781,0.08752861452067891,0.8685985043390826,0.027118795935481596,0.7631422510122723,0.002406671463852946,P4,0.6967710835333291,0.5565721342912447,0.6967710835333291,0,,True,0.9590339049263785,1.0,1.0,0.2599205180961182,1.0,0.7749482113606486
P27 omitted; raw RCADS scores,Angry Neutral,ROT,Major Depression,Major Depression Raw,13,0.32186205791404204,-0.2785155422000995,0.741371586336852,0.2835272291289106,0.3310373168595532,0.2692327266949956,P8,0.2124871326502363,0.2124871326502363,0.4294700374085645,0,,True,0.9590339049263785,1.0,1.0,0.9076733903401669,1.0,1.0
P27 omitted; raw RCADS scores,Angry Neutral,ROT,Separation Anxiety,Separation Anxiety Raw,13,0.4201227640345738,-0.17027896213749366,0.7885689645206911,0.15291621393534677,0.3911247887145756,0.18632776032057086,P8,0.28796129818751276,0.28796129818751276,0.550624610398575,0,,True,0.9590339049263785,1.0,1.0,0.8900210268560816,1.0,1.0
P27 omitted; raw RCADS scores,Angry Neutral,ROT,Generalized Anxiety,Generalized Anxiety Raw,13,0.4032580434081155,-0.1899269964492552,0.7807656151975785,0.1718325431726225,0.5063774119578798,0.07742958953515268,P4,0.6101648671337767,0.2656494981235367,0.6101648671337767,0,,True,0.9590339049263785,1.0,1.0,0.7144302839384288,1.0,1.0
P27 omitted; raw RCADS scores,Angry Neutral,ROT,Obsessive Compulsive,Obsessive Compulsive Raw,13,0.15445420540075927,-0.43341563250331633,0.6501135463603593,0.6143872414327606,0.14764663272645387,0.6302602214328223,P1,0.2660790094223238,0.09503919188546946,0.2660790094223238,0,,True,0.9741415905392415,1.0,1.0,0.9623872130204203,1.0,1.0
P27 omitted; raw RCADS scores,Angry Neutral,O,Social Phobia,Social Phobia Raw,13,-0.12947969329353015,-0.6351523336124021,0.45388651151346276,0.6733254315827282,0.013793221535814715,0.9643285043715936,P4,-0.001470985701581504,-0.18124735141561796,-0.001470985701581504,1,P4,True,0.9783167554895935,1.0,1.0,0.98048467573849,1.0,1.0
P27 omitted; raw RCADS scores,Angry Neutral,O,Panic Disorder,Panic Disorder Raw,13,-0.21768286242659385,-0.686347594391645,0.3787269748290354,0.47496635184428904,-0.03647371052632183,0.9058342003997277,P4,0.23275749045662195,-0.2755344229721205,0.23275749045662195,1,P4,True,0.9631548202477633,1.0,1.0,0.9682640307581885,1.0,1.0
P27 omitted; raw RCADS scores,Angry Neutral,O,Major Depression,Major Depression Raw,13,-0.08350411405710151,-0.6065809078547936,0.4900271096436299,0.7862261908806195,0.16827730273693953,0.5826334072609224,P4,0.1995542803414928,-0.149196294522322,0.1995542803414928,1,P4,True,0.9783167554895935,1.0,1.0,0.9623872130204203,1.0,1.0
P27 omitted; raw RCADS scores,Angry Neutral,O,Separation Anxiety,Separation Anxiety Raw,13,-0.22631403993164637,-0.6911196826881321,0.3709238783447371,0.4571806305357371,-0.11053526637585831,0.719230151517998,P4,0.045370453268829894,-0.2627518568601327,0.045370453268829894,1,P4,True,0.9631548202477633,1.0,1.0,0.9639277691429248,1.0,1.0
P27 omitted; raw RCADS scores,Angry Neutral,O,Generalized Anxiety,Generalized Anxiety Raw,13,-0.008171743648657063,-0.5566507198990435,0.5452686362298277,0.9788626386302958,0.15946691978784058,0.6027968512673798,P4,0.2154418724960429,-0.050995275175853574,0.2154418724960429,1,P4,True,0.9898390993629275,1.0,1.0,0.9623872130204203,1.0,1.0
P27 omitted; raw RCADS scores,Angry Neutral,O,Obsessive Compulsive,Obsessive Compulsive Raw,13,-0.08394609585518811,-0.6068621628441636,0.4896888147544532,0.7851184554669879,-0.041786782847109585,0.8921844093937465,P4,0.10632620005140561,-0.13245289888898332,0.10632620005140561,1,P4,True,0.9783167554895935,1.0,1.0,0.9682640307581885,1.0,1.0
P27 omitted; raw RCADS scores,Angry Neutral,Frontal,Social Phobia,Social Phobia Raw,13,0.14258725679254255,-0.443218862724936,0.6430521428969185,0.6421528361042388,0.15724272550828777,0.6079292395803791,P6,0.025067883633837783,0.025067883633837783,0.24981639662482344,2,P1; P4,True,0.9747347470483463,1.0,1.0,0.9623872130204203,1.0,1.0
P27 omitted; raw RCADS scores,Angry Neutral,Frontal,Panic Disorder,Panic Disorder Raw,13,0.05175347826693239,-0.5138854767049412,0.5860279553197285,0.866655333198382,0.2889840141700884,0.33826077542034527,P1,0.1881757856482697,-0.07926214288257592,0.1881757856482697,2,P1; P4,True,0.9898390993629275,1.0,1.0,0.9303286289424064,1.0,1.0
P27 omitted; raw RCADS scores,Angry Neutral,Frontal,Major Depression,Major Depression Raw,13,-0.07560030482768101,-0.6015291179127789,0.4960476936432952,0.8060962359278596,0.049655597528932977,0.8720198262373685,P6,-0.25086490858209515,-0.25086490858209515,0.0794998573514068,2,P1; P4,True,0.9783167554895935,1.0,1.0,0.9682640307581885,1.0,1.0
P27 omitted; raw RCADS scores,Angry Neutral,Frontal,Separation Anxiety,Separation Anxiety Raw,13,-0.07828726797131666,-0.6032512466584571,0.49400709636273343,0.7993286240005094,-0.04251356399071474,0.8903192846227672,P1,0.119059471406306,-0.23240929054174309,0.119059471406306,2,P1; P4,True,0.9783167554895935,1.0,1.0,0.9682640307581885,1.0,1.0
P27 omitted; raw RCADS scores,Angry Neutral,Frontal,Generalized Anxiety,Generalized Anxiety Raw,13,0.030119319523175366,-0.5296557803416909,0.5716184407033043,0.9221902741942628,0.06714396622645918,0.8274743740065711,P7,0.21916859869948468,-0.10978933365323795,0.21916859869948468,2,P1; P4,True,0.9898390993629275,1.0,1.0,0.9678761630979387,1.0,1.0
P27 omitted; raw RCADS scores,Angry Neutral,Frontal,Obsessive Compulsive,Obsessive Compulsive Raw,13,-0.20517077800061104,-0.6793573882804131,0.38989006919738983,0.5013125283974498,-0.1782902734810009,0.5600521999195633,P1,0.06403660521302704,-0.2957407643125286,0.06403660521302704,2,P1; P4,True,0.9631548202477633,1.0,1.0,0.9623872130204203,1.0,1.0
P27 omitted; raw RCADS scores,Angry Neutral,PO,Social Phobia,Social Phobia Raw,13,0.16166518792073906,-0.4273899332862102,0.6543630115308179,0.5977407786184263,0.22896747749452426,0.4517781206171493,P7,0.23769755548230903,0.09651829540194343,0.23769755548230903,1,P4,True,0.9676820400123441,1.0,1.0,0.9623872130204203,1.0,1.0
P27 omitted; raw RCADS scores,Angry Neutral,PO,Panic Disorder,Panic Disorder Raw,13,0.30903780982845525,-0.2915997192625508,0.7348895755472196,0.3042268620765279,0.43487885627537576,0.13752205348957283,P8,0.23307597119176593,0.23307597119176593,0.37930221580536166,1,P4,True,0.9590339049263785,1.0,1.0,0.8900210268560816,1.0,1.0
P27 omitted; raw RCADS scores,Angry Neutral,PO,Major Depression,Major Depression Raw,13,0.12855543024959978,-0.4546324681352528,0.6345912668597895,0.6755424557806943,0.2124156116515466,0.48597727479107067,P7,0.26365040485907487,0.05088108300743798,0.26365040485907487,1,P4,True,0.9783167554895935,1.0,1.0,0.9623872130204203,1.0,1.0
P27 omitted; raw RCADS scores,Angry Neutral,PO,Separation Anxiety,Separation Anxiety Raw,13,0.2601269932655145,-0.3395204706663102,0.7094321207815024,0.3907175168218579,0.1275406919721442,0.677979279488085,P7,0.4038680921847775,0.13438311184222185,0.4038680921847775,1,P4,True,0.9590339049263785,1.0,1.0,0.9623872130204203,1.0,1.0
P27 omitted; raw RCADS scores,Angry Neutral,PO,Generalized Anxiety,Generalized Anxiety Raw,13,0.07663070524349308,-0.49526590825577815,0.6021901006318437,0.8034994870581441,0.19024123764163436,0.5335882464483502,P7,0.21760084427877674,-0.04929337249194847,0.21760084427877674,1,P4,True,0.9783167554895935,1.0,1.0,0.9623872130204203,1.0,1.0
P27 omitted; raw RCADS scores,Angry Neutral,PO,Obsessive Compulsive,Obsessive Compulsive Raw,13,0.02667937314515909,-0.5321281825664398,0.5692960559153009,0.9310567789208964,-0.11700299197190685,0.7034517107925405,P4,-0.1775697482370158,-0.1775697482370158,0.09560270279353317,1,P4,True,0.9898390993629275,1.0,1.0,0.9623872130204203,1.0,1.0
P27 omitted; raw RCADS scores,Angry Neutral,CP,Social Phobia,Social Phobia Raw,13,0.22150850310386752,-0.3752787993820563,0.688467742637077,0.4670433084145473,0.06344881906474768,0.836851263546061,P8,0.09582311281911592,0.09582311281911592,0.3130367933120645,2,P11; P4,True,0.9631548202477633,1.0,1.0,0.9682640307581885,1.0,1.0
P27 omitted; raw RCADS scores,Angry Neutral,CP,Panic Disorder,Panic Disorder Raw,13,0.371916446718538,-0.2252213198308401,0.7659441033915612,0.21081019685473842,0.266538653846198,0.3787143022821444,P8,0.11252569589356978,0.11252569589356978,0.4833266139119258,2,P11; P4,True,0.9590339049263785,1.0,1.0,0.9303286289424064,1.0,1.0
P27 omitted; raw RCADS scores,Angry Neutral,CP,Major Depression,Major Depression Raw,13,0.2576044117377637,-0.3419103632564034,0.7080865657748868,0.3954935529837614,0.31724409532373843,0.29088462616813887,P8,0.1187722931869001,0.1187722931869001,0.39310497876304545,2,P11; P4,True,0.9631548202477633,1.0,1.0,0.9076733903401669,1.0,1.0
P27 omitted; raw RCADS scores,Angry Neutral,CP,Separation Anxiety,Separation Anxiety Raw,13,0.2857034025730333,-0.31484415488457335,0.7228921903097438,0.34401940999965136,0.2239047703510976,0.4621127433167901,P8,0.08446309913873444,0.08446309913873444,0.4171663238407375,2,P11; P4,True,0.9590339049263785,1.0,1.0,0.9623872130204203,1.0,1.0
P27 omitted; raw RCADS scores,Angry Neutral,CP,Generalized Anxiety,Generalized Anxiety Raw,13,0.2955257930416813,-0.30514665049736506,0.7279747056236829,0.32693714933351165,0.19583656816050599,0.521387571967767,P8,0.09597543445300404,0.09597543445300404,0.4498317278369745,2,P11; P4,True,0.9590339049263785,1.0,1.0,0.9623872130204203,1.0,1.0
P27 omitted; raw RCADS scores,Angry Neutral,CP,Obsessive Compulsive,Obsessive Compulsive Raw,13,0.40445294773648965,-0.1885503536755331,0.781322404094935,0.17044532249180358,0.3342942627768767,0.2642624483801814,P11,0.12929844914530864,0.12929844914530864,0.4884056407983684,2,P11; P4,True,0.9590339049263785,1.0,1.0,0.9076733903401669,1.0,1.0
P27 omitted; raw RCADS scores,Neutral Angry,LOT,Social Phobia,Social Phobia Raw,34,0.015393691522857869,-0.3244610264419902,0.3517284252136549,0.9311425241114945,0.20531761027256623,0.2440681854849275,P25,0.3853757799315327,-0.04090676404216222,0.3853757799315327,1,P25,False,0.9898390993629275,1.0,1.0,0.9076733903401669,1.0,1.0
P27 omitted; raw RCADS scores,Neutral Angry,LOT,Panic Disorder,Panic Disorder Raw,34,0.1545485416459072,-0.19374273559446004,0.46824247559359244,0.3828167756976683,0.19403361680921574,0.27151838005003376,P25,0.2557053473506847,0.07739417309197516,0.2557053473506847,1,P25,False,0.9590339049263785,1.0,1.0,0.9076733903401669,1.0,1.0
P27 omitted; raw RCADS scores,Neutral Angry,LOT,Major Depression,Major Depression Raw,34,0.2004665093595793,-0.14771276944341188,0.5044360356878637,0.2556325714887401,0.09518803260821589,0.5923079102760771,P25,-0.0011073415121949128,-0.0011073415121949128,0.23759300571254113,1,P25,False,0.9590339049263785,1.0,1.0,0.9623872130204203,1.0,1.0
P27 omitted; raw RCADS scores,Neutral Angry,LOT,Separation Anxiety,Separation Anxiety Raw,34,0.31313253389011664,-0.027997878183962994,0.5889354547267274,0.07135368371376774,0.2953196143114239,0.08995420787067084,P10,0.3661245327447849,0.2766377719671237,0.3661245327447849,1,P25,False,0.9590339049263785,1.0,1.0,0.7473118807717269,1.0,1.0
P27 omitted; raw RCADS scores,Neutral Angry,LOT,Generalized Anxiety,Generalized Anxiety Raw,34,0.2409215841308931,-0.10586944726949715,0.5354624019211212,0.1698851884280474,0.1457530587032336,0.4107947963143106,P16,0.19217362612590116,0.19217362612590116,0.2888424078743446,1,P25,False,0.9590339049263785,1.0,1.0,0.9548697227911611,1.0,1.0
P27 omitted; raw RCADS scores,Neutral Angry,LOT,Obsessive Compulsive,Obsessive Compulsive Raw,34,0.20563842127964918,-0.14243197609014463,0.5084467995828472,0.24331595635467557,0.21534800708973267,0.22128097256745768,P30,0.2884165659480928,0.16804994683231506,0.2884165659480928,1,P25,False,0.9590339049263785,1.0,1.0,0.8943901645440587,1.0,1.0
P27 omitted; raw RCADS scores,Neutral Angry,ROT,Social Phobia,Social Phobia Raw,34,0.1167309567985236,-0.23053497181268592,0.43762179432259835,0.5108937761613284,0.1424965504130497,0.4214394146886915,P24,0.20556335430485695,0.05404493721331504,0.20556335430485695,0,,False,0.9631548202477633,1.0,1.0,0.9548697227911611,1.0,1.0
P27 omitted; raw RCADS scores,Neutral Angry,ROT,Panic Disorder,Panic Disorder Raw,34,0.07008196548399856,-0.2745913597936678,0.39879645953472725,0.6936959357847134,0.2218409822755046,0.20732978007251174,P8,0.26106778910691525,0.023679473174557278,0.26106778910691525,0,,False,0.9783167554895935,1.0,1.0,0.8930656854473417,1.0,1.0
P27 omitted; raw RCADS scores,Neutral Angry,ROT,Major Depression,Major Depression Raw,34,0.08832990408699247,-0.2575281978385154,0.4141256102872752,0.6193616285527277,0.07369396072894133,0.6787297631633018,P26,-0.009119230234630606,-0.009119230234630606,0.1613259394585824,0,,False,0.9741415905392415,1.0,1.0,0.9623872130204203,1.0,1.0
P27 omitted; raw RCADS scores,Neutral Angry,ROT,Separation Anxiety,Separation Anxiety Raw,34,0.09305077358047882,-0.2530784369061653,0.4180615055341239,0.6006834561735371,0.04776771422213231,0.788494541474696,P14,-0.024324856909593295,-0.024324856909593295,0.2097491294015628,0,,False,0.9676820400123441,1.0,1.0,0.9678761630979387,1.0,1.0
P27 omitted; raw RCADS scores,Neutral Angry,ROT,Generalized Anxiety,Generalized Anxiety Raw,34,0.10233725181392839,-0.24428231112753276,0.425768404381385,0.5646698818773818,0.10413143153638664,0.5578277963542376,P24,0.19051666086169397,0.028871579602458168,0.19051666086169397,0,,False,0.9676820400123441,1.0,1.0,0.9623872130204203,1.0,1.0
P27 omitted; raw RCADS scores,Neutral Angry,ROT,Obsessive Compulsive,Obsessive Compulsive Raw,34,0.003324902249807086,-0.3352177034364137,0.3411070700781713,0.9851105877946047,-0.015692747991387444,0.9298080756363207,P24,0.08055867082180332,-0.05864901519726003,0.08055867082180332,0,,False,0.9898390993629275,1.0,1.0,0.9686746511452344,1.0,1.0
P27 omitted; raw RCADS scores,Neutral Angry,O,Social Phobia,Social Phobia Raw,34,0.017135994300447686,-0.3229008509810325,0.3532546499878381,0.9233707336272148,-0.02114464941612995,0.9055171366734227,P4,-0.04222314936960529,-0.04222314936960529,0.07092201788793293,2,P29; P4,False,0.9898390993629275,1.0,1.0,0.9682640307581885,1.0,1.0
P27 omitted; raw RCADS scores,Neutral Angry,O,Panic Disorder,Panic Disorder Raw,34,0.047181087544721216,-0.2957025518413145,0.3792951219104631,0.7910342590482986,-0.0948540133127854,0.5936135050455114,P4,-0.17116788894865329,-0.17116788894865329,0.09946598497517942,2,P29; P4,False,0.9783167554895935,1.0,1.0,0.9623872130204203,1.0,1.0
P27 omitted; raw RCADS scores,Neutral Angry,O,Major Depression,Major Depression Raw,34,-0.0427887446274296,-0.3755207747159679,0.2997137163059024,0.8101157720380763,-0.13188148388783458,0.4571865592951925,P4,-0.15041953560686158,-0.15041953560686158,-0.007360591203747399,2,P29; P4,False,0.9783167554895935,1.0,1.0,0.9623872130204203,1.0,1.0
P27 omitted; raw RCADS scores,Neutral Angry,O,Separation Anxiety,Separation Anxiety Raw,34,0.09767047481780265,-0.24870981049473415,0.42190127776302877,0.5826442650298507,-0.029407485302876245,0.8688689810775205,P4,0.024018973562853388,0.024018973562853388,0.1273439417771384,2,P29; P4,False,0.9676820400123441,1.0,1.0,0.9682640307581885,1.0,1.0
P27 omitted; raw RCADS scores,Neutral Angry,O,Generalized Anxiety,Generalized Anxiety Raw,34,-0.05834037538803256,-0.3888348613784386,0.2854570221532223,0.7431120057590818,-0.11171306622477141,0.5293475164323064,P16,-0.19172782389496923,-0.19172782389496923,0.04285138534823559,2,P29; P4,False,0.9783167554895935,1.0,1.0,0.9623872130204203,1.0,1.0
P27 omitted; raw RCADS scores,Neutral Angry,O,Obsessive Compulsive,Obsessive Compulsive Raw,34,-0.134469752454948,-0.4520780776314892,0.21339989074485233,0.44832407895062204,-0.24331528073774988,0.16555347710045892,P4,-0.2882328824265067,-0.2882328824265067,-0.04063854585407736,2,P29; P4,False,0.9631548202477633,1.0,1.0,0.8900210268560816,1.0,1.0
P27 omitted; raw RCADS scores,Neutral Angry,Frontal,Social Phobia,Social Phobia Raw,34,-0.008817402589512423,-0.34595156157311685,0.3303332640052267,0.9605275080516149,0.04336185351278824,0.8076196774354554,P1,0.08076987093704191,-0.04505859546888753,0.08076987093704191,2,P1; P16,False,0.9898390993629275,1.0,1.0,0.9678761630979387,1.0,1.0
P27 omitted; raw RCADS scores,Neutral Angry,Frontal,Panic Disorder,Panic Disorder Raw,34,0.05694785269838376,-0.2867398261547906,0.38764829305739845,0.7490445579034818,0.170860812253975,0.3339714568885561,P1,-0.026922111862813854,-0.026922111862813854,0.11848074699041483,2,P1; P16,False,0.9783167554895935,1.0,1.0,0.9303286289424064,1.0,1.0
P27 omitted; raw RCADS scores,Neutral Angry,Frontal,Major Depression,Major Depression Raw,34,0.12026551771940172,-0.2271377999271357,0.44051559049727307,0.4980901982466536,0.20066251390151316,0.25515841391586913,P25,0.09362865082067139,0.09362865082067139,0.14411884561689767,2,P1; P16,False,0.9631548202477633,1.0,1.0,0.9076733903401669,1.0,1.0
P27 omitted; raw RCADS scores,Neutral Angry,Frontal,Separation Anxiety,Separation Anxiety Raw,34,0.15392811491019595,-0.19435435024516237,0.46774612601375853,0.3847530437757,0.09289031071860908,0.601314333521157,P14,0.10336702470187983,0.10336702470187983,0.19888718996227855,2,P1; P16,False,0.9590339049263785,1.0,1.0,0.9623872130204203,1.0,1.0
P27 omitted; raw RCADS scores,Neutral Angry,Frontal,Generalized Anxiety,Generalized Anxiety Raw,34,0.13227402850363326,-0.21553255661906442,0.4502976686784924,0.4558364535024229,0.1989792287604654,0.259249466915563,P1,0.34032086142016515,0.007627574015792312,0.34032086142016515,2,P1; P16,False,0.9631548202477633,1.0,1.0,0.9076733903401669,1.0,1.0
P27 omitted; raw RCADS scores,Neutral Angry,Frontal,Obsessive Compulsive,Obsessive Compulsive Raw,34,0.15426770347230237,-0.1940196184916627,0.4680178258686182,0.38369252832563444,0.06385860816297267,0.7197482288203914,P1,-0.004286268627622391,-0.004286268627622391,0.22252914941008015,2,P1; P16,False,0.9590339049263785,1.0,1.0,0.9639277691429248,1.0,1.0
P27 omitted; raw RCADS scores,Neutral Angry,PO,Social Phobia,Social Phobia Raw,34,0.2678611616105207,-0.07730712834464305,0.5556915126434142,0.1256194877526452,0.17819729906492127,0.31331334943715733,P13,0.1952934484452079,0.1952934484452079,0.31228414119241443,2,P16; P4,False,0.9590339049263785,1.0,1.0,0.9303286289424064,1.0,1.0
P27 omitted; raw RCADS scores,Neutral Angry,PO,Panic Disorder,Panic Disorder Raw,34,0.15489171967667742,-0.1934043154796166,0.4685169375384923,0.3817482103571461,0.1356381493300091,0.44435403275124397,P13,0.05125313996260973,0.05125313996260973,0.24520918436068237,2,P16; P4,False,0.9590339049263785,1.0,1.0,0.9623872130204203,1.0,1.0
P27 omitted; raw RCADS scores,Neutral Angry,PO,Major Depression,Major Depression Raw,34,0.1703769870323823,-0.17804700503619308,0.48083884103417235,0.33536254984438296,0.22277070212019554,0.2053830494407186,P13,0.10085466586739847,0.10085466586739847,0.22829045180782812,2,P16; P4,False,0.9590339049263785,1.0,1.0,0.8930656854473417,1.0,1.0
P27 omitted; raw RCADS scores,Neutral Angry,PO,Separation Anxiety,Separation Anxiety Raw,34,0.20444576711455367,-0.1436514989384245,0.5075230727804116,0.24612030915317876,0.11358446704285532,0.5224277253778664,P13,0.13461885159737008,0.13461885159737008,0.23901376199281466,2,P16; P4,False,0.9590339049263785,1.0,1.0,0.9623872130204203,1.0,1.0
P27 omitted; raw RCADS scores,Neutral Angry,PO,Generalized Anxiety,Generalized Anxiety Raw,34,0.32969156037955166,-0.00953747383400765,0.6008664331663209,0.056892867658363926,0.17050941686938795,0.3349814352567373,P16,0.12448109073156272,0.12448109073156272,0.4187351272325066,2,P16; P4,False,0.9590339049263785,1.0,1.0,0.9303286289424064,1.0,1.0
P27 omitted; raw RCADS scores,Neutral Angry,PO,Obsessive Compulsive,Obsessive Compulsive Raw,34,0.027554791392002297,-0.3135324281685666,0.3623441355103005,0.8770656623869468,0.02252919266090277,0.8993608189363955,P30,0.1269543845754939,-0.056480647723286405,0.1269543845754939,2,P16; P4,False,0.9898390993629275,1.0,1.0,0.9682640307581885,1.0,1.0
P27 omitted; raw RCADS scores,Neutral Angry,CP,Social Phobia,Social Phobia Raw,34,-0.18875089817600701,-0.4953019297550058,0.15960205146687287,0.2850350965839218,-0.15490754028773465,0.38169899122619977,P25,-0.0054932218103434585,-0.25445848451038894,-0.0054932218103434585,1,P25,False,0.9590339049263785,1.0,1.0,0.9303286289424064,1.0,1.0
P27 omitted; raw RCADS scores,Neutral Angry,CP,Panic Disorder,Panic Disorder Raw,34,0.04441182584271013,-0.2982328993428481,0.3769167777468083,0.8030515233868274,0.012667799823531601,0.9433140406948932,P35,0.09492993140109521,0.006709264534382117,0.09492993140109521,1,P25,False,0.9783167554895935,1.0,1.0,0.970265870429033,1.0,1.0
P27 omitted; raw RCADS scores,Neutral Angry,CP,Major Depression,Major Depression Raw,34,0.23566443446883317,-0.11137732640228379,0.5314749641074009,0.1796813144143841,0.10102213783259041,0.5697093397656374,P25,0.06894700771678464,0.06894700771678464,0.2794224755538662,1,P25,False,0.9590339049263785,1.0,1.0,0.9623872130204203,1.0,1.0
P27 omitted; raw RCADS scores,Neutral Angry,CP,Separation Anxiety,Separation Anxiety Raw,34,0.18658465232306795,-0.16178939458965416,0.4936055528456751,0.29070088433627306,0.01913820472091946,0.9144482257843296,P25,0.09436272931037469,0.09436272931037469,0.23770171887915004,1,P25,False,0.9590339049263785,1.0,1.0,0.9686217412010679,1.0,1.0
P27 omitted; raw RCADS scores,Neutral Angry,CP,Generalized Anxiety,Generalized Anxiety Raw,34,0.2316521408582447,-0.11556668174575066,0.5284228771437345,0.18742203286796605,0.0798392550858477,0.6535446207363144,P29,0.1800579989523708,0.1800579989523708,0.2647852998939633,1,P25,False,0.9590339049263785,1.0,1.0,0.9623872130204203,1.0,1.0
P27 omitted; raw RCADS scores,Neutral Angry,CP,Obsessive Compulsive,Obsessive Compulsive Raw,34,0.17047279641651142,-0.17795145606450655,0.4809146984721098,0.335086797221338,0.0685198204376422,0.7002044413747769,P30,0.25213830768887285,0.11396724546598683,0.25213830768887285,1,P25,False,0.9590339049263785,1.0,1.0,0.9623872130204203,1.0,1.0
P27 omitted; raw RCADS scores,Neutral Fear,LOT,Social Phobia,Social Phobia Raw,12,-0.13588560060925864,-0.6584388837148191,0.475063854938359,0.6736914374580669,-0.23198916471871645,0.46812290808050794,P4,-0.3879235414402624,-0.3879235414402624,0.02579081648059671,1,P4,True,0.9783167554895935,1.0,1.0,0.9623872130204203,1.0,1.0
P27 omitted; raw RCADS scores,Neutral Fear,LOT,Panic Disorder,Panic Disorder Raw,12,-0.06404794738644405,-0.6153316820365757,0.5293096200806697,0.8432409225888438,-0.07858947414494157,0.8081800831673069,P4,-0.4051172915995069,-0.4051172915995069,0.03570710458834639,1,P4,True,0.9898390993629275,1.0,1.0,0.9678761630979387,1.0,1.0
P27 omitted; raw RCADS scores,Neutral Fear,LOT,Major Depression,Major Depression Raw,12,0.07822713264177496,-0.5189736387277407,0.6241095523167045,0.8090500561238277,0.15789570881006337,0.624058791982212,P6,0.2938561377693162,-0.07363781798850502,0.2938561377693162,1,P4,True,0.9783167554895935,1.0,1.0,0.9623872130204203,1.0,1.0
P27 omitted; raw RCADS scores,Neutral Fear,LOT,Separation Anxiety,Separation Anxiety Raw,12,0.025107800810492825,-0.5568172224536421,0.5905006532885336,0.9382631776083619,0.05448604760692157,0.8664425825131126,P4,-0.24072110948622757,-0.24072110948622757,0.1260835719665442,1,P4,True,0.9898390993629275,1.0,1.0,0.9682640307581885,1.0,1.0
P27 omitted; raw RCADS scores,Neutral Fear,LOT,Generalized Anxiety,Generalized Anxiety Raw,12,-0.0627457787672874,-0.6145186386586727,0.5302500931383124,0.8463942676740661,-0.05715598119632114,0.8599535708470559,P6,0.12693067347515774,-0.1767973080850629,0.12693067347515774,1,P4,True,0.9898390993629275,1.0,1.0,0.9682640307581885,1.0,1.0
P27 omitted; raw RCADS scores,Neutral Fear,LOT,Obsessive Compulsive,Obsessive Compulsive Raw,12,0.34750702245300796,-0.28279346450020126,0.7682023292273966,0.2683803222574707,0.20961825945737042,0.5131944347221986,P11,-0.05742067379634501,-0.05742067379634501,0.4790562847012392,1,P4,True,0.9590339049263785,1.0,1.0,0.9623872130204203,1.0,1.0
P27 omitted; raw RCADS scores,Neutral Fear,ROT,Social Phobia,Social Phobia Raw,12,0.19481461892547539,-0.4268057719252351,0.6914131827295636,0.5440203144978446,0.09490465829402037,0.7692277286152034,P12,-0.04778082576125485,-0.04778082576125485,0.2957752225235839,2,P10; P12,True,0.9631548202477633,1.0,1.0,0.9660069150051391,1.0,1.0
P27 omitted; raw RCADS scores,Neutral Fear,ROT,Panic Disorder,Panic Disorder Raw,12,0.020625830991068423,-0.5599034741693314,0.5875722392097262,0.9492699001464008,0.15717894828988313,0.6256539998524266,P12,-0.15917907112394514,-0.15917907112394514,0.1413696697605111,2,P10; P12,True,0.9898390993629275,1.0,1.0,0.9623872130204203,1.0,1.0
P27 omitted; raw RCADS scores,Neutral Fear,ROT,Major Depression,Major Depression Raw,12,0.6585153392159105,0.1360180888432289,0.8944018933753942,0.01988695282291561,0.547371790541553,0.06546973184199861,P12,0.5392133819087597,0.5392133819087597,0.7473685124623162,2,P10; P12,True,0.9590339049263785,1.0,1.0,0.6842642940905662,1.0,1.0
P27 omitted; raw RCADS scores,Neutral Fear,ROT,Separation Anxiety,Separation Anxiety Raw,12,0.39835146797819254,-0.2275777296549076,0.7913410139202933,0.19964349499912654,0.3450783015105033,0.2719659845131727,P10,0.19440578003810446,0.19440578003810446,0.471478528910516,2,P10; P12,True,0.9590339049263785,1.0,1.0,0.9076733903401669,1.0,1.0
P27 omitted; raw RCADS scores,Neutral Fear,ROT,Generalized Anxiety,Generalized Anxiety Raw,12,0.46072482186475733,-0.15385867938064496,0.8182676896782828,0.1317175912442586,0.39294737072470787,0.20637458567536884,P12,0.321699260626504,0.321699260626504,0.5120589321290974,2,P10; P12,True,0.9590339049263785,1.0,1.0,0.8930656854473417,1.0,1.0
P27 omitted; raw RCADS scores,Neutral Fear,ROT,Obsessive Compulsive,Obsessive Compulsive Raw,12,0.534239315507375,-0.057199809152693695,0.8481097872796218,0.07356958681829782,0.29133385212719276,0.3582299081315814,P12,0.4198231761530485,0.4198231761530485,0.6073061604347119,2,P10; P12,True,0.9590339049263785,1.0,1.0,0.9303286289424064,1.0,1.0
P27 omitted; raw RCADS scores,Neutral Fear,O,Social Phobia,Social Phobia Raw,12,0.19633395095172024,-0.4255129178503277,0.6922368330965485,0.5408213968878653,0.24604911409560837,0.4407782800181316,P3,0.3731636503436565,0.055866608466217604,0.3731636503436565,3,P12; P3; P4,True,0.9631548202477633,1.0,1.0,0.9623872130204203,1.0,1.0
P27 omitted; raw RCADS scores,Neutral Fear,O,Panic Disorder,Panic Disorder Raw,12,0.29404430783721114,-0.3366714611875145,0.7426259384005783,0.35356803808681,0.41438086367332827,0.1804791370028295,P4,0.1559241982395074,0.1559241982395074,0.37223787669615804,3,P12; P3; P4,True,0.9590339049263785,1.0,1.0,0.8900210268560816,1.0,1.0
P27 omitted; raw RCADS scores,Neutral Fear,O,Major Depression,Major Depression Raw,12,0.3098164969189166,-0.32119492269046296,0.750309875372188,0.32708774711064464,0.42105522349350233,0.17285123521648893,P12,0.13854314332287018,0.13854314332287018,0.4289284468562117,3,P12; P3; P4,True,0.9590339049263785,1.0,1.0,0.8900210268560816,1.0,1.0
P27 omitted; raw RCADS scores,Neutral Fear,O,Separation Anxiety,Separation Anxiety Raw,12,0.33293975442749285,-0.29787899042263655,0.7613640011658039,0.29029664440792924,0.3850347364222458,0.21647665848629,P4,0.23798969256062275,0.23798969256062275,0.418837406939527,3,P12; P3; P4,True,0.9590339049263785,1.0,1.0,0.8930656854473417,1.0,1.0
P27 omitted; raw RCADS scores,Neutral Fear,O,Generalized Anxiety,Generalized Anxiety Raw,12,0.2196166474602788,-0.40537816411759153,0.7046991473298867,0.49281918934088903,0.2929244036311459,0.35549030294524187,P12,0.0752173017926227,0.0752173017926227,0.3287544077454001,3,P12; P3; P4,True,0.9631548202477633,1.0,1.0,0.9303286289424064,1.0,1.0
P27 omitted; raw RCADS scores,Neutral Fear,O,Obsessive Compulsive,Obsessive Compulsive Raw,12,0.19341374321191504,-0.42799558005559435,0.6906526035425372,0.5469768114987298,0.09947985194587068,0.758387979798574,P12,0.038522591379883925,0.038522591379883925,0.31119926989829905,3,P12; P3; P4,True,0.9631548202477633,1.0,1.0,0.9639277691429248,1.0,1.0
P27 omitted; raw RCADS scores,Neutral Fear,Frontal,Social Phobia,Social Phobia Raw,12,-0.017108426642852448,-0.5852636015450149,0.5623143035625862,0.9579136581904,-0.04569483547489869,0.8878603475218254,P3,-0.10339687327323054,-0.10339687327323054,0.04907753407414352,1,P1,True,0.9898390993629275,1.0,1.0,0.9682640307581885,1.0,1.0
P27 omitted; raw RCADS scores,Neutral Fear,Frontal,Panic Disorder,Panic Disorder Raw,12,0.03607596193017669,-0.5491962431444896,0.5976047388233564,0.9113731932238043,0.032150239422930646,0.9209892103161883,P1,-0.21655981655747267,-0.21655981655747267,0.08640842410008147,1,P1,True,0.9898390993629275,1.0,1.0,0.9686217412010679,1.0,1.0
P27 omitted; raw RCADS scores,Neutral Fear,Frontal,Major Depression,Major Depression Raw,12,0.22909839841311486,-0.39700086963546544,0.7096900140350455,0.4738408094052822,0.3087738305619017,0.328803940100449,P10,0.11900006948690248,0.11900006948690248,0.33166839639736406,1,P1,True,0.9631548202477633,1.0,1.0,0.9303286289424064,1.0,1.0
P27 omitted; raw RCADS scores,Neutral Fear,Frontal,Separation Anxiety,Separation Anxiety Raw,12,0.28072832962933836,-0.3494778123011045,0.7360453540806684,0.37678006020232946,0.25790062533942876,0.4183441807507613,P1,0.1540333299381214,0.1540333299381214,0.33894781575324423,1,P1,True,0.9590339049263785,1.0,1.0,0.9548697227911611,1.0,1.0
P27 omitted; raw RCADS scores,Neutral Fear,Frontal,Generalized Anxiety,Generalized Anxiety Raw,12,0.054190788109982145,-0.5363927401664924,0.6091477983824559,0.8671606537940044,0.08573397179448171,0.791068173425039,P6,0.135207233552165,0.005966133327231178,0.135207233552165,1,P1,True,0.9898390993629275,1.0,1.0,0.9678761630979387,1.0,1.0
P27 omitted; raw RCADS scores,Neutral Fear,Frontal,Obsessive Compulsive,Obsessive Compulsive Raw,12,0.4317850530070306,-0.18893508155860236,0.8059664570858593,0.16101903187631747,0.4263422226251601,0.16695490122882664,P1,0.25857476401697255,0.25857476401697255,0.5022938566489769,1,P1,True,0.9590339049263785,1.0,1.0,0.8900210268560816,1.0,1.0
P27 omitted; raw RCADS scores,Neutral Fear,PO,Social Phobia,Social Phobia Raw,12,0.08450632910802758,-0.514339908836732,0.6279532682472476,0.7940027126380966,-0.08084470891712846,0.8027698378138916,P4,-0.12765293613176948,-0.12765293613176948,0.2322477873222126,1,P4,True,0.9783167554895935,1.0,1.0,0.9678761630979387,1.0,1.0
P27 omitted; raw RCADS scores,Neutral Fear,PO,Panic Disorder,Panic Disorder Raw,12,0.11340335067460441,-0.49255490510682765,0.6453068696051373,0.7256517786710646,0.0250057417733905,0.9385137083556261,P4,-0.27764265843482117,-0.27764265843482117,0.2600823448254779,1,P4,True,0.9783167554895935,1.0,1.0,0.970265870429033,1.0,1.0
P27 omitted; raw RCADS scores,Neutral Fear,PO,Major Depression,Major Depression Raw,12,0.035642565917133606,-0.5494992372465185,0.5973256910615821,0.912434278326639,-0.14386053469361332,0.6555573554233827,P4,-0.11966855214129785,-0.11966855214129785,0.18532835280574148,1,P4,True,0.9898390993629275,1.0,1.0,0.9623872130204203,1.0,1.0
P27 omitted; raw RCADS scores,Neutral Fear,PO,Separation Anxiety,Separation Anxiety Raw,12,0.0766699676093644,-0.5201173421367864,0.6231522509677757,0.8127910193033294,-0.10533969204004837,0.7445629420666982,P4,-0.3193126632880132,-0.3193126632880132,0.15293689861708137,1,P4,True,0.9783167554895935,1.0,1.0,0.9639277691429248,1.0,1.0
P27 omitted; raw RCADS scores,Neutral Fear,PO,Generalized Anxiety,Generalized Anxiety Raw,12,-0.005811975497100393,-0.577786384787875,0.5699908472024185,0.9856977357155755,-0.0893062206192518,0.7825433987511011,P6,0.13926663114381005,-0.1145874142125066,0.13926663114381005,1,P4,True,0.9898390993629275,1.0,1.0,0.9678761630979387,1.0,1.0
P27 omitted; raw RCADS scores,Neutral Fear,PO,Obsessive Compulsive,Obsessive Compulsive Raw,12,0.17251365941884217,-0.4454945302969561,0.6791731492049118,0.5918562964953115,0.09947985194587068,0.758387979798574,P11,-0.014443555687212915,-0.014443555687212915,0.26906163952995626,1,P4,True,0.9676820400123441,1.0,1.0,0.9639277691429248,1.0,1.0
P27 omitted; raw RCADS scores,Neutral Fear,CP,Social Phobia,Social Phobia Raw,12,-0.09648817584696003,-0.6352149431518027,0.5053998144487526,0.7654715944868963,0.04920982281912167,0.8792878666162606,P12,-0.3827926610988009,-0.3827926610988009,0.15459653647819424,2,P12; P13,True,0.9783167554895935,1.0,1.0,0.9682640307581885,1.0,1.0
P27 omitted; raw RCADS scores,Neutral Fear,CP,Panic Disorder,Panic Disorder Raw,12,-0.16152600876691126,-0.6730370645722155,0.45450856976006065,0.616002126271141,0.014288995299080285,0.9648452467916077,P13,0.08270619212952257,-0.35730745848916595,0.08270619212952257,2,P12; P13,True,0.9741415905392415,1.0,1.0,0.98048467573849,1.0,1.0
P27 omitted; raw RCADS scores,Neutral Fear,CP,Major Depression,Major Depression Raw,12,0.0241748734785843,-0.5574609562716223,0.589892324974619,0.9405534816965675,0.18947485057207605,0.5553252966401302,P12,-0.3271650010658799,-0.3271650010658799,0.32800874585249085,2,P12; P13,True,0.9898390993629275,1.0,1.0,0.9623872130204203,1.0,1.0
P27 omitted; raw RCADS scores,Neutral Fear,CP,Separation Anxiety,Separation Anxiety Raw,12,-0.03856967308693512,-0.599207708965625,0.5474498547179331,0.9052704615487119,0.14529612695179087,0.6523107127393395,P13,0.15156190435853212,-0.2262904704038068,0.15156190435853212,2,P12; P13,True,0.9898390993629275,1.0,1.0,0.9623872130204203,1.0,1.0
P27 omitted; raw RCADS scores,Neutral Fear,CP,Generalized Anxiety,Generalized Anxiety Raw,12,-0.008663540419848162,-0.5796829622327258,0.5680624945939983,0.9786817020154913,0.07144497649540144,0.8253695092405586,P6,0.2898641034131747,-0.28248480276210336,0.2898641034131747,2,P12; P13,True,0.9898390993629275,1.0,1.0,0.9678761630979387,1.0,1.0
P27 omitted; raw RCADS scores,Neutral Fear,CP,Obsessive Compulsive,Obsessive Compulsive Raw,12,0.20772661784582894,-0.4157369281730649,0.6983720598450734,0.5170902530282616,0.34107377810012807,0.2779379007960623,P12,-0.005966507812910613,-0.005966507812910613,0.3885844326407022,2,P12; P13,True,0.9631548202477633,1.0,1.0,0.9076733903401669,1.0,1.0
P27 omitted; raw RCADS scores,Neutral Happy,LOT,Social Phobia,Social Phobia Raw,34,0.17514552939576233,-0.17328343603216054,0.4846087199585738,0.32180710730241147,0.1881567353841129,0.2865819935010874,P20,0.03980296940233653,0.03980296940233653,0.22357262721001753,3,P4; P7; P20,False,0.9590339049263785,1.0,1.0,0.9076733903401669,1.0,1.0
P27 omitted; raw RCADS scores,Neutral Happy,LOT,Panic Disorder,Panic Disorder Raw,34,0.25107399643627654,-0.09517226562589556,0.5431258075113637,0.15205778343245516,0.3681386217009245,0.032179008456198595,P7,0.3087390492216502,0.19972513411160295,0.3087390492216502,3,P4; P7; P20,False,0.9590339049263785,1.0,1.0,0.6146025573971836,1.0,1.0
P27 omitted; raw RCADS scores,Neutral Happy,LOT,Major Depression,Major Depression Raw,34,-0.141789363957753,-0.4579949812371908,0.20626645962465795,0.42377119323031687,-0.12128797703304928,0.4944170155038625,P7,-0.07081452730230185,-0.1733622335886124,-0.07081452730230185,3,P4; P7; P20,False,0.9631548202477633,1.0,1.0,0.9623872130204203,1.0,1.0
P27 omitted; raw RCADS scores,Neutral Happy,LOT,Separation Anxiety,Separation Anxiety Raw,34,0.13048185861348435,-0.2172708021149339,0.4488426057690929,0.46201774697570797,-0.044500215855146054,0.8026672516533758,P20,-0.02311093885102318,-0.02311093885102318,0.2071704720453208,3,P4; P7; P20,False,0.9631548202477633,1.0,1.0,0.9678761630979387,1.0,1.0
P27 omitted; raw RCADS scores,Neutral Happy,LOT,Generalized Anxiety,Generalized Anxiety Raw,34,-0.02712146792906449,-0.3619673637736523,0.3139233938776174,0.8789846150423554,0.012687633560154092,0.9432254312312834,P20,-0.18121310571139385,-0.18121310571139385,0.06929427566913397,3,P4; P7; P20,False,0.9898390993629275,1.0,1.0,0.970265870429033,1.0,1.0
P27 omitted; raw RCADS scores,Neutral Happy,LOT,Obsessive Compulsive,Obsessive Compulsive Raw,34,0.1739420234562835,-0.17448722675794343,0.48365834447168904,0.32519570203310366,0.1563059849439185,0.37736298452091865,P20,0.07097942401060066,0.07097942401060066,0.21835570151836842,3,P4; P7; P20,False,0.9590339049263785,1.0,1.0,0.9303286289424064,1.0,1.0
P27 omitted; raw RCADS scores,Neutral Happy,ROT,Social Phobia,Social Phobia Raw,34,0.08014566458382,-0.2652078322199921,0.4072732334999989,0.6522983668956408,0.058224396942966536,0.7436055588461896,P20,-0.06195145213123254,-0.06195145213123254,0.1697403028279667,2,P24; P20,False,0.9783167554895935,1.0,1.0,0.9639277691429248,1.0,1.0
P27 omitted; raw RCADS scores,Neutral Happy,ROT,Panic Disorder,Panic Disorder Raw,34,-0.040002325363375724,-0.3731206652188955,0.302252061144755,0.8222774221223454,0.02363626064634555,0.894442412362757,P20,-0.19378365889602173,-0.19378365889602173,0.08226138207440098,2,P24; P20,False,0.9801959296482909,1.0,1.0,0.9682640307581885,1.0,1.0
P27 omitted; raw RCADS scores,Neutral Happy,ROT,Major Depression,Major Depression Raw,34,-0.04935327516057078,-0.3811576105890756,0.29371439376427416,0.7816408522476062,-0.07707160059568446,0.6648428213461255,P26,-0.13746645494597548,-0.13746645494597548,0.011669601304556569,2,P24; P20,False,0.9783167554895935,1.0,1.0,0.9623872130204203,1.0,1.0
P27 omitted; raw RCADS scores,Neutral Happy,ROT,Separation Anxiety,Separation Anxiety Raw,34,-0.11219760912502866,-0.43390052103856785,0.23487975107933382,0.5275515959224341,-0.23728261950733479,0.1766243831048289,P20,-0.31309266207147146,-0.31309266207147146,-0.035425000335843226,2,P24; P20,False,0.9631548202477633,1.0,1.0,0.8900210268560816,1.0,1.0
P27 omitted; raw RCADS scores,Neutral Happy,ROT,Generalized Anxiety,Generalized Anxiety Raw,34,-0.013037211842038418,-0.349661344307508,0.32656823957719017,0.94166376144787,-0.07891089165461691,0.6573261461591937,P20,-0.11466048630878274,-0.11466048630878274,0.06608806681146452,2,P24; P20,False,0.9898390993629275,1.0,1.0,0.9623872130204203,1.0,1.0
P27 omitted; raw RCADS scores,Neutral Happy,ROT,Obsessive Compulsive,Obsessive Compulsive Raw,34,0.016691836965942133,-0.32329875501508154,0.35286574627747347,0.9253513277857466,-0.0826588310041398,0.6421117303057526,P20,-0.12273433656408081,-0.12273433656408081,0.10721980338474735,2,P24; P20,False,0.9898390993629275,1.0,1.0,0.9623872130204203,1.0,1.0
P27 omitted; raw RCADS scores,Neutral Happy,O,Social Phobia,Social Phobia Raw,34,0.11762712522204438,-0.22967443795053705,0.4383561299590393,0.5076320817926467,0.14739965752403636,0.4054709601602532,P20,0.07553629091931274,0.07553629091931274,0.15268349801742653,4,P24; P29; P4; P20,False,0.9631548202477633,1.0,1.0,0.951975297767551,1.0,1.0
P27 omitted; raw RCADS scores,Neutral Happy,O,Panic Disorder,Panic Disorder Raw,34,0.23055108460882404,-0.116714171379134,0.5275839779128259,0.1895866213305117,0.32380132231856384,0.06174356120100031,P4,0.17898217939289907,0.17898217939289907,0.26857003201308155,4,P24; P29; P4; P20,False,0.9590339049263785,1.0,1.0,0.6842642940905662,1.0,1.0
P27 omitted; raw RCADS scores,Neutral Happy,O,Major Depression,Major Depression Raw,34,-0.0034476182924680163,-0.3412155043183218,0.33510877137719736,0.9845611110577372,-0.056805761395225605,0.7496507106138399,P4,-0.08088049907296267,-0.08088049907296267,0.0281414248604125,4,P24; P29; P4; P20,False,0.9898390993629275,1.0,1.0,0.9639277691429248,1.0,1.0
P27 omitted; raw RCADS scores,Neutral Happy,O,Separation Anxiety,Separation Anxiety Raw,34,0.0685452203623189,-0.2760184870917673,0.3974970779583633,0.7000984460466729,-0.07095139311170141,0.6900828244370166,P4,-0.03428539459832504,-0.03428539459832504,0.1067962395874998,4,P24; P29; P4; P20,False,0.9783167554895935,1.0,1.0,0.9623872130204203,1.0,1.0
P27 omitted; raw RCADS scores,Neutral Happy,O,Generalized Anxiety,Generalized Anxiety Raw,34,0.06320700940995033,-0.2809641400932692,0.392973125622718,0.7224945706675701,0.06173616817684736,0.7287063192664254,P29,-0.025865755291948202,-0.025865755291948202,0.11492090750904482,4,P24; P29; P4; P20,False,0.9783167554895935,1.0,1.0,0.9639277691429248,1.0,1.0
P27 omitted; raw RCADS scores,Neutral Happy,O,Obsessive Compulsive,Obsessive Compulsive Raw,34,0.10301767352349367,-0.2436355669709883,0.42633125088184004,0.5620705797071378,0.0464567490042064,0.7941730952577362,P29,0.016600851839926822,0.016600851839926822,0.1611206853010757,4,P24; P29; P4; P20,False,0.9676820400123441,1.0,1.0,0.9678761630979387,1.0,1.0
P27 omitted; raw RCADS scores,Neutral Happy,Frontal,Social Phobia,Social Phobia Raw,34,0.15845383566340765,-0.1898866839728038,0.4713622240053418,0.37075996983544224,0.09990080738635311,0.5740222951852166,P20,0.052096778616240444,0.052096778616240444,0.22751197089621433,1,P20,False,0.9590339049263785,1.0,1.0,0.9623872130204203,1.0,1.0
P27 omitted; raw RCADS scores,Neutral Happy,Frontal,Panic Disorder,Panic Disorder Raw,34,0.07923771611133175,-0.2660571088403166,0.40651076373250755,0.6559939250729502,0.1792030218938617,0.3105452789114435,P8,0.25833394636612206,-0.024255446464939205,0.25833394636612206,1,P20,False,0.9783167554895935,1.0,1.0,0.9303286289424064,1.0,1.0
P27 omitted; raw RCADS scores,Neutral Happy,Frontal,Major Depression,Major Depression Raw,34,0.04315865766843768,-0.2993763715519469,0.3758390677333864,0.8085044561187428,0.04667284179499618,0.7932363478204489,P8,0.10701233194137295,-0.00857134961318742,0.10701233194137295,1,P20,False,0.9783167554895935,1.0,1.0,0.9678761630979387,1.0,1.0
P27 omitted; raw RCADS scores,Neutral Happy,Frontal,Separation Anxiety,Separation Anxiety Raw,34,-0.09238371440119206,-0.417506102565664,0.25370807815338187,0.6033079385262146,-0.17084348604528105,0.334021211893091,P20,-0.2630218183003801,-0.2630218183003801,-0.00840576685655399,1,P20,False,0.9676820400123441,1.0,1.0,0.9303286289424064,1.0,1.0
P27 omitted; raw RCADS scores,Neutral Happy,Frontal,Generalized Anxiety,Generalized Anxiety Raw,34,0.09372817856984617,-0.25243872996231537,0.41862527401810556,0.5980233096362795,0.09221743416892487,0.6039629163976481,P8,0.16866942827739762,0.031686390097235985,0.16866942827739762,1,P20,False,0.9676820400123441,1.0,1.0,0.9623872130204203,1.0,1.0
P27 omitted; raw RCADS scores,Neutral Happy,Frontal,Obsessive Compulsive,Obsessive Compulsive Raw,34,0.19460128480120847,-0.15367754469587155,0.49987168681266214,0.27009121852584544,0.11948240797402915,0.5009128373427592,P11,0.11004367739092405,0.11004367739092405,0.25395422544757323,1,P20,False,0.9590339049263785,1.0,1.0,0.9623872130204203,1.0,1.0
P27 omitted; raw RCADS scores,Neutral Happy,PO,Social Phobia,Social Phobia Raw,34,0.07561370135819574,-0.269441607450938,0.4034628695574163,0.6708237801919725,-0.021757537805003283,0.9027912639505384,P20,-0.05512620262993566,-0.05512620262993566,0.13971288134500395,2,P4; P20,False,0.9783167554895935,1.0,1.0,0.9682640307581885,1.0,1.0
P27 omitted; raw RCADS scores,Neutral Happy,PO,Panic Disorder,Panic Disorder Raw,34,0.22014106746655684,-0.12751756814616821,0.5196238084116114,0.2109220962086405,0.3302897075940313,0.05641767126716229,P20,0.1546368610769219,0.1546368610769219,0.2792994046014788,2,P4; P20,False,0.9590339049263785,1.0,1.0,0.6842642940905662,1.0,1.0
P27 omitted; raw RCADS scores,Neutral Happy,PO,Major Depression,Major Depression Raw,34,0.018569432871395473,-0.3216158661690494,0.35450897539340115,0.9169818635713419,0.026253473509685342,0.8828305138237308,P26,-0.030404922267297504,-0.030404922267297504,0.061840422553834616,2,P4; P20,False,0.9898390993629275,1.0,1.0,0.9682640307581885,1.0,1.0
P27 omitted; raw RCADS scores,Neutral Happy,PO,Separation Anxiety,Separation Anxiety Raw,34,0.08305200376808075,-0.2624856935286139,0.40971083385524704,0.6405238044705922,-0.1095389928742057,0.5374418129346026,P20,-0.040128430820188785,-0.040128430820188785,0.14036993108842913,2,P4; P20,False,0.9747347470483463,1.0,1.0,0.9623872130204203,1.0,1.0
P27 omitted; raw RCADS scores,Neutral Happy,PO,Generalized Anxiety,Generalized Anxiety Raw,34,0.14075503978495385,-0.20727672448679058,0.4571605681555385,0.42719453699136356,0.1889219582554652,0.28459074217547947,P16,0.21177703316309754,0.09082307878752217,0.21177703316309754,2,P4; P20,False,0.9631548202477633,1.0,1.0,0.9076733903401669,1.0,1.0
P27 omitted; raw RCADS scores,Neutral Happy,PO,Obsessive Compulsive,Obsessive Compulsive Raw,34,0.24469971296207044,-0.10189794255999211,0.5383199468825586,0.16308458263110265,0.2026073602056359,0.2504851595720236,P20,0.18226067665603762,0.18226067665603762,0.28818885891898116,2,P4; P20,False,0.9590339049263785,1.0,1.0,0.9076733903401669,1.0,1.0
P27 omitted; raw RCADS scores,Neutral Happy,CP,Social Phobia,Social Phobia Raw,34,0.0629678997285419,-0.2811852393778778,0.3927701140776649,0.7235032207311923,0.21696248966115952,0.21775367021709874,P25,0.302659667469507,-0.09101736251464679,0.302659667469507,2,P25; P20,False,0.9783167554895935,1.0,1.0,0.8930656854473417,1.0,1.0
P27 omitted; raw RCADS scores,Neutral Happy,CP,Panic Disorder,Panic Disorder Raw,34,0.21910706044662784,-0.12858616368959527,0.5188302912668362,0.21312803888456622,0.5056305953953528,0.0022846677705092616,P8,0.30836591516895584,0.15038893877541218,0.30836591516895584,2,P25; P20,False,0.9590339049263785,1.0,1.0,0.2599205180961182,1.0,0.7379476898744916
P27 omitted; raw RCADS scores,Neutral Happy,CP,Major Depression,Major Depression Raw,34,0.25855789359321424,-0.08723525434267272,0.5487439396496762,0.13981345635183848,0.46074078364073523,0.006102802486169497,P20,0.39126462753102104,0.13429332087035195,0.39126462753102104,2,P25; P20,False,0.9590339049263785,1.0,1.0,0.4943270013797293,1.0,1.0
P27 omitted; raw RCADS scores,Neutral Happy,CP,Separation Anxiety,Separation Anxiety Raw,34,0.21303437753402793,-0.13484573046370224,0.514159548836544,0.22640341530138625,0.1356789798100957,0.4442156430202292,P20,0.1199274661356501,0.1199274661356501,0.2571221898984043,2,P25; P20,False,0.9590339049263785,1.0,1.0,0.9623872130204203,1.0,1.0
P27 omitted; raw RCADS scores,Neutral Happy,CP,Generalized Anxiety,Generalized Anxiety Raw,34,0.26207713193075954,-0.08348770501415112,0.551376788171856,0.13431224366457495,0.5144680681403947,0.0018530396026162207,P8,0.29031977187932345,0.25130644199092084,0.29031977187932345,2,P25; P20,False,0.9590339049263785,1.0,1.0,0.2599205180961182,1.0,0.6003848312476555
P27 omitted; raw RCADS scores,Neutral Happy,CP,Obsessive Compulsive,Obsessive Compulsive Raw,34,0.2878635553293205,-0.055726910788810154,0.5704941673729397,0.09876101767749096,0.40847756900354054,0.01646690397238284,P20,0.23937800728758307,0.23937800728758307,0.3218784048520531,2,P25; P20,False,0.9590339049263785,1.0,1.0,0.5653296459749134,1.0,1.0
P27 omitted; raw RCADS scores,Neutral Sad,LOT,Social Phobia,Social Phobia Raw,34,-0.30291245454838084,-0.5815112763396687,0.039276517539697145,0.08161743169300184,-0.18095529681485126,0.30575929971922966,P20,-0.2363747890458804,-0.3523675506501128,-0.2363747890458804,2,P6; P20,False,0.9590339049263785,1.0,1.0,0.9303286289424064,1.0,1.0
P27 omitted; raw RCADS scores,Neutral Sad,LOT,Panic Disorder,Panic Disorder Raw,34,-0.25049745184165817,-0.542691910146665,0.09578189631108332,0.15303230206602433,-0.26416997192974434,0.13111725661106569,P35,-0.3129658359754392,-0.3129658359754392,-0.19298409200861028,2,P6; P20,False,0.9590339049263785,1.0,1.0,0.8900210268560816,1.0,1.0
P27 omitted; raw RCADS scores,Neutral Sad,LOT,Major Depression,Major Depression Raw,34,-0.19532407758522144,-0.500435085538458,0.15294385259017343,0.2682811631923797,-0.17840079659797878,0.31275201514036144,P20,-0.2942850951068212,-0.2942850951068212,-0.10782598499896177,2,P6; P20,False,0.9590339049263785,1.0,1.0,0.9303286289424064,1.0,1.0
P27 omitted; raw RCADS scores,Neutral Sad,LOT,Separation Anxiety,Separation Anxiety Raw,34,-0.3439170247927417,-0.6110204673605394,-0.006508241767469809,0.04641791571398875,-0.2333927404990178,0.18403569391985322,P14,-0.2901797225513246,-0.38352492912914893,-0.2901797225513246,2,P6; P20,False,0.9590339049263785,1.0,1.0,0.8900210268560816,1.0,1.0
P27 omitted; raw RCADS scores,Neutral Sad,LOT,Generalized Anxiety,Generalized Anxiety Raw,34,-0.290437261647074,-0.5723855831213746,0.05292667838615901,0.09564996477163404,-0.3082166591686214,0.07615698557434546,P6,-0.23324652213306413,-0.32397932171920285,-0.23324652213306413,2,P6; P20,False,0.9590339049263785,1.0,1.0,0.7144302839384288,1.0,1.0
P27 omitted; raw RCADS scores,Neutral Sad,LOT,Obsessive Compulsive,Obsessive Compulsive Raw,34,-0.27234146867720704,-0.5590230739124449,0.07250135293837441,0.11917840608807305,-0.3624869412268011,0.03513188421533113,P11,-0.3646481910830594,-0.3646481910830594,-0.21765574367180476,2,P6; P20,False,0.9590339049263785,1.0,1.0,0.6146025573971836,1.0,1.0
P27 omitted; raw RCADS scores,Neutral Sad,ROT,Social Phobia,Social Phobia Raw,34,0.19458970306779033,-0.15368929795029038,0.4998626570403677,0.27012028686043377,0.2188011548277795,0.21378368391112948,P26,0.29245311535408913,0.10519771470129909,0.29245311535408913,0,,False,0.9590339049263785,1.0,1.0,0.8930656854473417,1.0,1.0
P27 omitted; raw RCADS scores,Neutral Sad,ROT,Panic Disorder,Panic Disorder Raw,34,-0.08344381449080783,-0.41003909628816715,0.2621182941432455,0.6389429370293902,-0.12127101050575985,0.4944778549503017,P4,-0.024098549353152084,-0.1369457626425769,-0.024098549353152084,0,,False,0.9747347470483463,1.0,1.0,0.9623872130204203,1.0,1.0
P27 omitted; raw RCADS scores,Neutral Sad,ROT,Major Depression,Major Depression Raw,34,0.02272899499596856,-0.3178799811146724,0.35814195398952836,0.898472873081301,-0.010132919600229431,0.9546440410008243,P26,0.14189356966476482,-0.07759897661963142,0.14189356966476482,0,,False,0.9898390993629275,1.0,1.0,0.9788122445704655,1.0,1.0
P27 omitted; raw RCADS scores,Neutral Sad,ROT,Separation Anxiety,Separation Anxiety Raw,34,-0.038326520811588764,-0.37167504428500286,0.3037763352514805,0.8296114871762281,0.02256129824823839,0.8992181296872014,P23,-0.14209460228823118,-0.14209460228823118,0.06246731749937187,0,,False,0.9813526206451185,1.0,1.0,0.9682640307581885,1.0,1.0
P27 omitted; raw RCADS scores,Neutral Sad,ROT,Generalized Anxiety,Generalized Anxiety Raw,34,-0.1635309543213693,-0.47540641155241314,0.18485746451389992,0.35542561840021747,-0.1627730549424647,0.35769015819690964,P16,-0.24640698645680598,-0.24640698645680598,-0.0903884170713668,0,,False,0.9590339049263785,1.0,1.0,0.9303286289424064,1.0,1.0
P27 omitted; raw RCADS scores,Neutral Sad,ROT,Obsessive Compulsive,Obsessive Compulsive Raw,34,-0.1454503679697349,-0.46094392772476767,0.20268464242204967,0.41177774790875543,-0.0747347701372016,0.6744392001196475,P11,-0.20974348111424018,-0.20974348111424018,-0.08523837056116486,0,,False,0.9631548202477633,1.0,1.0,0.9623872130204203,1.0,1.0
P27 omitted; raw RCADS scores,Neutral Sad,O,Social Phobia,Social Phobia Raw,34,-0.1620847570618571,-0.47425578160430115,0.18629187884262172,0.3597542084662493,-0.11338435194156642,0.5231655621561412,P29,-0.10515464325297753,-0.20910720096952562,-0.10515464325297753,2,P29; P35,False,0.9590339049263785,1.0,1.0,0.9623872130204203,1.0,1.0
P27 omitted; raw RCADS scores,Neutral Sad,O,Panic Disorder,Panic Disorder Raw,34,0.07830031820414941,-0.26693336981710836,0.40572308458502243,0.6598177787720436,-0.06488385275467405,0.715434030782603,P35,-0.14341522155812714,-0.14341522155812714,0.1271017464098909,2,P29; P35,False,0.9783167554895935,1.0,1.0,0.9639277691429248,1.0,1.0
P27 omitted; raw RCADS scores,Neutral Sad,O,Major Depression,Major Depression Raw,34,-0.032505186531224646,-0.36664071842616924,0.30905771653769154,0.85519448265171,-0.07246572805012563,0.6838057218352249,P35,-0.13979953036741233,-0.13979953036741233,0.03766786080961294,2,P29; P35,False,0.9898390993629275,1.0,1.0,0.9623872130204203,1.0,1.0
P27 omitted; raw RCADS scores,Neutral Sad,O,Separation Anxiety,Separation Anxiety Raw,34,-0.07224259253662026,-0.4006211293494545,0.27258228118203215,0.6847293517344257,0.031430222387201064,0.859935323058869,P14,-0.011312378262196585,-0.1140392353391039,-0.011312378262196585,2,P29; P35,False,0.9783167554895935,1.0,1.0,0.9682640307581885,1.0,1.0
P27 omitted; raw RCADS scores,Neutral Sad,O,Generalized Anxiety,Generalized Anxiety Raw,34,-0.10746535482302785,-0.4300042272873713,0.23940041652586996,0.5452169243434998,-0.07101980248915522,0.6897988171561437,P29,0.06713015780817538,-0.22887537837927519,0.06713015780817538,2,P29; P35,False,0.9631548202477633,1.0,1.0,0.9623872130204203,1.0,1.0
P27 omitted; raw RCADS scores,Neutral Sad,O,Obsessive Compulsive,Obsessive Compulsive Raw,34,-0.24651677574364983,-0.5396918614922667,0.09998393437995416,0.15988443329636204,-0.1735524703601958,0.3262972462096668,P29,-0.1114559294760414,-0.30433038717474253,-0.1114559294760414,2,P29; P35,False,0.9590339049263785,1.0,1.0,0.9303286289424064,1.0,1.0
P27 omitted; raw RCADS scores,Neutral Sad,Frontal,Social Phobia,Social Phobia Raw,34,-0.15931786494576267,-0.47205139843633026,0.1890320950501028,0.36812312234206923,0.007507882763698316,0.9663861878606721,P18,-0.04820860880944024,-0.2025064931705723,-0.04820860880944024,3,P18; P4; P6,False,0.9590339049263785,1.0,1.0,0.98048467573849,1.0,1.0
P27 omitted; raw RCADS scores,Neutral Sad,Frontal,Panic Disorder,Panic Disorder Raw,34,-0.06197611606486124,-0.39192771564050805,0.28210192927435307,0.7276917856875393,-0.08651180367289873,0.6266187115179368,P35,-0.15391240943359394,-0.15391240943359394,0.012037877192609334,3,P18; P4; P6,False,0.9783167554895935,1.0,1.0,0.9623872130204203,1.0,1.0
P27 omitted; raw RCADS scores,Neutral Sad,Frontal,Major Depression,Major Depression Raw,34,-0.008873063773817035,-0.34600056397890533,0.3302836717811838,0.9602785275018157,0.09703038162643941,0.5851293056299824,P6,0.10456313216546813,-0.06650524443736971,0.10456313216546813,3,P18; P4; P6,False,0.9898390993629275,1.0,1.0,0.9623872130204203,1.0,1.0
P27 omitted; raw RCADS scores,Neutral Sad,Frontal,Separation Anxiety,Separation Anxiety Raw,34,-0.21722988036224783,-0.5173883855232565,0.13052407599034174,0.21717321509334123,-0.16570884575430264,0.3489663504110284,P8,-0.2681906084138565,-0.2681906084138565,-0.19346589838823466,3,P18; P4; P6,False,0.9590339049263785,1.0,1.0,0.9303286289424064,1.0,1.0
P27 omitted; raw RCADS scores,Neutral Sad,Frontal,Generalized Anxiety,Generalized Anxiety Raw,34,0.006886722153042153,-0.3320522765188579,0.344250710448555,0.9691658301637083,0.09159852521477102,0.6064034667461549,P6,0.09613363461082769,-0.05680490896197338,0.09613363461082769,3,P18; P4; P6,False,0.9898390993629275,1.0,1.0,0.9623872130204203,1.0,1.0
P27 omitted; raw RCADS scores,Neutral Sad,Frontal,Obsessive Compulsive,Obsessive Compulsive Raw,34,-0.0962135587804742,-0.4206915824358798,0.25008906812324927,0.5883072572774776,-0.04801048642909624,0.787444117772442,P18,-0.17815953292177378,-0.17815953292177378,-0.046214371399183135,3,P18; P4; P6,False,0.9676820400123441,1.0,1.0,0.9678761630979387,1.0,1.0
P27 omitted; raw RCADS scores,Neutral Sad,PO,Social Phobia,Social Phobia Raw,34,-0.11316258934365613,-0.43469356160367034,0.2339560704354823,0.5239838090950708,-0.1397385526631197,0.4305737398149755,P4,-0.17798367851476976,-0.17798367851476976,-0.07506798155668695,1,P4,False,0.9631548202477633,1.0,1.0,0.9623872130204203,1.0,1.0
P27 omitted; raw RCADS scores,Neutral Sad,PO,Panic Disorder,Panic Disorder Raw,34,-0.19747811128380835,-0.5021125692529229,0.1507550578816502,0.2629340722963811,-0.22369480663992392,0.2034606479878019,P8,-0.28868368129224464,-0.28868368129224464,-0.12304876956609319,1,P4,False,0.9590339049263785,1.0,1.0,0.8930656854473417,1.0,1.0
P27 omitted; raw RCADS scores,Neutral Sad,PO,Major Depression,Major Depression Raw,34,-0.041893986422068215,-0.3747505521122917,0.3005293432501054,0.8140164354909073,0.08152394405639134,0.6467039799117366,P6,0.010352893016190209,-0.08199470588710901,0.010352893016190209,1,P4,False,0.9783167554895935,1.0,1.0,0.9623872130204203,1.0,1.0
P27 omitted; raw RCADS scores,Neutral Sad,PO,Separation Anxiety,Separation Anxiety Raw,34,-0.11374786577209746,-0.43517431097761017,0.23339553743589347,0.5218256419889358,-0.04029914652616374,0.8209799224798825,P4,-0.05459199503380004,-0.14999438716822838,-0.05459199503380004,1,P4,False,0.9631548202477633,1.0,1.0,0.9678761630979387,1.0,1.0
P27 omitted; raw RCADS scores,Neutral Sad,PO,Generalized Anxiety,Generalized Anxiety Raw,34,0.004572020363723631,-0.3341102453035681,0.3422086291108577,0.979526813474598,-0.014699087661154131,0.9342426877548906,P6,0.047126730151869765,-0.02464386850171606,0.047126730151869765,1,P4,False,0.9898390993629275,1.0,1.0,0.9701750988223865,1.0,1.0
P27 omitted; raw RCADS scores,Neutral Sad,PO,Obsessive Compulsive,Obsessive Compulsive Raw,34,-0.011582639493634205,-0.34838376971428986,0.32786726551756223,0.9481631069993665,0.07892986118440418,0.6572487930467794,P30,0.03623025386374958,-0.03391151477070189,0.03623025386374958,1,P4,False,0.9898390993629275,1.0,1.0,0.9623872130204203,1.0,1.0
P27 omitted; raw RCADS scores,Neutral Sad,CP,Social Phobia,Social Phobia Raw,34,-0.1782711785557587,-0.4870735510151506,0.17015217667997312,0.3131094848505609,-0.09913469690026144,0.5769774134685912,P18,-0.11270648475214651,-0.2199398385176132,-0.11270648475214651,1,P4,False,0.9590339049263785,1.0,1.0,0.9623872130204203,1.0,1.0
P27 omitted; raw RCADS scores,Neutral Sad,CP,Panic Disorder,Panic Disorder Raw,34,-0.02203841548957848,-0.35753950134168233,0.318500953897738,0.9015423994548079,0.0568506138421906,0.7494593569268049,P4,0.12096048259237493,-0.11259829461607632,0.12096048259237493,1,P4,False,0.9898390993629275,1.0,1.0,0.9639277691429248,1.0,1.0
P27 omitted; raw RCADS scores,Neutral Sad,CP,Major Depression,Major Depression Raw,34,0.08857716433544069,-0.2572955006376658,0.41433205951951657,0.6183773737710403,0.26268826418170543,0.13337340699483616,P6,0.1648233421162548,0.04896939448240468,0.1648233421162548,1,P4,False,0.9741415905392415,1.0,1.0,0.8900210268560816,1.0,1.0
P27 omitted; raw RCADS scores,Neutral Sad,CP,Separation Anxiety,Separation Anxiety Raw,34,-0.058856633569816755,-0.3892744864682053,0.2849811274159447,0.7409162608067025,0.03376414979219124,0.8496484968929199,P4,0.012314122787659424,-0.12173278819060081,0.012314122787659424,1,P4,False,0.9783167554895935,1.0,1.0,0.9682640307581885,1.0,1.0
P27 omitted; raw RCADS scores,Neutral Sad,CP,Generalized Anxiety,Generalized Anxiety Raw,34,0.029118393911950643,-0.3121207070373735,0.36370276788911543,0.8701471168137791,0.1339937885743103,0.44994681693987404,P6,0.0847824543145929,-0.013524517677491535,0.0847824543145929,1,P4,False,0.9898390993629275,1.0,1.0,0.9623872130204203,1.0,1.0
P27 omitted; raw RCADS scores,Neutral Sad,CP,Obsessive Compulsive,Obsessive Compulsive Raw,34,0.0004064315895246848,-0.3378056945025963,0.33852560188177716,0.9981798391299976,0.21923235065195726,0.2128599047779867,P30,0.10685042808583478,-0.03447009490985513,0.10685042808583478,1,P4,False,0.9981798391299976,1.0,1.0,0.8930656854473417,1.0,1.0
P27 omitted; raw RCADS scores,Positive Valence,LOT,Social Phobia,Social Phobia Raw,34,-0.17123685706371872,-0.4815194800676019,0.1771892369669249,0.3328927050399557,-0.11476335081653143,0.5180914688655964,P25,-0.03268814829345011,-0.2373968353241651,-0.03268814829345011,1,P25,False,0.9590339049263785,1.0,1.0,0.9623872130204203,1.0,1.0
P27 omitted; raw RCADS scores,Positive Valence,LOT,Panic Disorder,Panic Disorder Raw,34,-0.10565874498965022,-0.42851358241528464,0.24112229150496892,0.5520338466573902,-0.1479969784261375,0.4035494323482318,P25,-0.15612314547768072,-0.15612314547768072,-0.05697196061011578,1,P25,False,0.966805223335105,1.0,1.0,0.951975297767551,1.0,1.0
P27 omitted; raw RCADS scores,Positive Valence,LOT,Major Depression,Major Depression Raw,34,0.2511682269495407,-0.09507260281919798,0.5431967089185429,0.15189893668052612,0.16074495184000326,0.36379235630181606,P25,0.1285177263981684,0.1285177263981684,0.30102226809128807,1,P25,False,0.9590339049263785,1.0,1.0,0.9303286289424064,1.0,1.0
P27 omitted; raw RCADS scores,Positive Valence,LOT,Separation Anxiety,Separation Anxiety Raw,34,-0.09266368406568107,-0.4177392388804143,0.2534438487828003,0.6022058258453968,-0.1537280184086864,0.3853787318684544,P25,-0.2670467354521353,-0.2670467354521353,0.0033329516229194146,1,P25,False,0.9676820400123441,1.0,1.0,0.9318112621296957,1.0,1.0
P27 omitted; raw RCADS scores,Positive Valence,LOT,Generalized Anxiety,Generalized Anxiety Raw,34,0.019024415799255873,-0.32120774130340807,0.3549068539911982,0.9149550418154939,0.032028538377462154,0.8572960071178852,P16,0.15244208041281201,-0.06280464844489338,0.15244208041281201,1,P25,False,0.9898390993629275,1.0,1.0,0.9682640307581885,1.0,1.0
P27 omitted; raw RCADS scores,Positive Valence,LOT,Obsessive Compulsive,Obsessive Compulsive Raw,34,0.12528410086364913,-0.22229972138585508,0.44461297599927796,0.4801943541410624,0.030608627270329966,0.8635620006470782,P25,0.06124495917644827,0.06124495917644827,0.17710699126126017,1,P25,False,0.9631548202477633,1.0,1.0,0.9682640307581885,1.0,1.0
P27 omitted; raw RCADS scores,Positive Valence,ROT,Social Phobia,Social Phobia Raw,34,0.06958853932754491,-0.2750497548526141,0.3983793911204341,0.6957494439616125,0.12916622795505472,0.4665836275093459,P25,0.16320167765457233,-0.011990646062710053,0.16320167765457233,0,,False,0.9783167554895935,1.0,1.0,0.9623872130204203,1.0,1.0
P27 omitted; raw RCADS scores,Positive Valence,ROT,Panic Disorder,Panic Disorder Raw,34,0.10716431597105712,-0.23968748741983592,0.4297559603214881,0.5463500725863281,0.0976347498594143,0.582782836753208,P8,-0.09082876382308284,-0.09082876382308284,0.17475722225683948,0,,False,0.9631548202477633,1.0,1.0,0.9623872130204203,1.0,1.0
P27 omitted; raw RCADS scores,Positive Valence,ROT,Major Depression,Major Depression Raw,34,0.28331926546461667,-0.06065800647214532,0.567147234776268,0.10444105633167855,0.24963829196928872,0.15449289881920547,P11,0.21718779712823016,0.21718779712823016,0.33748804746039873,0,,False,0.9590339049263785,1.0,1.0,0.8900210268560816,1.0,1.0
P27 omitted; raw RCADS scores,Positive Valence,ROT,Separation Anxiety,Separation Anxiety Raw,34,0.13492185593604156,-0.21296035904737484,0.4524443530903348,0.4467856255317567,0.0855773381829732,0.6303621918418549,P8,0.013729427465813402,0.013729427465813402,0.18975179915715482,0,,False,0.9631548202477633,1.0,1.0,0.9623872130204203,1.0,1.0
P27 omitted; raw RCADS scores,Positive Valence,ROT,Generalized Anxiety,Generalized Anxiety Raw,34,0.1762205141744657,-0.17220731590040944,0.4854569885376181,0.31879900713426446,0.165867599713234,0.3484983061283421,P16,0.2885357919023029,0.09340834592116581,0.2885357919023029,0,,False,0.9590339049263785,1.0,1.0,0.9303286289424064,1.0,1.0
P27 omitted; raw RCADS scores,Positive Valence,ROT,Obsessive Compulsive,Obsessive Compulsive Raw,34,0.2758166315900892,-0.06876267973631511,0.5616008499747607,0.11435457103381674,0.231972997536054,0.1867945365006591,P11,0.06923782802874856,0.06923782802874856,0.4410230755061933,0,,False,0.9590339049263785,1.0,1.0,0.8900210268560816,1.0,1.0
P27 omitted; raw RCADS scores,Positive Valence,O,Social Phobia,Social Phobia Raw,34,-0.12013827212425186,-0.4404115280383606,0.22726024634805383,0.498548292988851,-0.02466875765215161,0.8898587812905222,P25,-0.04686446481349366,-0.18588423237360777,-0.04686446481349366,3,P25; P29; P4,False,0.9631548202477633,1.0,1.0,0.9682640307581885,1.0,1.0
P27 omitted; raw RCADS scores,Positive Valence,O,Panic Disorder,Panic Disorder Raw,34,-0.1587424550628992,-0.4715924775941172,0.18960127671881818,0.36987792108031714,-0.14336241751508932,0.41859420934253644,P4,-0.02607206189762128,-0.19789856112037396,-0.02607206189762128,3,P25; P29; P4,False,0.9590339049263785,1.0,1.0,0.9548697227911611,1.0,1.0
P27 omitted; raw RCADS scores,Positive Valence,O,Major Depression,Major Depression Raw,34,0.03986439129830225,-0.30237758900477324,0.37300173843120127,0.8228805335318985,0.031012875140096142,0.8617772266039501,P4,0.19293041159130528,-0.04662646796144558,0.19293041159130528,3,P25; P29; P4,False,0.9801959296482909,1.0,1.0,0.9682640307581885,1.0,1.0
P27 omitted; raw RCADS scores,Positive Valence,O,Separation Anxiety,Separation Anxiety Raw,34,-0.024503949194403303,-0.35968912070080733,0.31628259097437394,0.8905901949633643,0.05663663836109499,0.7503723709515678,P4,0.16110695716982465,-0.08671437606435534,0.16110695716982465,3,P25; P29; P4,False,0.9898390993629275,1.0,1.0,0.9639277691429248,1.0,1.0
P27 omitted; raw RCADS scores,Positive Valence,O,Generalized Anxiety,Generalized Anxiety Raw,34,-0.004120298099433427,-0.34180973739462367,0.33451148896782873,0.981549231882989,-0.06838943943400133,0.7007486161960383,P29,0.03768054343101804,-0.04162195304666731,0.03768054343101804,3,P25; P29; P4,False,0.9898390993629275,1.0,1.0,0.9623872130204203,1.0,1.0
P27 omitted; raw RCADS scores,Positive Valence,O,Obsessive Compulsive,Obsessive Compulsive Raw,34,0.002951174823942645,-0.33554939647200294,0.34077678199926015,0.9867840404142765,-0.05608992103852344,0.7527066743077115,P4,0.058046789953699426,-0.041531473186487144,0.058046789953699426,3,P25; P29; P4,False,0.9898390993629275,1.0,1.0,0.9639277691429248,1.0,1.0
P27 omitted; raw RCADS scores,Positive Valence,Frontal,Social Phobia,Social Phobia Raw,34,-0.13825062705076788,-0.45513789109739156,0.20971981149477126,0.4355467170396222,-0.017620541180108293,0.921210549985856,P25,0.04075744722334665,-0.20126524350506803,0.04075744722334665,1,P25,False,0.9631548202477633,1.0,1.0,0.9686217412010679,1.0,1.0
P27 omitted; raw RCADS scores,Positive Valence,Frontal,Panic Disorder,Panic Disorder Raw,34,-0.12712592333945097,-0.4461133736678906,0.22051983989059393,0.4737113768890191,-0.0790965062152217,0.6565694056294635,P35,-0.027030896123966808,-0.20792699873232928,-0.027030896123966808,1,P25,False,0.9631548202477633,1.0,1.0,0.9623872130204203,1.0,1.0
P27 omitted; raw RCADS scores,Positive Valence,Frontal,Major Depression,Major Depression Raw,34,0.17525797552843958,-0.17317091008656899,0.4846974782678927,0.3214916289252109,0.054349296037594225,0.7601528322584362,P25,-0.0012708500073672349,-0.0012708500073672349,0.23514133704490314,1,P25,False,0.9590339049263785,1.0,1.0,0.9639277691429248,1.0,1.0
P27 omitted; raw RCADS scores,Positive Valence,Frontal,Separation Anxiety,Separation Anxiety Raw,34,-0.030982216387348625,-0.36532040727638704,0.3104359569257138,0.8619125630557984,-0.12945517339678855,0.4655788075453723,P25,-0.2248696498878213,-0.2248696498878213,0.05324427662504862,1,P25,False,0.9898390993629275,1.0,1.0,0.9623872130204203,1.0,1.0
P27 omitted; raw RCADS scores,Positive Valence,Frontal,Generalized Anxiety,Generalized Anxiety Raw,34,0.01289083688116818,-0.3266990198421977,0.34953283742249525,0.9423176361171985,-0.005415453348846259,0.975751000995868,P25,-0.09111133104923294,-0.09111133104923294,0.11229306622851674,1,P25,False,0.9898390993629275,1.0,1.0,0.9848701692294742,1.0,1.0
P27 omitted; raw RCADS scores,Positive Valence,Frontal,Obsessive Compulsive,Obsessive Compulsive Raw,34,0.14649753313032038,-0.20165841104759802,0.4617861419093079,0.4083828589427428,0.06479085061790658,0.7158250265278507,P30,0.25218705077089576,0.07216936870119653,0.25218705077089576,1,P25,False,0.9631548202477633,1.0,1.0,0.9639277691429248,1.0,1.0
P27 omitted; raw RCADS scores,Positive Valence,PO,Social Phobia,Social Phobia Raw,34,-0.17193364254319504,-0.48207075344855715,0.17649376630376187,0.33089952053377103,-0.11047313209441807,0.5339566751364024,P25,-0.1042370696200585,-0.2180702499954723,-0.1042370696200585,3,P24; P25; P4,False,0.9590339049263785,1.0,1.0,0.9623872130204203,1.0,1.0
P27 omitted; raw RCADS scores,Positive Valence,PO,Panic Disorder,Panic Disorder Raw,34,-0.21330676824588754,-0.514369438678831,0.13456555059980674,0.22579618713859922,-0.23574466500864907,0.17952887362346168,P8,-0.3228033777904698,-0.3228033777904698,-0.14215183713551138,3,P24; P25; P4,False,0.9590339049263785,1.0,1.0,0.8900210268560816,1.0,1.0
P27 omitted; raw RCADS scores,Positive Valence,PO,Major Depression,Major Depression Raw,34,-0.014138876806868667,-0.35062812214286276,0.3255835278902226,0.9367437211591485,0.00706233790319021,0.9683799266552987,P25,-0.10473245004784378,-0.10473245004784378,0.04526848703488204,3,P24; P25; P4,False,0.9898390993629275,1.0,1.0,0.98048467573849,1.0,1.0
P27 omitted; raw RCADS scores,Positive Valence,PO,Separation Anxiety,Separation Anxiety Raw,34,-0.1236467071201427,-0.4432776050491608,0.22388010621144644,0.48599619914240266,-0.09382388168060517,0.5976478978267292,P24,-0.05431639608151639,-0.1927885311214028,-0.05431639608151639,3,P24; P25; P4,False,0.9631548202477633,1.0,1.0,0.9623872130204203,1.0,1.0
P27 omitted; raw RCADS scores,Positive Valence,PO,Generalized Anxiety,Generalized Anxiety Raw,34,0.04287861357156299,-0.2996317675768734,0.375598109993208,0.8097242383135577,0.08958707111377097,0.6143640762637268,P24,0.12083617718236259,-0.0006147104885840856,0.12083617718236259,3,P24; P25; P4,False,0.9783167554895935,1.0,1.0,0.9623872130204203,1.0,1.0
P27 omitted; raw RCADS scores,Positive Valence,PO,Obsessive Compulsive,Obsessive Compulsive Raw,34,0.06812072896821074,-0.2764124314039753,0.3971379202360984,0.7018706016475182,0.1131120845319808,0.5241702461594138,P24,0.14895873341426094,0.025326532886435184,0.14895873341426094,3,P24; P25; P4,False,0.9783167554895935,1.0,1.0,0.9623872130204203,1.0,1.0
P27 omitted; raw RCADS scores,Positive Valence,CP,Social Phobia,Social Phobia Raw,34,-0.2204263805053555,-0.5198426722897554,0.12722256896767278,0.21031618973117291,-0.07247405198427151,0.683771275090607,P25,-0.034680423099158184,-0.2562637768205582,-0.034680423099158184,1,P25,False,0.9590339049263785,1.0,1.0,0.9623872130204203,1.0,1.0
P27 omitted; raw RCADS scores,Positive Valence,CP,Panic Disorder,Panic Disorder Raw,34,-0.02380481534465545,-0.35907992963402163,0.3169120151649999,0.8936939032968669,-0.12698696896271922,0.4741988743357918,P25,-0.10737155335719767,-0.10737155335719767,0.006404859788654729,1,P25,False,0.9898390993629275,1.0,1.0,0.9623872130204203,1.0,1.0
P27 omitted; raw RCADS scores,Positive Valence,CP,Major Depression,Major Depression Raw,34,0.28540640711782234,-0.05839529212379109,0.5686856084651929,0.1018023709443633,0.27773411449719765,0.11175637097646862,P25,0.17277335941803673,0.17277335941803673,0.3120484476996656,1,P25,False,0.9590339049263785,1.0,1.0,0.8598257309451166,1.0,1.0
P27 omitted; raw RCADS scores,Positive Valence,CP,Separation Anxiety,Separation Anxiety Raw,34,0.1092520982542453,-0.2376953274505498,0.43147675265930724,0.538514354820964,-0.021938917606907672,0.9019847698127653,P25,-0.10785765942935807,-0.10785765942935807,0.14579509325418602,1,P25,False,0.9631548202477633,1.0,1.0,0.9682640307581885,1.0,1.0
P27 omitted; raw RCADS scores,Positive Valence,CP,Generalized Anxiety,Generalized Anxiety Raw,34,0.16108603413193348,-0.1872815984616132,0.4734605501548802,0.36276178872809806,0.24029140145023545,0.1710389159296634,P16,0.22156637877335686,0.13615598783767802,0.22156637877335686,1,P25,False,0.9590339049263785,1.0,1.0,0.8900210268560816,1.0,1.0
P27 omitted; raw RCADS scores,Positive Valence,CP,Obsessive Compulsive,Obsessive Compulsive Raw,34,0.18353233617444717,-0.1648656386235618,0.49121132679243457,0.2988057445386768,0.23663420981072356,0.17784483857782493,P30,0.2758523798580171,0.15919679610815832,0.2758523798580171,1,P25,False,0.9590339049263785,1.0,1.0,0.8900210268560816,1.0,1.0
P27 omitted; raw RCADS scores,Negative Valence,LOT,Social Phobia,Social Phobia Raw,34,-0.0822396823750699,-0.4090299942966299,0.2632470850898483,0.6438062835442782,-0.17436674663446294,0.32399733542599507,P23,-0.22030890767956685,-0.22030890767956685,-0.014340694856912303,0,,False,0.9747347470483463,1.0,1.0,0.9303286289424064,1.0,1.0
P27 omitted; raw RCADS scores,Negative Valence,LOT,Panic Disorder,Panic Disorder Raw,34,-0.0954034854380551,-0.42001846904167883,0.2508553543821619,0.591466427280969,-0.09856166204162391,0.5791922335320785,P4,-0.16644703733851446,-0.16644703733851446,-0.040146379432969226,0,,False,0.9676820400123441,1.0,1.0,0.9623872130204203,1.0,1.0
P27 omitted; raw RCADS scores,Negative Valence,LOT,Major Depression,Major Depression Raw,34,-0.1817290986167401,-0.489794685552216,0.16667983273248793,0.3036607259721187,-0.11207623194193159,0.528001193080716,P26,-0.09147846555152894,-0.24212297997872742,-0.09147846555152894,0,,False,0.9590339049263785,1.0,1.0,0.9623872130204203,1.0,1.0
P27 omitted; raw RCADS scores,Negative Valence,LOT,Separation Anxiety,Separation Anxiety Raw,34,-0.15615892017728952,-0.4695298765404346,0.19215396534222368,0.37781760699279016,-0.23479309694201192,0.1813427881907916,P23,-0.2889129082435995,-0.2889129082435995,-0.09746863784454743,0,,False,0.9590339049263785,1.0,1.0,0.8900210268560816,1.0,1.0
P27 omitted; raw RCADS scores,Negative Valence,LOT,Generalized Anxiety,Generalized Anxiety Raw,34,-0.35924193733514354,-0.6218618099530546,-0.023990710340899193,0.03692445614124208,-0.4015171840073155,0.018589235365052352,P16,-0.4483261207692496,-0.4483261207692496,-0.30099841911236863,0,,False,0.9590339049263785,1.0,1.0,0.5653296459749134,1.0,1.0
P27 omitted; raw RCADS scores,Negative Valence,LOT,Obsessive Compulsive,Obsessive Compulsive Raw,34,-0.2336835161248332,-0.5299690708198377,0.11344720502426378,0.18347422243431594,-0.3211575257247312,0.06402406833114833,P30,-0.34286717774483383,-0.34286717774483383,-0.16255593158117518,0,,False,0.9590339049263785,1.0,1.0,0.6842642940905662,1.0,1.0
P27 omitted; raw RCADS scores,Negative Valence,ROT,Social Phobia,Social Phobia Raw,34,-0.09366558096612569,-0.41857318782915826,0.25249785665930025,0.5982689145819933,-0.01593509811070663,0.9287267996635848,P26,0.010777486531642434,-0.16963333547416698,0.010777486531642434,1,P26,False,0.9676820400123441,1.0,1.0,0.9686746511452344,1.0,1.0
P27 omitted; raw RCADS scores,Negative Valence,ROT,Panic Disorder,Panic Disorder Raw,34,-0.15451412899344358,-0.4682149502021007,0.19377666656824652,0.38292402375563617,-0.018074787553087772,0.919185952904195,P8,-0.06728269492839786,-0.19589967166520797,-0.06728269492839786,1,P26,False,0.9590339049263785,1.0,1.0,0.9686217412010679,1.0,1.0
P27 omitted; raw RCADS scores,Negative Valence,ROT,Major Depression,Major Depression Raw,34,-0.11834085792938684,-0.43894066852351094,0.2289886969000867,0.505041848426224,-0.04375578918280891,0.8059050258039393,P26,0.0364086011339209,-0.19236631527307893,0.0364086011339209,1,P26,False,0.9631548202477633,1.0,1.0,0.9678761630979387,1.0,1.0
P27 omitted; raw RCADS scores,Negative Valence,ROT,Separation Anxiety,Separation Anxiety Raw,34,-0.3208940529720892,-0.5945427313375211,0.019374023895413185,0.0642549168555531,-0.29267449658576833,0.09300681943877297,P26,-0.2657121715371039,-0.3735297402567339,-0.2657121715371039,1,P26,False,0.9590339049263785,1.0,1.0,0.7533552374540611,1.0,1.0
P27 omitted; raw RCADS scores,Negative Valence,ROT,Generalized Anxiety,Generalized Anxiety Raw,34,-0.23645514083631125,-0.532075537080164,0.11055026882716494,0.17818293816172892,-0.16695069038300323,0.3453152432272989,P26,-0.14482566758788007,-0.28604972615774465,-0.14482566758788007,1,P26,False,0.9590339049263785,1.0,1.0,0.9303286289424064,1.0,1.0
P27 omitted; raw RCADS scores,Negative Valence,ROT,Obsessive Compulsive,Obsessive Compulsive Raw,34,-0.15441386804930443,-0.4681347517580042,0.19387551939580724,0.38323658989961895,-0.31587481848010573,0.06877885335822413,P11,-0.32833009413181546,-0.32833009413181546,-0.07880491456408079,1,P26,False,0.9590339049263785,1.0,1.0,0.6963858902520194,1.0,1.0
P27 omitted; raw RCADS scores,Negative Valence,O,Social Phobia,Social Phobia Raw,34,-0.1677951079351977,-0.4787928769637655,0.18061939471820226,0.34284589640561314,-0.39454690033720746,0.0209381350361079,P4,-0.40229507275540866,-0.40229507275540866,-0.14447160703658357,1,P4,False,0.9590339049263785,1.0,1.0,0.5653296459749134,1.0,1.0
P27 omitted; raw RCADS scores,Negative Valence,O,Panic Disorder,Panic Disorder Raw,34,-0.21972355334271562,-0.5193034621113815,0.12794914569060184,0.21181091708385374,-0.12466968850719516,0.4823672021940537,P8,-0.19587759002965505,-0.24272975622490545,-0.19587759002965505,1,P4,False,0.9590339049263785,1.0,1.0,0.9623872130204203,1.0,1.0
P27 omitted; raw RCADS scores,Negative Valence,O,Major Depression,Major Depression Raw,34,-0.11708990815419834,-0.43791597656283393,0.23019035872516597,0.5095860863007473,-0.25670062987247894,0.14278238951877847,P4,-0.2441387989055025,-0.2441387989055025,-0.09067723599536874,1,P4,False,0.9631548202477633,1.0,1.0,0.8900210268560816,1.0,1.0
P27 omitted; raw RCADS scores,Negative Valence,O,Separation Anxiety,Separation Anxiety Raw,34,-0.22579660742734584,-0.5239548583060762,0.12165853014553155,0.19913484189092143,-0.41823979097423986,0.013834548804129645,P4,-0.4271802524302594,-0.4271802524302594,-0.19776250590320993,1,P4,False,0.9590339049263785,1.0,1.0,0.5653296459749134,1.0,1.0
P27 omitted; raw RCADS scores,Negative Valence,O,Generalized Anxiety,Generalized Anxiety Raw,34,-0.146713467980856,-0.4619597433545519,0.20144669782295097,0.4076847819748288,-0.36082392027169935,0.03604150799551385,P4,-0.4595144953298275,-0.4595144953298275,-0.10070799840523481,1,P4,False,0.9631548202477633,1.0,1.0,0.6146025573971836,1.0,1.0
P27 omitted; raw RCADS scores,Negative Valence,O,Obsessive Compulsive,Obsessive Compulsive Raw,34,-0.11276600305986134,-0.43436769919434054,0.23433575933378625,0.525448666362883,-0.43085138792195427,0.010965455640393779,P4,-0.2956949938986602,-0.2956949938986602,-0.08728485967398343,1,P4,False,0.9631548202477633,1.0,1.0,0.5653296459749134,1.0,1.0
P27 omitted; raw RCADS scores,Negative Valence,Frontal,Social Phobia,Social Phobia Raw,34,0.03376275754236597,-0.3079185716107729,0.367729933093611,0.8496546261715885,-0.0635871703456082,0.7208918617645561,P1,-0.05438412978210157,-0.05438412978210157,0.05705553951393747,1,P1,False,0.9898390993629275,1.0,1.0,0.9639277691429248,1.0,1.0
P27 omitted; raw RCADS scores,Negative Valence,Frontal,Panic Disorder,Panic Disorder Raw,34,-0.05679548959060201,-0.3875183979341474,0.2868801096106933,0.7496945352089905,0.10273276686156725,0.5631582912157169,P1,0.10435112740801972,-0.07220304022976537,0.10435112740801972,1,P1,False,0.9783167554895935,1.0,1.0,0.9623872130204203,1.0,1.0
P27 omitted; raw RCADS scores,Negative Valence,Frontal,Major Depression,Major Depression Raw,34,-0.08449522681939263,-0.41091956071560426,0.261131893584003,0.6347084560766353,-0.04068520748576969,0.8192930254493886,P1,0.04647619775130317,-0.10636976310925672,0.04647619775130317,1,P1,False,0.9747347470483463,1.0,1.0,0.9678761630979387,1.0,1.0
P27 omitted; raw RCADS scores,Negative Valence,Frontal,Separation Anxiety,Separation Anxiety Raw,34,-0.10832870477811354,-0.4307159621903922,0.23857678880355748,0.5419733412825017,-0.15730670709633798,0.3742779793091815,P1,-0.06343084650197758,-0.11955287744815439,-0.06343084650197758,1,P1,False,0.9631548202477633,1.0,1.0,0.9303286289424064,1.0,1.0
P27 omitted; raw RCADS scores,Negative Valence,Frontal,Generalized Anxiety,Generalized Anxiety Raw,34,-0.05850263641764759,-0.3889730526864683,0.28530746570582444,0.7424216631433912,-0.21429722537577336,0.22359754113601468,P1,-0.37315381070316334,-0.37315381070316334,-0.00947102198159979,1,P1,False,0.9783167554895935,1.0,1.0,0.8943901645440587,1.0,1.0
P27 omitted; raw RCADS scores,Negative Valence,Frontal,Obsessive Compulsive,Obsessive Compulsive Raw,34,-0.1798190255497384,-0.48829233700336705,0.168598942171963,0.30885745447291246,-0.23523584612832268,0.18049719882794016,P1,-0.09871474402966134,-0.220347399318979,-0.09871474402966134,1,P1,False,0.9590339049263785,1.0,1.0,0.8900210268560816,1.0,1.0
P27 omitted; raw RCADS scores,Negative Valence,PO,Social Phobia,Social Phobia Raw,34,-0.030904235205284205,-0.3652527666933241,0.31050648884914805,0.8622568115539364,-0.08978814896994314,0.6135663132332474,P23,-0.11464647619680088,-0.11464647619680088,0.01386315297324111,1,P4,False,0.9898390993629275,1.0,1.0,0.9623872130204203,1.0,1.0
P27 omitted; raw RCADS scores,Negative Valence,PO,Panic Disorder,Panic Disorder Raw,34,0.1137186634478777,-0.23342351065809244,0.4351503283666587,0.5219332202943242,0.08790217194621318,0.6210658119075493,P4,0.005403119607366856,0.005403119607366856,0.16203191070261008,1,P4,False,0.9631548202477633,1.0,1.0,0.9623872130204203,1.0,1.0
P27 omitted; raw RCADS scores,Negative Valence,PO,Major Depression,Major Depression Raw,34,-0.06089954476004856,-0.39101267383489197,0.2830962764170104,0.7322472119609122,-0.040378149316065766,0.8206346546098572,P25,0.007483697885833253,-0.12323527348437952,0.007483697885833253,1,P4,False,0.9783167554895935,1.0,1.0,0.9678761630979387,1.0,1.0
P27 omitted; raw RCADS scores,Negative Valence,PO,Separation Anxiety,Separation Anxiety Raw,34,-0.15647364378594952,-0.46978132360644315,0.19184325130749727,0.37684509130712707,-0.2953196143114239,0.08995420787067084,P4,-0.305108019334031,-0.305108019334031,-0.0994773037899305,1,P4,False,0.9590339049263785,1.0,1.0,0.7473118807717269,1.0,1.0
P27 omitted; raw RCADS scores,Negative Valence,PO,Generalized Anxiety,Generalized Anxiety Raw,34,-0.20884589685392163,-0.5109275802210378,0.13914698996583613,0.23588043157880945,-0.18830304930131136,0.286200566665284,P4,-0.28852870183719453,-0.28852870183719453,-0.15107525398114935,1,P4,False,0.9590339049263785,1.0,1.0,0.9076733903401669,1.0,1.0
P27 omitted; raw RCADS scores,Negative Valence,PO,Obsessive Compulsive,Obsessive Compulsive Raw,34,-0.16311056983921904,-0.47507205332581365,0.18527457698717448,0.35668062612595336,-0.3415114859907881,0.04807144519829711,P30,-0.3230001326966804,-0.3230001326966804,-0.10654171241330807,1,P4,False,0.9590339049263785,1.0,1.0,0.6535650567902379,1.0,1.0
P27 omitted; raw RCADS scores,Negative Valence,CP,Social Phobia,Social Phobia Raw,34,0.23011008054788168,-0.11717351342589732,0.5272478125607486,0.19045850004686804,0.18723740280080292,0.28898608456924296,P25,0.07688870439437408,0.07688870439437408,0.28220671040183887,1,P25,False,0.9590339049263785,1.0,1.0,0.9076733903401669,1.0,1.0
P27 omitted; raw RCADS scores,Negative Valence,CP,Panic Disorder,Panic Disorder Raw,34,0.09947833330005723,-0.24699636147999346,0.4234007616073525,0.5756510604266655,0.21936921645627896,0.2125672628289583,P25,0.21733258721945747,0.054556492452750495,0.21733258721945747,1,P25,False,0.9676820400123441,1.0,1.0,0.8930656854473417,1.0,1.0
P27 omitted; raw RCADS scores,Negative Valence,CP,Major Depression,Major Depression Raw,34,-0.059818544859400864,-0.3900932108188517,0.284093970400428,0.7368304351114067,0.20189074658032888,0.2522004370068134,P25,0.2777798442694173,-0.09830678711548638,0.2777798442694173,1,P25,False,0.9783167554895935,1.0,1.0,0.9076733903401669,1.0,1.0
P27 omitted; raw RCADS scores,Negative Valence,CP,Separation Anxiety,Separation Anxiety Raw,34,-0.15213830866553418,-0.4663131474364653,0.19611721932296391,0.39037064718291803,-0.09537983328393194,0.59155877871392,P25,-0.027813269754508672,-0.1965133072084001,-0.027813269754508672,1,P25,False,0.9590339049263785,1.0,1.0,0.9623872130204203,1.0,1.0
P27 omitted; raw RCADS scores,Negative Valence,CP,Generalized Anxiety,Generalized Anxiety Raw,34,-0.06839979674510671,-0.39737404790811376,0.2761534588299016,0.7007053822471544,0.08014870956292464,0.6522859867375737,P25,0.03266198620714732,-0.08954692993070809,0.03266198620714732,1,P25,False,0.9783167554895935,1.0,1.0,0.9623872130204203,1.0,1.0
P27 omitted; raw RCADS scores,Negative Valence,CP,Obsessive Compulsive,Obsessive Compulsive Raw,34,-0.04993377755176371,-0.38165489240936956,0.29318256893375017,0.7791355965754774,-0.052671698703765785,0.767349459851548,P25,0.10005890618735669,-0.13681409175238662,0.10005890618735669,1,P25,False,0.9783167554895935,1.0,1.0,0.9660069150051391,1.0,1.0
P27 omitted; raw RCADS scores,Angry Caucasian,LOT,Social Phobia,Social Phobia Raw,21,0.1428019337085858,-0.30786329630122283,0.5411303502505228,0.5368999781596238,0.14327642120392842,0.5355337679508807,P20,0.33278033029905457,0.006364882137763539,0.33278033029905457,1,P29,False,0.9631548202477633,1.0,1.0,0.9623872130204203,1.0,1.0
P27 omitted; raw RCADS scores,Angry Caucasian,LOT,Panic Disorder,Panic Disorder Raw,21,-0.3027742852610078,-0.6495610594149861,0.14829522191920058,0.18217282277194158,-0.47328013712228234,0.030234776057871195,P29,-0.4171902958444535,-0.4171902958444535,-0.20373014495245026,1,P29,False,0.9590339049263785,1.0,1.0,0.6146025573971836,1.0,1.0
P27 omitted; raw RCADS scores,Angry Caucasian,LOT,Major Depression,Major Depression Raw,21,-0.07999365754700707,-0.49460078174311123,0.3642722455878169,0.7303324169439444,-0.24330256847914883,0.2878931931463678,P25,0.0792998216908293,-0.21994239512092234,0.0792998216908293,1,P29,False,0.9783167554895935,1.0,1.0,0.9076733903401669,1.0,1.0
P27 omitted; raw RCADS scores,Angry Caucasian,LOT,Separation Anxiety,Separation Anxiety Raw,21,-0.07925078819537966,-0.49403585149317836,0.36492047450524034,0.7327480994921527,0.026712771143098776,0.9084946461434854,P20,0.05054116496524543,-0.17673449162435534,0.05054116496524543,1,P29,False,0.9783167554895935,1.0,1.0,0.9682640307581885,1.0,1.0
P27 omitted; raw RCADS scores,Angry Caucasian,LOT,Generalized Anxiety,Generalized Anxiety Raw,21,0.2554549609581462,-0.19807482252198474,0.6188924310771441,0.2637250193261275,0.1368083573637759,0.554294663888673,P29,0.07769207323490528,0.07769207323490528,0.38840549512187067,1,P29,False,0.9590339049263785,1.0,1.0,0.9623872130204203,1.0,1.0
P27 omitted; raw RCADS scores,Angry Caucasian,LOT,Obsessive Compulsive,Obsessive Compulsive Raw,21,-0.031641297882907024,-0.4570846980698956,0.4055854256556174,0.8916999979085224,-0.07042699667052288,0.7616219410511997,P29,-0.32043131802283364,-0.32043131802283364,0.20073325803215752,1,P29,False,0.9898390993629275,1.0,1.0,0.9639277691429248,1.0,1.0
P27 omitted; raw RCADS scores,Angry Caucasian,ROT,Social Phobia,Social Phobia Raw,21,0.47661330863624407,0.056564554014332184,0.7533086026574854,0.028932193891022556,0.47085842059291017,0.031209833333948996,P24,0.552463743658478,0.42073525713337545,0.552463743658478,0,,False,0.9590339049263785,1.0,1.0,0.6146025573971836,1.0,1.0
P27 omitted; raw RCADS scores,Angry Caucasian,ROT,Panic Disorder,Panic Disorder Raw,21,-0.03500337538449183,-0.45974320771371563,0.40276944961550204,0.8802683682600654,-0.07351924460151958,0.7514663663340191,P20,-0.2282893231998344,-0.2282893231998344,0.09921371274341777,0,,False,0.9898390993629275,1.0,1.0,0.9639277691429248,1.0,1.0
P27 omitted; raw RCADS scores,Angry Caucasian,ROT,Major Depression,Major Depression Raw,21,-0.21970107619411186,-0.5949605750576076,0.23419747161728655,0.3386132144026422,-0.2439566076417272,0.28655866958163956,P19,-0.35275466400921873,-0.35275466400921873,-0.13166506134127082,0,,False,0.9590339049263785,1.0,1.0,0.9076733903401669,1.0,1.0
P27 omitted; raw RCADS scores,Angry Caucasian,ROT,Separation Anxiety,Separation Anxiety Raw,21,0.33384653609727494,-0.11431499275208122,0.669103968022355,0.13913573986040656,0.2030170606875507,0.37744368769238956,P14,0.12429851830873313,0.12429851830873313,0.45446831450672404,0,,False,0.9590339049263785,1.0,1.0,0.9303286289424064,1.0,1.0
P27 omitted; raw RCADS scores,Angry Caucasian,ROT,Generalized Anxiety,Generalized Anxiety Raw,21,0.1688967042882121,-0.2834570642092233,0.5597703612204247,0.46424686412629523,-0.0039463949239550745,0.9864547672919459,P16,-0.014338095746014926,-0.014338095746014926,0.22788061584222397,0,,False,0.9631548202477633,1.0,1.0,0.9908780078528303,1.0,1.0
P27 omitted; raw RCADS scores,Angry Caucasian,ROT,Obsessive Compulsive,Obsessive Compulsive Raw,21,-0.12395455862548152,-0.5274193681174081,0.32512976648072844,0.5924280817471759,0.002657622515868788,0.9908780078528303,P30,0.13529025957395668,-0.28539285193444586,0.13529025957395668,0,,False,0.9676820400123441,1.0,1.0,0.9908780078528303,1.0,1.0
P27 omitted; raw RCADS scores,Angry Caucasian,O,Social Phobia,Social Phobia Raw,21,0.11149278426484682,-0.3363841513008185,0.5182368446465163,0.6304145474369212,0.2416161466666247,0.2913519524548684,P25,0.4619320660959262,0.012439827051255476,0.4619320660959262,1,P25,False,0.9747347470483463,1.0,1.0,0.9076733903401669,1.0,1.0
P27 omitted; raw RCADS scores,Angry Caucasian,O,Panic Disorder,Panic Disorder Raw,21,0.054270244173321186,-0.3864706724266054,0.4748327618848156,0.8152639629079946,0.05317016797074183,0.8189482964392678,P35,0.26933828314174385,-0.05603901914427751,0.26933828314174385,1,P25,False,0.9783167554895935,1.0,1.0,0.9678761630979387,1.0,1.0
P27 omitted; raw RCADS scores,Angry Caucasian,O,Major Depression,Major Depression Raw,21,0.19349002144246016,-0.25990594369669173,0.5769830861063877,0.4006994657987534,0.047744858868220066,0.8371709005882555,P25,-0.08543892744957954,-0.08543892744957954,0.2683562736547351,1,P25,False,0.9631548202477633,1.0,1.0,0.9682640307581885,1.0,1.0
P27 omitted; raw RCADS scores,Angry Caucasian,O,Separation Anxiety,Separation Anxiety Raw,21,0.4178932129625521,-0.016829611130332073,0.7197396899259831,0.05941937019302176,0.3699718803319181,0.09878160008078993,P25,0.3128431343212077,0.3128431343212077,0.4884800616488732,1,P25,False,0.9590339049263785,1.0,1.0,0.7806155713701447,1.0,1.0
P27 omitted; raw RCADS scores,Angry Caucasian,O,Generalized Anxiety,Generalized Anxiety Raw,21,0.42084630480502566,-0.013247131156221597,0.7214622973017565,0.05746120915739492,0.47751378579856396,0.028588012234251125,P16,0.4754275056261581,0.373161578414212,0.4754275056261581,1,P25,False,0.9590339049263785,1.0,1.0,0.6146025573971836,1.0,1.0
P27 omitted; raw RCADS scores,Angry Caucasian,O,Obsessive Compulsive,Obsessive Compulsive Raw,21,0.24957308899749128,-0.20410324394751353,0.6150012328016635,0.2752568668991388,0.3833620479140727,0.08626019667901605,P30,0.5727960271524051,0.1825277897653275,0.5727960271524051,1,P25,False,0.9590339049263785,1.0,1.0,0.7473118807717269,1.0,1.0
P27 omitted; raw RCADS scores,Angry Caucasian,Frontal,Social Phobia,Social Phobia Raw,21,0.38545213555753677,-0.05546346441203194,0.7005681621988568,0.08441726085932151,0.29241415054801756,0.19834119842476994,P18,0.26874347567776596,0.26874347567776596,0.48652964311552016,0,,False,0.9590339049263785,1.0,1.0,0.8930656854473417,1.0,1.0
P27 omitted; raw RCADS scores,Angry Caucasian,Frontal,Panic Disorder,Panic Disorder Raw,21,0.3732857234536591,-0.06961975884782201,0.6932590054816885,0.09556577881692506,0.33280586618723595,0.14044836803303434,P20,0.2805955360908743,0.2805955360908743,0.4598867776516098,0,,False,0.9590339049263785,1.0,1.0,0.8900210268560816,1.0,1.0
P27 omitted; raw RCADS scores,Angry Caucasian,Frontal,Major Depression,Major Depression Raw,21,-0.11339027130523296,-0.5196410966419206,0.3346787241794752,0.6245691584095425,-0.07783066034682448,0.7373728666225261,P26,-0.21084780635170158,-0.21084780635170158,-0.02086944666271203,0,,False,0.9747347470483463,1.0,1.0,0.9639277691429248,1.0,1.0
P27 omitted; raw RCADS scores,Angry Caucasian,Frontal,Separation Anxiety,Separation Anxiety Raw,21,0.19814838052546874,-0.2553833928834264,0.5802055192757154,0.3892311762357331,0.17096173531583217,0.4587214352352581,P20,0.06423191936960151,0.06423191936960151,0.29826355506257396,0,,False,0.9590339049263785,1.0,1.0,0.9623872130204203,1.0,1.0
P27 omitted; raw RCADS scores,Angry Caucasian,Frontal,Generalized Anxiety,Generalized Anxiety Raw,21,0.07091378580492953,-0.37216593982535523,0.4876716941896094,0.7600206760312379,0.09010935076364085,0.6976907743096621,P20,-0.02462527347312183,-0.02462527347312183,0.127965527945225,0,,False,0.9783167554895935,1.0,1.0,0.9623872130204203,1.0,1.0
P27 omitted; raw RCADS scores,Angry Caucasian,Frontal,Obsessive Compulsive,Obsessive Compulsive Raw,21,-0.09088042784995275,-0.5028398548880473,0.35472279342813556,0.6952227618805854,-0.14085399334104576,0.5425255634038793,P20,-0.2890960876845684,-0.2890960876845684,-0.048390466871819,0,,False,0.9783167554895935,1.0,1.0,0.9623872130204203,1.0,1.0
P27 omitted; raw RCADS scores,Angry Caucasian,PO,Social Phobia,Social Phobia Raw,21,0.1239999510031714,-0.3250885382005225,0.5274526443138172,0.5922914952661614,0.04233166990116067,0.8554331346431954,P20,-0.00728205172289953,-0.00728205172289953,0.2220961805643502,0,,False,0.9676820400123441,1.0,1.0,0.9682640307581885,1.0,1.0
P27 omitted; raw RCADS scores,Angry Caucasian,PO,Panic Disorder,Panic Disorder Raw,21,0.5160282913656731,0.10851447823128402,0.7750605699397072,0.016636540455676613,0.5061012284622465,0.019237567859642517,P35,0.46292797895250926,0.46292797895250926,0.5690189019214462,0,,False,0.9590339049263785,1.0,1.0,0.5653296459749134,1.0,1.0
P27 omitted; raw RCADS scores,Angry Caucasian,PO,Major Depression,Major Depression Raw,21,0.013580195487160066,-0.4205721422842096,0.44267185951699034,0.9534109112693733,0.022237331527664144,0.9237781420713889,P37,-0.11809805157485272,-0.11809805157485272,0.08714303397933978,0,,False,0.9898390993629275,1.0,1.0,0.9686217412010679,1.0,1.0
P27 omitted; raw RCADS scores,Angry Caucasian,PO,Separation Anxiety,Separation Anxiety Raw,21,0.04488062839312913,-0.3944483407483003,0.4675097001362933,0.8468243895774152,-0.0026712771143098776,0.9908311418606215,P14,-0.10320157703930014,-0.10320157703930014,0.11532915726512705,0,,False,0.9898390993629275,1.0,1.0,0.9908780078528303,1.0,1.0
P27 omitted; raw RCADS scores,Angry Caucasian,PO,Generalized Anxiety,Generalized Anxiety Raw,21,0.08254250185347181,-0.3620448429647067,0.49653644315874046,0.7220628039602428,0.04801447157478674,0.83626334532837,P20,0.013719355493362236,0.013719355493362236,0.14829571767374328,0,,False,0.9783167554895935,1.0,1.0,0.9682640307581885,1.0,1.0
P27 omitted; raw RCADS scores,Angry Caucasian,PO,Obsessive Compulsive,Obsessive Compulsive Raw,21,-0.049903786676500125,-0.4714345437424151,0.3901887530159659,0.8299093149900076,-0.09700322182921077,0.6757322926962581,P20,-0.1763235951064958,-0.1763235951064958,0.00977823609311082,0,,False,0.9813526206451185,1.0,1.0,0.9623872130204203,1.0,1.0
P27 omitted; raw RCADS scores,Angry Caucasian,CP,Social Phobia,Social Phobia Raw,21,0.4427171489408138,0.013636513673337628,0.7341052924966078,0.04445223035670047,0.5021187306737673,0.020368508190220912,P25,0.3869083280969421,0.3869083280969421,0.49390934337356024,2,P25; P20,False,0.9590339049263785,1.0,1.0,0.5653296459749134,1.0,1.0
P27 omitted; raw RCADS scores,Angry Caucasian,CP,Panic Disorder,Panic Disorder Raw,21,0.18477360240389437,-0.2683151531907663,0.5709212368862706,0.4226509885167348,0.4181407036711426,0.05925333736933235,P25,0.43707605589444465,0.10957776777305345,0.43707605589444465,2,P25; P20,False,0.9631548202477633,1.0,1.0,0.6842642940905662,1.0,1.0
P27 omitted; raw RCADS scores,Angry Caucasian,CP,Major Depression,Major Depression Raw,21,-0.15637852644501313,-0.5508774724500975,0.2952388038975901,0.4984572775607795,0.27011817414486144,0.23632887896768257,P25,0.30450626681111415,-0.23758799127412547,0.30450626681111415,2,P25; P20,False,0.9631548202477633,1.0,1.0,0.9076733903401669,1.0,1.0
P27 omitted; raw RCADS scores,Angry Caucasian,CP,Separation Anxiety,Separation Anxiety Raw,21,-0.13307895062302502,-0.534083476321588,0.3168079459504254,0.5652443236195087,0.08815214477222597,0.7039684243390112,P25,0.2304893916516113,-0.2643783218352233,0.2304893916516113,2,P25; P20,False,0.9676820400123441,1.0,1.0,0.9623872130204203,1.0,1.0
P27 omitted; raw RCADS scores,Angry Caucasian,CP,Generalized Anxiety,Generalized Anxiety Raw,21,0.06366305270096118,-0.3784237570079046,0.48210050590915504,0.7839659485647175,0.31900025635303514,0.15869581432559599,P25,0.3349710682267137,-0.038589279337766465,0.3349710682267137,2,P25; P20,False,0.9783167554895935,1.0,1.0,0.8900210268560816,1.0,1.0
P27 omitted; raw RCADS scores,Angry Caucasian,CP,Obsessive Compulsive,Obsessive Compulsive Raw,21,-0.058536578318620566,-0.47814098985591463,0.38282395855058854,0.801011433540844,0.22124707444607664,0.33513892137804635,P25,0.1672469970544544,-0.14202662373119024,0.1672469970544544,2,P25; P20,False,0.9783167554895935,1.0,1.0,0.9303286289424064,1.0,1.0
P27 omitted; raw RCADS scores,Happy Caucasian,LOT,Social Phobia,Social Phobia Raw,21,0.06078381978402318,-0.38089754811957993,0.4798787856125958,0.7935281775316755,0.14132265182387485,0.5411696325125107,P25,0.24476504811101046,-0.063919513255708,0.24476504811101046,0,,False,0.9783167554895935,1.0,1.0,0.9623872130204203,1.0,1.0
P27 omitted; raw RCADS scores,Happy Caucasian,LOT,Panic Disorder,Panic Disorder Raw,21,0.1536359015013523,-0.29780186847912393,0.5489170799111379,0.5061130752743338,0.1378485836278492,0.5512576319300087,P20,0.3030888784389954,0.06183787048945978,0.3030888784389954,0,,False,0.9631548202477633,1.0,1.0,0.9623872130204203,1.0,1.0
P27 omitted; raw RCADS scores,Happy Caucasian,LOT,Major Depression,Major Depression Raw,21,0.4459201234769715,0.01762638463932105,0.735940046821707,0.04275662667358082,0.41073659409920826,0.06437547579735244,P19,0.5737042788641029,0.33215960470050604,0.5737042788641029,0,,False,0.9590339049263785,1.0,1.0,0.6842642940905662,1.0,1.0
P27 omitted; raw RCADS scores,Happy Caucasian,LOT,Separation Anxiety,Separation Anxiety Raw,21,0.16708505444950447,-0.2851706288066093,0.5584889168893767,0.4691221809279652,0.20835961491617047,0.36474461734265673,P25,0.028903160397786315,0.028903160397786315,0.30285759610853036,0,,False,0.9631548202477633,1.0,1.0,0.9303286289424064,1.0,1.0
P27 omitted; raw RCADS scores,Happy Caucasian,LOT,Generalized Anxiety,Generalized Anxiety Raw,21,0.36301184945402815,-0.08143665835153432,0.6870351290303996,0.10579280566165165,0.4452848939195975,0.043088851803993806,P20,0.4714044693653329,0.2779294771955091,0.4714044693653329,0,,False,0.9590339049263785,1.0,1.0,0.6535650567902379,1.0,1.0
P27 omitted; raw RCADS scores,Happy Caucasian,LOT,Obsessive Compulsive,Obsessive Compulsive Raw,21,0.09278058500697266,-0.35304646514804094,0.5042702556010498,0.6891535573448336,0.14816245525968494,0.5215595867907541,P30,0.34318082528574834,-0.03720088326058509,0.34318082528574834,0,,False,0.9783167554895935,1.0,1.0,0.9623872130204203,1.0,1.0
P27 omitted; raw RCADS scores,Happy Caucasian,ROT,Social Phobia,Social Phobia Raw,21,0.10989162820072347,-0.33782095976045545,0.517050186402861,0.6353636630504719,0.1882131169451605,0.4139127271850347,P24,0.26006091289656996,0.01554560807353525,0.26006091289656996,0,,False,0.9747347470483463,1.0,1.0,0.9548697227911611,1.0,1.0
P27 omitted; raw RCADS scores,Happy Caucasian,ROT,Panic Disorder,Panic Disorder Raw,21,0.07838103296749653,-0.36567887738484134,0.4933739828945634,0.7355794848441025,0.15097702016383485,0.5135889326659904,P24,0.25796109846874654,-0.0064661599231860545,0.25796109846874654,0,,False,0.9783167554895935,1.0,1.0,0.9623872130204203,1.0,1.0
P27 omitted; raw RCADS scores,Happy Caucasian,ROT,Major Depression,Major Depression Raw,21,-0.08248630135372328,-0.4964938073232748,0.3620940106654806,0.7222448265322231,-0.07521450369651106,0.7459154064433066,P31,-0.2373529579564261,-0.2373529579564261,0.013201105925418653,0,,False,0.9783167554895935,1.0,1.0,0.9639277691429248,1.0,1.0
P27 omitted; raw RCADS scores,Happy Caucasian,ROT,Separation Anxiety,Separation Anxiety Raw,21,-0.22668717954662634,-0.5996896173268446,0.2272364747322591,0.3230820590235073,-0.2110308920304803,0.35848823703451727,P23,-0.35557546556418995,-0.35557546556418995,-0.1286175707501803,0,,False,0.9590339049263785,1.0,1.0,0.9303286289424064,1.0,1.0
P27 omitted; raw RCADS scores,Happy Caucasian,ROT,Generalized Anxiety,Generalized Anxiety Raw,21,0.0234275476881341,-0.41243028886639493,0.4505576740432287,0.9197108482851395,-0.08945161827631502,0.6997983258480561,P16,-0.20031657674414804,-0.20031657674414804,0.1543831744010341,0,,False,0.9898390993629275,1.0,1.0,0.9623872130204203,1.0,1.0
P27 omitted; raw RCADS scores,Happy Caucasian,ROT,Obsessive Compulsive,Obsessive Compulsive Raw,21,-0.14589105619185844,-0.5433575876531076,0.3050046867275905,0.5280343454325064,-0.16477259598386484,0.4753827937900508,P30,-0.23611472491382768,-0.23611472491382768,-0.05756269230107853,0,,False,0.9631548202477633,1.0,1.0,0.9623872130204203,1.0,1.0
P27 omitted; raw RCADS scores,Happy Caucasian,O,Social Phobia,Social Phobia Raw,21,-0.1607949984608205,-0.554025186130507,0.2910977725617813,0.48624915247283124,0.05144926034141065,0.8247192402601606,P25,0.1322557770224256,-0.23974942738773602,0.1322557770224256,1,P25,False,0.9631548202477633,1.0,1.0,0.9678761630979387,1.0,1.0
P27 omitted; raw RCADS scores,Happy Caucasian,O,Panic Disorder,Panic Disorder Raw,21,0.30753170282045256,-0.14316071700132188,0.6525832465446338,0.17505805495228574,0.26716368350730774,0.24169397924144426,P25,0.45041540523455975,0.1772791543926172,0.45041540523455975,1,P25,False,0.9590339049263785,1.0,1.0,0.9076733903401669,1.0,1.0
P27 omitted; raw RCADS scores,Happy Caucasian,O,Major Depression,Major Depression Raw,21,0.40935693635629966,-0.027122825512177824,0.7147392925688727,0.06536587951447234,0.1935955921231937,0.4004375192816856,P25,0.21815961595085237,0.21815961595085237,0.5065838128883855,1,P25,False,0.9590339049263785,1.0,1.0,0.951975297767551,1.0,1.0
P27 omitted; raw RCADS scores,Happy Caucasian,O,Separation Anxiety,Separation Anxiety Raw,21,0.376475692045302,-0.06592522770040955,0.6951818155119178,0.09254350290227269,0.39134209724639707,0.07938114265982542,P25,0.24969356176578533,0.24969356176578533,0.4248132536038842,1,P25,False,0.9590339049263785,1.0,1.0,0.7144302839384288,1.0,1.0
P27 omitted; raw RCADS scores,Happy Caucasian,O,Generalized Anxiety,Generalized Anxiety Raw,21,0.16909295920180403,-0.2832712612387544,0.5599090671573508,0.4637202841900533,0.3255775812262936,0.1498075208211126,P29,0.3274237180613508,0.1078085724648431,0.3274237180613508,1,P25,False,0.9631548202477633,1.0,1.0,0.8900210268560816,1.0,1.0
P27 omitted; raw RCADS scores,Happy Caucasian,O,Obsessive Compulsive,Obsessive Compulsive Raw,21,0.07359771081689005,-0.3698392915205532,0.4897253485110369,0.751209173187254,0.1548065115493569,0.5028384869193718,P25,-0.10888090482735165,-0.10888090482735165,0.22903250594075916,1,P25,False,0.9783167554895935,1.0,1.0,0.9623872130204203,1.0,1.0
P27 omitted; raw RCADS scores,Happy Caucasian,Frontal,Social Phobia,Social Phobia Raw,21,0.30676019868303506,-0.14399502430841624,0.6520938871301509,0.1761987068177031,0.23640609498648188,0.30219874136139646,P20,0.20741054036408732,0.20741054036408732,0.3736218774466249,0,,False,0.9590339049263785,1.0,1.0,0.9303286289424064,1.0,1.0
P27 omitted; raw RCADS scores,Happy Caucasian,Frontal,Panic Disorder,Panic Disorder Raw,21,0.3992662736264516,-0.03917213573068717,0.7087878217149055,0.07296388119158535,0.5166039776910349,0.016494870370390838,P35,0.6257661167314029,0.3183864304912766,0.6257661167314029,0,,False,0.9590339049263785,1.0,1.0,0.5653296459749134,1.0,1.0
P27 omitted; raw RCADS scores,Happy Caucasian,Frontal,Major Depression,Major Depression Raw,21,0.1670584002117529,-0.28519581838505154,0.5584700494443275,0.4691941034902406,0.16416382980716762,0.47703789959764076,P20,0.2663286946566071,0.0870771209035445,0.2663286946566071,0,,False,0.9631548202477633,1.0,1.0,0.9623872130204203,1.0,1.0
P27 omitted; raw RCADS scores,Happy Caucasian,Frontal,Separation Anxiety,Separation Anxiety Raw,21,0.4191248018535004,-0.015336891096225089,0.7204585565549935,0.05859663447569073,0.43541816963251007,0.04851057606110287,P14,0.3249142887646797,0.3249142887646797,0.49148855875367353,0,,False,0.9590339049263785,1.0,1.0,0.6535650567902379,1.0,1.0
P27 omitted; raw RCADS scores,Happy Caucasian,Frontal,Generalized Anxiety,Generalized Anxiety Raw,21,0.37647038024820445,-0.065931389771956,0.6951786175185729,0.09254847616748244,0.4321302441730806,0.050429402530110946,P29,0.4646436998031299,0.34583333587537257,0.4646436998031299,0,,False,0.9590339049263785,1.0,1.0,0.6535650567902379,1.0,1.0
P27 omitted; raw RCADS scores,Happy Caucasian,Frontal,Obsessive Compulsive,Obsessive Compulsive Raw,21,0.3472829548650993,-0.09928897570478004,0.6774136068109338,0.12296019034119866,0.3986433773803182,0.07345373096460728,P30,0.2400322621946494,0.2400322621946494,0.4403812306362798,0,,False,0.9590339049263785,1.0,1.0,0.7144302839384288,1.0,1.0
P27 omitted; raw RCADS scores,Happy Caucasian,PO,Social Phobia,Social Phobia Raw,21,0.07573796205376959,-0.3679799502157903,0.4913596984075898,0.7442038241706521,0.14002013890383913,0.5449419238262744,P22,0.20407495758680486,0.0049942107770688665,0.20407495758680486,0,,False,0.9783167554895935,1.0,1.0,0.9623872130204203,1.0,1.0
P27 omitted; raw RCADS scores,Happy Caucasian,PO,Panic Disorder,Panic Disorder Raw,21,0.44875072516893666,0.0211637898749242,0.7375579575686704,0.041300315084526674,0.4398026239555189,0.046039953156853344,P35,0.3374642396806747,0.3374642396806747,0.5352711620499351,0,,False,0.9590339049263785,1.0,1.0,0.6535650567902379,1.0,1.0
P27 omitted; raw RCADS scores,Happy Caucasian,PO,Major Depression,Major Depression Raw,21,0.05453407558939721,-0.3862455575618745,0.4750376890722917,0.8143809032901979,0.06082564211978721,0.7933890734735952,P21,-0.05369945246433902,-0.05369945246433902,0.15943006581705263,0,,False,0.9783167554895935,1.0,1.0,0.9678761630979387,1.0,1.0
P27 omitted; raw RCADS scores,Happy Caucasian,PO,Separation Anxiety,Separation Anxiety Raw,21,0.12480015300735137,-0.32436146280544537,0.5280390523706043,0.589885855815016,0.09215906044369078,0.6911367401163457,P14,-0.12785389391410287,-0.12785389391410287,0.2500443329795817,0,,False,0.9676820400123441,1.0,1.0,0.9623872130204203,1.0,1.0
P27 omitted; raw RCADS scores,Happy Caucasian,PO,Generalized Anxiety,Generalized Anxiety Raw,21,0.3360565216517523,-0.11185756415220158,0.6704764992765088,0.1363770313738463,0.34662502082072066,0.12371930646767525,P22,0.4486496395994486,0.26467689493849705,0.4486496395994486,0,,False,0.9590339049263785,1.0,1.0,0.8900210268560816,1.0,1.0
P27 omitted; raw RCADS scores,Happy Caucasian,PO,Obsessive Compulsive,Obsessive Compulsive Raw,21,0.21408863321023092,-0.23975623337953306,0.5911424784844462,0.3514033755971054,0.1966640661742903,0.3928652834934101,P30,0.09644257720505009,0.09644257720505009,0.3080800072137442,0,,False,0.9590339049263785,1.0,1.0,0.9428766803841842,1.0,1.0
P27 omitted; raw RCADS scores,Happy Caucasian,CP,Social Phobia,Social Phobia Raw,21,-0.18609151215005743,-0.5718404891950323,0.26704810863041584,0.4192911094925442,0.20254075906555333,0.3785878459136902,P25,0.3071584860080309,-0.23739049077297922,0.3071584860080309,1,P25,False,0.9631548202477633,1.0,1.0,0.9303286289424064,1.0,1.0
P27 omitted; raw RCADS scores,Happy Caucasian,CP,Panic Disorder,Panic Disorder Raw,21,0.14291846118789972,-0.3077556116719179,0.541214467358432,0.5365643070315476,0.2901384474452826,0.20201773195385322,P25,0.30219278927187,0.11157784930035385,0.30219278927187,1,P25,False,0.9631548202477633,1.0,1.0,0.8930656854473417,1.0,1.0
P27 omitted; raw RCADS scores,Happy Caucasian,CP,Major Depression,Major Depression Raw,21,0.417687415637556,-0.017078854400745355,0.7196195048509848,0.05955770198908773,0.3119766805498763,0.1685847801082532,P25,0.2654478984012803,0.2654478984012803,0.46765545108937717,1,P25,False,0.9590339049263785,1.0,1.0,0.8900210268560816,1.0,1.0
P27 omitted; raw RCADS scores,Happy Caucasian,CP,Separation Anxiety,Separation Anxiety Raw,21,0.37704242913182523,-0.06526757747941296,0.695522949873532,0.09201401604205013,0.43808944674681993,0.0469934691362002,P14,0.4601159130428378,0.3349314595824741,0.4601159130428378,1,P25,False,0.9590339049263785,1.0,1.0,0.6535650567902379,1.0,1.0
P27 omitted; raw RCADS scores,Happy Caucasian,CP,Generalized Anxiety,Generalized Anxiety Raw,21,0.23418558444548201,-0.21971304605290218,0.6047366233919493,0.3068955774576068,0.3551755431559566,0.11411267416864203,P25,0.3597687308619348,0.21354953014916994,0.3597687308619348,1,P25,False,0.9590339049263785,1.0,1.0,0.8598257309451166,1.0,1.0
P27 omitted; raw RCADS scores,Happy Caucasian,CP,Obsessive Compulsive,Obsessive Compulsive Raw,21,0.25479960641427557,-0.19874820827265288,0.6184597574281934,0.2649944968848194,0.3082842118407794,0.17395037133236857,P30,0.36126558083002247,0.23612882444442465,0.36126558083002247,1,P25,False,0.9590339049263785,1.0,1.0,0.8900210268560816,1.0,1.0
