Variant,Condition,ROI,RCADS Scale,Score Column,N,Pearson r,Pearson CI 95% Low,Pearson CI 95% High,Pearson p,Spearman rho,Spearman p,Most Influential PID,Pearson r Without Most Influential PID,Leave-One-Out r Minimum,Leave-One-Out r Maximum,BCA MAD-Outlier Count,BCA MAD-Outlier PIDs,Descriptive Only (N < 20),Pearson_q_bh,Pearson_q_by,Pearson_p_holm,Spearman_q_bh,Spearman_q_by,Spearman_p_holm
Workbook QC flags honored; raw RCADS scores,Angry Neutral,LOT,Social Phobia,Social Phobia Raw,13,0.3139290373519378,-0.2866357284661049,0.7373710571449845,0.2962332372182952,0.23724341041601307,0.4351286333150973,P8,0.11954503421628751,0.11954503421628751,0.46937116433390735,3,P11; P4; P8,True,0.7557446366828948,1.0,1.0,0.974289749580053,1.0,1.0
Workbook QC flags honored; raw RCADS scores,Angry Neutral,LOT,Panic Disorder,Panic Disorder Raw,13,0.5399631037497622,-0.015690224052976418,0.8408004161833419,0.05680664003605641,0.3563200951417595,0.2320834262534437,P8,0.07427359381569361,0.07427359381569361,0.731322996022666,3,P11; P4; P8,True,0.36596411198271095,1.0,1.0,0.974289749580053,1.0,1.0
Workbook QC flags honored; raw RCADS scores,Angry Neutral,LOT,Major Depression,Major Depression Raw,13,0.4303944630360253,-0.15807749882249558,0.7932642654823876,0.1420873993341566,0.26482985348764254,0.38189415941154337,P8,0.2473316439514092,0.2473316439514092,0.49421727675832283,3,P11; P4; P8,True,0.5683495973366264,1.0,1.0,0.974289749580053,1.0,1.0
Workbook QC flags honored; raw RCADS scores,Angry Neutral,LOT,Separation Anxiety,Separation Anxiety Raw,13,0.44191538133013003,-0.14417490742285255,0.7984797447354978,0.13055529088756498,0.41946716470838535,0.15362505707958368,P8,0.12226727977944099,0.12226727977944099,0.6005280728799929,3,P11; P4; P8,True,0.5471346097838434,1.0,1.0,0.8888306873890199,1.0,1.0
Workbook QC flags honored; raw RCADS scores,Angry Neutral,LOT,Generalized Anxiety,Generalized Anxiety Raw,13,0.500859550566642,-0.06923123614897178,0.8243516252801009,0.08125650746586242,0.34691049217003916,0.24552459399983512,P8,0.21416188208928383,0.21416188208928383,0.5599512187359739,3,P11; P4; P8,True,0.4578343952097087,1.0,1.0,0.974289749580053,1.0,1.0
Workbook QC flags honored; raw RCADS scores,Angry Neutral,LOT,Obsessive Compulsive,Obsessive Compulsive Raw,13,0.488246627160356,-0.08582778320215284,0.8189269035165915,0.09049241860814171,0.31757954963803287,0.2903465120960303,P11,0.1703759393960999,0.1703759393960999,0.618907942899402,3,P11; P4; P8,True,0.4892184354964778,1.0,1.0,0.974289749580053,1.0,1.0
Workbook QC flags honored; raw RCADS scores,Angry Neutral,ROT,Social Phobia,Social Phobia Raw,13,0.5233933462723193,-0.038773551761706875,0.8338975662019226,0.06642074340167699,0.5903498817328697,0.03365994437462631,P4,0.6739342813582208,0.4566451592120465,0.6739342813582208,0,,True,0.39127856112987897,1.0,1.0,0.6759222565620955,1.0,1.0
Workbook QC flags honored; raw RCADS scores,Angry Neutral,ROT,Panic Disorder,Panic Disorder Raw,13,0.6091370749636781,0.08752861452067891,0.8685985043390826,0.027118795935481596,0.7631422510122723,0.002406671463852946,P4,0.6967710835333291,0.5565721342912447,0.6967710835333291,0,,True,0.26493855710762015,1.0,1.0,0.27450077514117177,1.0,0.7773548828245016
Workbook QC flags honored; raw RCADS scores,Angry Neutral,ROT,Major Depression,Major Depression Raw,13,0.32186205791404204,-0.2785155422000995,0.741371586336852,0.2835272291289106,0.3310373168595532,0.2692327266949956,P8,0.2124871326502363,0.2124871326502363,0.4294700374085645,0,,True,0.746852213315179,1.0,1.0,0.974289749580053,1.0,1.0
Workbook QC flags honored; raw RCADS scores,Angry Neutral,ROT,Separation Anxiety,Separation Anxiety Raw,13,0.4201227640345738,-0.17027896213749366,0.7885689645206911,0.15291621393534677,0.3911247887145756,0.18632776032057086,P8,0.28796129818751276,0.28796129818751276,0.550624610398575,0,,True,0.5973058855967758,1.0,1.0,0.9001745995917332,1.0,1.0
Workbook QC flags honored; raw RCADS scores,Angry Neutral,ROT,Generalized Anxiety,Generalized Anxiety Raw,13,0.4032580434081155,-0.1899269964492552,0.7807656151975785,0.1718325431726225,0.5063774119578798,0.07742958953515268,P4,0.6101648671337767,0.2656494981235367,0.6101648671337767,0,,True,0.6117993844827438,1.0,1.0,0.7653624048610403,1.0,1.0
Workbook QC flags honored; raw RCADS scores,Angry Neutral,ROT,Obsessive Compulsive,Obsessive Compulsive Raw,13,0.15445420540075927,-0.43341563250331633,0.6501135463603593,0.6143872414327606,0.14764663272645387,0.6302602214328223,P1,0.2660790094223238,0.09503919188546946,0.2660790094223238,0,,True,0.9371960310710511,1.0,1.0,0.974289749580053,1.0,1.0
Workbook QC flags honored; raw RCADS scores,Angry Neutral,O,Social Phobia,Social Phobia Raw,13,-0.12947969329353015,-0.6351523336124021,0.45388651151346276,0.6733254315827282,0.013793221535814715,0.9643285043715936,P4,-0.001470985701581504,-0.18124735141561796,-0.001470985701581504,1,P4,True,0.9440883237813129,1.0,1.0,0.974289749580053,1.0,1.0
Workbook QC flags honored; raw RCADS scores,Angry Neutral,O,Panic Disorder,Panic Disorder Raw,13,-0.21768286242659385,-0.686347594391645,0.3787269748290354,0.47496635184428904,-0.03647371052632183,0.9058342003997277,P4,0.23275749045662195,-0.2755344229721205,0.23275749045662195,1,P4,True,0.8947040581252886,1.0,1.0,0.974289749580053,1.0,1.0
Workbook QC flags honored; raw RCADS scores,Angry Neutral,O,Major Depression,Major Depression Raw,13,-0.08350411405710151,-0.6065809078547936,0.4900271096436299,0.7862261908806195,0.16827730273693953,0.5826334072609224,P4,0.1995542803414928,-0.149196294522322,0.1995542803414928,1,P4,True,0.9719005609975544,1.0,1.0,0.974289749580053,1.0,1.0
Workbook QC flags honored; raw RCADS scores,Angry Neutral,O,Separation Anxiety,Separation Anxiety Raw,13,-0.22631403993164637,-0.6911196826881321,0.3709238783447371,0.4571806305357371,-0.11053526637585831,0.719230151517998,P4,0.045370453268829894,-0.2627518568601327,0.045370453268829894,1,P4,True,0.8945121512712005,1.0,1.0,0.974289749580053,1.0,1.0
Workbook QC flags honored; raw RCADS scores,Angry Neutral,O,Generalized Anxiety,Generalized Anxiety Raw,13,-0.008171743648657063,-0.5566507198990435,0.5452686362298277,0.9788626386302958,0.15946691978784058,0.6027968512673798,P4,0.2154418724960429,-0.050995275175853574,0.2154418724960429,1,P4,True,0.9856977357155755,1.0,1.0,0.974289749580053,1.0,1.0
Workbook QC flags honored; raw RCADS scores,Angry Neutral,O,Obsessive Compulsive,Obsessive Compulsive Raw,13,-0.08394609585518811,-0.6068621628441636,0.4896888147544532,0.7851184554669879,-0.041786782847109585,0.8921844093937465,P4,0.10632620005140561,-0.13245289888898332,0.10632620005140561,1,P4,True,0.9719005609975544,1.0,1.0,0.974289749580053,1.0,1.0
Workbook QC flags honored; raw RCADS scores,Angry Neutral,Frontal,Social Phobia,Social Phobia Raw,13,0.14258725679254255,-0.443218862724936,0.6430521428969185,0.6421528361042388,0.15724272550828777,0.6079292395803791,P6,0.025067883633837783,0.025067883633837783,0.24981639662482344,2,P1; P4,True,0.9371960310710511,1.0,1.0,0.974289749580053,1.0,1.0
Workbook QC flags honored; raw RCADS scores,Angry Neutral,Frontal,Panic Disorder,Panic Disorder Raw,13,0.05175347826693239,-0.5138854767049412,0.5860279553197285,0.866655333198382,0.2889840141700884,0.33826077542034527,P1,0.1881757856482697,-0.07926214288257592,0.1881757856482697,2,P1; P4,True,0.9800258679808795,1.0,1.0,0.974289749580053,1.0,1.0
Workbook QC flags honored; raw RCADS scores,Angry Neutral,Frontal,Major Depression,Major Depression Raw,13,-0.07560030482768101,-0.6015291179127789,0.4960476936432952,0.8060962359278596,0.049655597528932977,0.8720198262373685,P6,-0.25086490858209515,-0.25086490858209515,0.0794998573514068,2,P1; P4,True,0.9719005609975544,1.0,1.0,0.974289749580053,1.0,1.0
Workbook QC flags honored; raw RCADS scores,Angry Neutral,Frontal,Separation Anxiety,Separation Anxiety Raw,13,-0.07828726797131666,-0.6032512466584571,0.49400709636273343,0.7993286240005094,-0.04251356399071474,0.8903192846227672,P1,0.119059471406306,-0.23240929054174309,0.119059471406306,2,P1; P4,True,0.9719005609975544,1.0,1.0,0.974289749580053,1.0,1.0
Workbook QC flags honored; raw RCADS scores,Angry Neutral,Frontal,Generalized Anxiety,Generalized Anxiety Raw,13,0.030119319523175366,-0.5296557803416909,0.5716184407033043,0.9221902741942628,0.06714396622645918,0.8274743740065711,P7,0.21916859869948468,-0.10978933365323795,0.21916859869948468,2,P1; P4,True,0.9800258679808795,1.0,1.0,0.974289749580053,1.0,1.0
Workbook QC flags honored; raw RCADS scores,Angry Neutral,Frontal,Obsessive Compulsive,Obsessive Compulsive Raw,13,-0.20517077800061104,-0.6793573882804131,0.38989006919738983,0.5013125283974498,-0.1782902734810009,0.5600521999195633,P1,0.06403660521302704,-0.2957407643125286,0.06403660521302704,2,P1; P4,True,0.9093743143576819,1.0,1.0,0.974289749580053,1.0,1.0
Workbook QC flags honored; raw RCADS scores,Angry Neutral,PO,Social Phobia,Social Phobia Raw,13,0.16166518792073906,-0.4273899332862102,0.6543630115308179,0.5977407786184263,0.22896747749452426,0.4517781206171493,P7,0.23769755548230903,0.09651829540194343,0.23769755548230903,1,P4,True,0.9371960310710511,1.0,1.0,0.974289749580053,1.0,1.0
Workbook QC flags honored; raw RCADS scores,Angry Neutral,PO,Panic Disorder,Panic Disorder Raw,13,0.30903780982845525,-0.2915997192625508,0.7348895755472196,0.3042268620765279,0.43487885627537576,0.13752205348957283,P8,0.23307597119176593,0.23307597119176593,0.37930221580536166,1,P4,True,0.7641690499666512,1.0,1.0,0.8888306873890199,1.0,1.0
Workbook QC flags honored; raw RCADS scores,Angry Neutral,PO,Major Depression,Major Depression Raw,13,0.12855543024959978,-0.4546324681352528,0.6345912668597895,0.6755424557806943,0.2124156116515466,0.48597727479107067,P7,0.26365040485907487,0.05088108300743798,0.26365040485907487,1,P4,True,0.9440883237813129,1.0,1.0,0.974289749580053,1.0,1.0
Workbook QC flags honored; raw RCADS scores,Angry Neutral,PO,Separation Anxiety,Separation Anxiety Raw,13,0.2601269932655145,-0.3395204706663102,0.7094321207815024,0.3907175168218579,0.1275406919721442,0.677979279488085,P7,0.4038680921847775,0.13438311184222185,0.4038680921847775,1,P4,True,0.8430257313601229,1.0,1.0,0.974289749580053,1.0,1.0
Workbook QC flags honored; raw RCADS scores,Angry Neutral,PO,Generalized Anxiety,Generalized Anxiety Raw,13,0.07663070524349308,-0.49526590825577815,0.6021901006318437,0.8034994870581441,0.19024123764163436,0.5335882464483502,P7,0.21760084427877674,-0.04929337249194847,0.21760084427877674,1,P4,True,0.9719005609975544,1.0,1.0,0.974289749580053,1.0,1.0
Workbook QC flags honored; raw RCADS scores,Angry Neutral,PO,Obsessive Compulsive,Obsessive Compulsive Raw,13,0.02667937314515909,-0.5321281825664398,0.5692960559153009,0.9310567789208964,-0.11700299197190685,0.7034517107925405,P4,-0.1775697482370158,-0.1775697482370158,0.09560270279353317,1,P4,True,0.9800258679808795,1.0,1.0,0.974289749580053,1.0,1.0
Workbook QC flags honored; raw RCADS scores,Angry Neutral,CP,Social Phobia,Social Phobia Raw,13,0.22150850310386752,-0.3752787993820563,0.688467742637077,0.4670433084145473,0.06344881906474768,0.836851263546061,P8,0.09582311281911592,0.09582311281911592,0.3130367933120645,2,P11; P4,True,0.8947040581252886,1.0,1.0,0.974289749580053,1.0,1.0
Workbook QC flags honored; raw RCADS scores,Angry Neutral,CP,Panic Disorder,Panic Disorder Raw,13,0.371916446718538,-0.2252213198308401,0.7659441033915612,0.21081019685473842,0.266538653846198,0.3787143022821444,P8,0.11252569589356978,0.11252569589356978,0.4833266139119258,2,P11; P4,True,0.675217389990114,1.0,1.0,0.974289749580053,1.0,1.0
Workbook QC flags honored; raw RCADS scores,Angry Neutral,CP,Major Depression,Major Depression Raw,13,0.2576044117377637,-0.3419103632564034,0.7080865657748868,0.3954935529837614,0.31724409532373843,0.29088462616813887,P8,0.1187722931869001,0.1187722931869001,0.39310497876304545,2,P11; P4,True,0.8430257313601229,1.0,1.0,0.974289749580053,1.0,1.0
Workbook QC flags honored; raw RCADS scores,Angry Neutral,CP,Separation Anxiety,Separation Anxiety Raw,13,0.2857034025730333,-0.31484415488457335,0.7228921903097438,0.34401940999965136,0.2239047703510976,0.4621127433167901,P8,0.08446309913873444,0.08446309913873444,0.4171663238407375,2,P11; P4,True,0.8018869700711297,1.0,1.0,0.974289749580053,1.0,1.0
Workbook QC flags honored; raw RCADS scores,Angry Neutral,CP,Generalized Anxiety,Generalized Anxiety Raw,13,0.2955257930416813,-0.30514665049736506,0.7279747056236829,0.32693714933351165,0.19583656816050599,0.521387571967767,P8,0.09597543445300404,0.09597543445300404,0.4498317278369745,2,P11; P4,True,0.7844386274641902,1.0,1.0,0.974289749580053,1.0,1.0
Workbook QC flags honored; raw RCADS scores,Angry Neutral,CP,Obsessive Compulsive,Obsessive Compulsive Raw,13,0.40445294773648965,-0.1885503536755331,0.781322404094935,0.17044532249180358,0.3342942627768767,0.2642624483801814,P11,0.12929844914530864,0.12929844914530864,0.4884056407983684,2,P11; P4,True,0.6117993844827438,1.0,1.0,0.974289749580053,1.0,1.0
Workbook QC flags honored; raw RCADS scores,Neutral Angry,LOT,Social Phobia,Social Phobia Raw,34,-0.10402142022463773,-0.427161095794163,0.24268093765359477,0.5582462154844517,0.06971605423434152,0.6952185565905085,P25,0.1837687130811123,-0.15071207466251912,0.1837687130811123,1,P25,False,0.9166057315291883,1.0,1.0,0.974289749580053,1.0,1.0
Workbook QC flags honored; raw RCADS scores,Neutral Angry,LOT,Panic Disorder,Panic Disorder Raw,34,0.056398419948024234,-0.28724562953105953,0.3871798198189286,0.7513892191345755,0.052593320682845994,0.7676861619395232,P8,-0.043342510981582025,-0.043342510981582025,0.13298604012654633,1,P25,False,0.9719005609975544,1.0,1.0,0.974289749580053,1.0,1.0
Workbook QC flags honored; raw RCADS scores,Neutral Angry,LOT,Major Depression,Major Depression Raw,34,0.1234986223027848,-0.2240229451197088,0.4431567649791332,0.4865226882524871,0.013039917528581356,0.9416516751696848,P25,-0.11518437088521821,-0.11518437088521821,0.22332053756256356,1,P25,False,0.9076220792902475,1.0,1.0,0.974289749580053,1.0,1.0
Workbook QC flags honored; raw RCADS scores,Neutral Angry,LOT,Separation Anxiety,Separation Anxiety Raw,34,0.056780355868183856,-0.28689404269664387,0.38750549516512595,0.7497591045503484,0.13879451941932272,0.43372526061729,P27,0.2766377719671237,-0.05678039315086098,0.2766377719671237,1,P25,False,0.9719005609975544,1.0,1.0,0.974289749580053,1.0,1.0
Workbook QC flags honored; raw RCADS scores,Neutral Angry,LOT,Generalized Anxiety,Generalized Anxiety Raw,34,0.072267733986312,-0.2725588854648166,0.40064234622013956,0.6846252606877974,0.03960396797877731,0.8240194959380093,P27,0.2194005090545222,-0.0013107812212409418,0.2194005090545222,1,P25,False,0.9440883237813129,1.0,1.0,0.974289749580053,1.0,1.0
Workbook QC flags honored; raw RCADS scores,Neutral Angry,LOT,Obsessive Compulsive,Obsessive Compulsive Raw,34,0.15349573260225938,-0.19478043125257344,0.46740009738309213,0.3861058157726506,0.11993347556187801,0.4992860253460851,P30,0.22355633122503124,0.10436330482435584,0.22355633122503124,1,P25,False,0.8430257313601229,1.0,1.0,0.974289749580053,1.0,1.0
Workbook QC flags honored; raw RCADS scores,Neutral Angry,ROT,Social Phobia,Social Phobia Raw,34,-0.22903826581091544,-0.526430409531992,0.11828927766774747,0.19258921939863083,0.04152318834616824,0.8156342088817322,P27,0.10890144680059914,-0.2672223636433014,0.10890144680059914,1,P27,False,0.6432877019088288,1.0,1.0,0.974289749580053,1.0,1.0
Workbook QC flags honored; raw RCADS scores,Neutral Angry,ROT,Panic Disorder,Panic Disorder Raw,34,-0.19249239592037223,-0.49822638328760005,0.1558160418703475,0.2754178889530601,0.12292339174260486,0.48857059945369885,P27,0.06259632744429955,-0.23077865353804244,0.06259632744429955,1,P27,False,0.746852213315179,1.0,1.0,0.974289749580053,1.0,1.0
Workbook QC flags honored; raw RCADS scores,Neutral Angry,ROT,Major Depression,Major Depression Raw,34,-0.293899097262681,-0.574924961607909,0.04915161163617354,0.091583870347904,-0.01810247374556,0.919062570265708,P27,0.0911519687684011,-0.33470271393572815,0.0911519687684011,1,P27,False,0.4892184354964778,1.0,1.0,0.974289749580053,1.0,1.0
Workbook QC flags honored; raw RCADS scores,Neutral Angry,ROT,Separation Anxiety,Separation Anxiety Raw,34,-0.5786965556221192,-0.7668025746396979,-0.29905440721003856,0.0003367038804628456,-0.046575342087021056,0.7936589672832822,P27,0.08497268893139437,-0.640285637632879,0.08497268893139437,1,P27,False,0.015584579609994568,0.09911015891426529,0.1070718339871849,0.974289749580053,1.0,1.0
Workbook QC flags honored; raw RCADS scores,Neutral Angry,ROT,Generalized Anxiety,Generalized Anxiety Raw,34,-0.4289791834933834,-0.6699568855396191,-0.10622280853832304,0.011356507186305731,0.008663367995357536,0.961216546170893,P27,0.09722995710865359,-0.5332683922163038,0.09722995710865359,1,P27,False,0.15997862297230683,1.0,1.0,0.974289749580053,1.0,1.0
Workbook QC flags honored; raw RCADS scores,Neutral Angry,ROT,Obsessive Compulsive,Obsessive Compulsive Raw,34,-0.042087882274091645,-0.37491749985952627,0.3003526377924805,0.8131707778734265,-0.05725155560457048,0.747749475424154,P30,-0.08964269331258193,-0.08964269331258193,-0.005420662628682023,1,P27,False,0.9719005609975544,1.0,1.0,0.974289749580053,1.0,1.0
Workbook QC flags honored; raw RCADS scores,Neutral Angry,O,Social Phobia,Social Phobia Raw,34,0.004609133049079853,-0.334077274390884,0.3422413959247515,0.9793606606329779,-0.06266783776229819,0.724769636438133,P4,-0.08487674420111506,-0.08487674420111506,0.049539887233880545,2,P29; P4,False,0.9856977357155755,1.0,1.0,0.974289749580053,1.0,1.0
Workbook QC flags honored; raw RCADS scores,Neutral Angry,O,Panic Disorder,Panic Disorder Raw,34,0.0371458342749328,-0.30484921058011866,0.37065556175904746,0.834787237216172,-0.13171465062507473,0.4577610073409035,P4,-0.20092321587397757,-0.20092321587397757,0.08427643031777816,2,P29; P4,False,0.9729174994893515,1.0,1.0,0.974289749580053,1.0,1.0
Workbook QC flags honored; raw RCADS scores,Neutral Angry,O,Major Depression,Major Depression Raw,34,-0.07038783782746552,-0.39905492984842533,0.27430712436884147,0.6924240500910266,-0.20434317821259257,0.2463625354223708,P4,-0.20839222159595888,-0.20839222159595888,-0.043518119076396196,2,P29; P4,False,0.9440883237813129,1.0,1.0,0.974289749580053,1.0,1.0
Workbook QC flags honored; raw RCADS scores,Neutral Angry,O,Separation Anxiety,Separation Anxiety Raw,34,0.03261518994834999,-0.3089581112968013,0.3667360317916757,0.8547096199019226,-0.08181735093286699,0.6455154897651629,P4,-0.09809940679556413,-0.09809940679556413,0.11032518273810007,2,P29; P4,False,0.9800258679808795,1.0,1.0,0.974289749580053,1.0,1.0
Workbook QC flags honored; raw RCADS scores,Neutral Angry,O,Generalized Anxiety,Generalized Anxiety Raw,34,-0.0845889978509025,-0.4109980560607314,0.2610438856062582,0.6343313502586551,-0.16599631891104707,0.3481190904279421,P16,-0.1946016388479803,-0.1946016388479803,-0.008235622947876666,2,P29; P4,False,0.9371960310710511,1.0,1.0,0.974289749580053,1.0,1.0
Workbook QC flags honored; raw RCADS scores,Neutral Angry,O,Obsessive Compulsive,Obsessive Compulsive Raw,34,-0.1299824555035773,-0.4484368393570214,0.21775478612560498,0.4637481168471509,-0.2507276798292301,0.1526426125345727,P4,-0.28575337777454296,-0.28575337777454296,-0.038086313461892674,2,P29; P4,False,0.8945121512712005,1.0,1.0,0.8888306873890199,1.0,1.0
Workbook QC flags honored; raw RCADS scores,Neutral Angry,Frontal,Social Phobia,Social Phobia Raw,34,-0.04543119993527855,-0.3777927640687532,0.29730203010678663,0.7986226146072353,0.017160874888453293,0.9232597989440126,P27,0.008203241710830053,-0.07962059359364984,0.008203241710830053,3,P1; P16; P27,False,0.9719005609975544,1.0,1.0,0.974289749580053,1.0,1.0
Workbook QC flags honored; raw RCADS scores,Neutral Angry,Frontal,Panic Disorder,Panic Disorder Raw,34,0.02633829843432467,-0.3146297145612461,0.361286125688137,0.8824545552014167,0.15099372712171916,0.39398784782006746,P1,-0.11692700104792554,-0.11692700104792554,0.07223662983561463,3,P1; P16; P27,False,0.9800258679808795,1.0,1.0,0.974289749580053,1.0,1.0
Workbook QC flags honored; raw RCADS scores,Neutral Angry,Frontal,Major Depression,Major Depression Raw,34,0.042606631861752425,-0.29987976384479575,0.3753640462898088,0.8109093248311836,0.10033065957284949,0.5723672217698537,P1,-0.10511739716820928,-0.10511739716820928,0.11651983834767461,3,P1; P16; P27,False,0.9719005609975544,1.0,1.0,0.974289749580053,1.0,1.0
Workbook QC flags honored; raw RCADS scores,Neutral Angry,Frontal,Separation Anxiety,Separation Anxiety Raw,34,0.010462479346190436,-0.3288667659148161,0.3473990611970245,0.9531704874111179,0.05387214568065435,0.7621977498840202,P1,-0.19671206595435442,-0.19671206595435442,0.17390644009452344,3,P1; P16; P27,False,0.9835262354178413,1.0,1.0,0.974289749580053,1.0,1.0
Workbook QC flags honored; raw RCADS scores,Neutral Angry,Frontal,Generalized Anxiety,Generalized Anxiety Raw,34,0.031155450784818184,-0.3102792575274204,0.3654706575069407,0.8611479079963296,0.12979581693044595,0.46439567747100574,P16,-0.09202803560927664,-0.09202803560927664,0.14355093957250026,3,P1; P16; P27,False,0.9800258679808795,1.0,1.0,0.974289749580053,1.0,1.0
Workbook QC flags honored; raw RCADS scores,Neutral Angry,Frontal,Obsessive Compulsive,Obsessive Compulsive Raw,34,0.16070088268222207,-0.1876630889565768,0.473153737841599,0.3639256367001288,0.09262650053097175,0.602352150675306,P1,0.001112017799927481,0.001112017799927481,0.2243168034491059,3,P1; P16; P27,False,0.8180642122839901,1.0,1.0,0.974289749580053,1.0,1.0
Workbook QC flags honored; raw RCADS scores,Neutral Angry,PO,Social Phobia,Social Phobia Raw,34,0.2481623964723676,-0.09824829945922667,0.5409329920673696,0.15702545785916913,0.15352854141276964,0.38600307171309367,P13,0.1786955778990081,0.1786955778990081,0.2957167606096206,2,P16; P4,False,0.605669623171081,1.0,1.0,0.974289749580053,1.0,1.0
Workbook QC flags honored; raw RCADS scores,Neutral Angry,PO,Panic Disorder,Panic Disorder Raw,34,0.14274216066449155,-0.2053351687450552,0.4587631315126322,0.4206312536192174,0.12724190487785322,0.47330467667764964,P13,0.0413027916262815,0.0413027916262815,0.2382747643983265,2,P16; P4,False,0.8723938643796718,1.0,1.0,0.974289749580053,1.0,1.0
Workbook QC flags honored; raw RCADS scores,Neutral Angry,PO,Major Depression,Major Depression Raw,34,0.11582482178690924,-0.23140452403259598,0.4368788564131199,0.514202312924539,0.14574025473120336,0.4108363487686175,P13,0.04832104486202365,0.04832104486202365,0.1710574469329762,2,P16; P4,False,0.9093743143576819,1.0,1.0,0.974289749580053,1.0,1.0
Workbook QC flags honored; raw RCADS scores,Neutral Angry,PO,Separation Anxiety,Separation Anxiety Raw,34,0.10063839296985891,-0.24589573974581166,0.4243620107169454,0.5711836735531322,0.09703196268129387,0.5851231617106216,P27,0.2284506116049986,0.04771005652546154,0.2284506116049986,2,P16; P4,False,0.9181162765346584,1.0,1.0,0.974289749580053,1.0,1.0
Workbook QC flags honored; raw RCADS scores,Neutral Angry,PO,Generalized Anxiety,Generalized Anxiety Raw,34,0.24280112639697796,-0.10389508640525671,0.5368848158795666,0.1664771656454,0.13118814392969985,0.459576426577317,P16,0.04970027221271275,0.04970027221271275,0.34501062718623093,2,P16; P4,False,0.6117993844827438,1.0,1.0,0.974289749580053,1.0,1.0
Workbook QC flags honored; raw RCADS scores,Neutral Angry,PO,Obsessive Compulsive,Obsessive Compulsive Raw,34,0.040039264660971775,-0.30221844226352906,0.37315251243286335,0.8221159234202559,0.04608052036465429,0.7958046946336564,P30,0.13820835668671147,-0.043743670027034505,0.13820835668671147,2,P16; P4,False,0.9721370773290617,1.0,1.0,0.974289749580053,1.0,1.0
Workbook QC flags honored; raw RCADS scores,Neutral Angry,CP,Social Phobia,Social Phobia Raw,34,-0.20606662929932137,-0.5087782825499502,0.14199386322165672,0.2423143251525839,-0.16563308709301797,0.3491898388242507,P25,-0.023224202261474376,-0.27451284197136294,-0.023224202261474376,1,P25,False,0.7098709311884195,1.0,1.0,0.974289749580053,1.0,1.0
Workbook QC flags honored; raw RCADS scores,Neutral Angry,CP,Panic Disorder,Panic Disorder Raw,34,0.02576259706626107,-0.3151486843225031,0.36078512512017946,0.8850066535643553,0.00401004791130204,0.9820428537081278,P35,0.0710814566370894,-0.014440741943017777,0.0710814566370894,1,P25,False,0.9800258679808795,1.0,1.0,0.9842186210896053,1.0,1.0
Workbook QC flags honored; raw RCADS scores,Neutral Angry,CP,Major Depression,Major Depression Raw,34,0.191135877258239,-0.15718988233799142,0.4971668956723877,0.27888003395061567,0.058296101892481356,0.743300402368754,P25,0.023468466707793824,0.023468466707793824,0.23559150489478659,1,P25,False,0.746852213315179,1.0,1.0,0.974289749580053,1.0,1.0
Workbook QC flags honored; raw RCADS scores,Neutral Angry,CP,Separation Anxiety,Separation Anxiety Raw,34,0.09197255627986133,-0.2540960267758296,0.4171636454047133,0.6049280437616211,0.01024657525914463,0.9541358379118571,P27,0.19141557040940316,0.013519632207361553,0.19141557040940316,1,P25,False,0.9371960310710511,1.0,1.0,0.974289749580053,1.0,1.0
Workbook QC flags honored; raw RCADS scores,Neutral Angry,CP,Generalized Anxiety,Generalized Anxiety Raw,34,0.16196340772037054,-0.18641217198812404,0.4741591845752387,0.36011884492889923,0.055693079970155594,0.754402406364857,P27,0.2340276903303316,0.11141558040044927,0.2340276903303316,1,P25,False,0.8180642122839901,1.0,1.0,0.974289749580053,1.0,1.0
Workbook QC flags honored; raw RCADS scores,Neutral Angry,CP,Obsessive Compulsive,Obsessive Compulsive Raw,34,0.16987853906221842,-0.1785439922285848,0.4804441179920329,0.3367993960220261,0.07478387480055007,0.6742370218403663,P30,0.24963577217074545,0.11349810326679742,0.24963577217074545,1,P25,False,0.7965182796433318,1.0,1.0,0.974289749580053,1.0,1.0
Workbook QC flags honored; raw RCADS scores,Neutral Fear,LOT,Social Phobia,Social Phobia Raw,12,-0.13588560060925864,-0.6584388837148191,0.475063854938359,0.6736914374580669,-0.23198916471871645,0.46812290808050794,P4,-0.3879235414402624,-0.3879235414402624,0.02579081648059671,1,P4,True,0.9440883237813129,1.0,1.0,0.974289749580053,1.0,1.0
Workbook QC flags honored; raw RCADS scores,Neutral Fear,LOT,Panic Disorder,Panic Disorder Raw,12,-0.06404794738644405,-0.6153316820365757,0.5293096200806697,0.8432409225888438,-0.07858947414494157,0.8081800831673069,P4,-0.4051172915995069,-0.4051172915995069,0.03570710458834639,1,P4,True,0.9759136751829091,1.0,1.0,0.974289749580053,1.0,1.0
Workbook QC flags honored; raw RCADS scores,Neutral Fear,LOT,Major Depression,Major Depression Raw,12,0.07822713264177496,-0.5189736387277407,0.6241095523167045,0.8090500561238277,0.15789570881006337,0.624058791982212,P6,0.2938561377693162,-0.07363781798850502,0.2938561377693162,1,P4,True,0.9719005609975544,1.0,1.0,0.974289749580053,1.0,1.0
Workbook QC flags honored; raw RCADS scores,Neutral Fear,LOT,Separation Anxiety,Separation Anxiety Raw,12,0.025107800810492825,-0.5568172224536421,0.5905006532885336,0.9382631776083619,0.05448604760692157,0.8664425825131126,P4,-0.24072110948622757,-0.24072110948622757,0.1260835719665442,1,P4,True,0.9800258679808795,1.0,1.0,0.974289749580053,1.0,1.0
Workbook QC flags honored; raw RCADS scores,Neutral Fear,LOT,Generalized Anxiety,Generalized Anxiety Raw,12,-0.0627457787672874,-0.6145186386586727,0.5302500931383124,0.8463942676740661,-0.05715598119632114,0.8599535708470559,P6,0.12693067347515774,-0.1767973080850629,0.12693067347515774,1,P4,True,0.9759136751829091,1.0,1.0,0.974289749580053,1.0,1.0
Workbook QC flags honored; raw RCADS scores,Neutral Fear,LOT,Obsessive Compulsive,Obsessive Compulsive Raw,12,0.34750702245300796,-0.28279346450020126,0.7682023292273966,0.2683803222574707,0.20961825945737042,0.5131944347221986,P11,-0.05742067379634501,-0.05742067379634501,0.4790562847012392,1,P4,True,0.7432070462514574,1.0,1.0,0.974289749580053,1.0,1.0
Workbook QC flags honored; raw RCADS scores,Neutral Fear,ROT,Social Phobia,Social Phobia Raw,12,0.19481461892547539,-0.4268057719252351,0.6914131827295636,0.5440203144978446,0.09490465829402037,0.7692277286152034,P12,-0.04778082576125485,-0.04778082576125485,0.2957752225235839,2,P10; P12,True,0.9166057315291883,1.0,1.0,0.974289749580053,1.0,1.0
Workbook QC flags honored; raw RCADS scores,Neutral Fear,ROT,Panic Disorder,Panic Disorder Raw,12,0.020625830991068423,-0.5599034741693314,0.5875722392097262,0.9492699001464008,0.15717894828988313,0.6256539998524266,P12,-0.15917907112394514,-0.15917907112394514,0.1413696697605111,2,P10; P12,True,0.9826308231547408,1.0,1.0,0.974289749580053,1.0,1.0
Workbook QC flags honored; raw RCADS scores,Neutral Fear,ROT,Major Depression,Major Depression Raw,12,0.6585153392159105,0.1360180888432289,0.8944018933753942,0.01988695282291561,0.547371790541553,0.06546973184199861,P12,0.5392133819087597,0.5392133819087597,0.7473685124623162,2,P10; P12,True,0.2301204540937378,1.0,1.0,0.7653624048610403,1.0,1.0
Workbook QC flags honored; raw RCADS scores,Neutral Fear,ROT,Separation Anxiety,Separation Anxiety Raw,12,0.39835146797819254,-0.2275777296549076,0.7913410139202933,0.19964349499912654,0.3450783015105033,0.2719659845131727,P10,0.19440578003810446,0.19440578003810446,0.471478528910516,2,P10; P12,True,0.6533787109062322,1.0,1.0,0.974289749580053,1.0,1.0
Workbook QC flags honored; raw RCADS scores,Neutral Fear,ROT,Generalized Anxiety,Generalized Anxiety Raw,12,0.46072482186475733,-0.15385867938064496,0.8182676896782828,0.1317175912442586,0.39294737072470787,0.20637458567536884,P12,0.321699260626504,0.321699260626504,0.5120589321290974,2,P10; P12,True,0.5471346097838434,1.0,1.0,0.9149253289725289,1.0,1.0
Workbook QC flags honored; raw RCADS scores,Neutral Fear,ROT,Obsessive Compulsive,Obsessive Compulsive Raw,12,0.534239315507375,-0.057199809152693695,0.8481097872796218,0.07356958681829782,0.29133385212719276,0.3582299081315814,P12,0.4198231761530485,0.4198231761530485,0.6073061604347119,2,P10; P12,True,0.42565260944872313,1.0,1.0,0.974289749580053,1.0,1.0
Workbook QC flags honored; raw RCADS scores,Neutral Fear,O,Social Phobia,Social Phobia Raw,12,0.19633395095172024,-0.4255129178503277,0.6922368330965485,0.5408213968878653,0.24604911409560837,0.4407782800181316,P3,0.3731636503436565,0.055866608466217604,0.3731636503436565,3,P12; P3; P4,True,0.9166057315291883,1.0,1.0,0.974289749580053,1.0,1.0
Workbook QC flags honored; raw RCADS scores,Neutral Fear,O,Panic Disorder,Panic Disorder Raw,12,0.29404430783721114,-0.3366714611875145,0.7426259384005783,0.35356803808681,0.41438086367332827,0.1804791370028295,P4,0.1559241982395074,0.1559241982395074,0.37223787669615804,3,P12; P3; P4,True,0.8180642122839901,1.0,1.0,0.9001745995917332,1.0,1.0
Workbook QC flags honored; raw RCADS scores,Neutral Fear,O,Major Depression,Major Depression Raw,12,0.3098164969189166,-0.32119492269046296,0.750309875372188,0.32708774711064464,0.42105522349350233,0.17285123521648893,P12,0.13854314332287018,0.13854314332287018,0.4289284468562117,3,P12; P3; P4,True,0.7844386274641902,1.0,1.0,0.9001745995917332,1.0,1.0
Workbook QC flags honored; raw RCADS scores,Neutral Fear,O,Separation Anxiety,Separation Anxiety Raw,12,0.33293975442749285,-0.29787899042263655,0.7613640011658039,0.29029664440792924,0.3850347364222458,0.21647665848629,P4,0.23798969256062275,0.23798969256062275,0.418837406939527,3,P12; P3; P4,True,0.7524489023053526,1.0,1.0,0.9351791646607728,1.0,1.0
Workbook QC flags honored; raw RCADS scores,Neutral Fear,O,Generalized Anxiety,Generalized Anxiety Raw,12,0.2196166474602788,-0.40537816411759153,0.7046991473298867,0.49281918934088903,0.2929244036311459,0.35549030294524187,P12,0.0752173017926227,0.0752173017926227,0.3287544077454001,3,P12; P3; P4,True,0.9076220792902475,1.0,1.0,0.974289749580053,1.0,1.0
Workbook QC flags honored; raw RCADS scores,Neutral Fear,O,Obsessive Compulsive,Obsessive Compulsive Raw,12,0.19341374321191504,-0.42799558005559435,0.6906526035425372,0.5469768114987298,0.09947985194587068,0.758387979798574,P12,0.038522591379883925,0.038522591379883925,0.31119926989829905,3,P12; P3; P4,True,0.9166057315291883,1.0,1.0,0.974289749580053,1.0,1.0
Workbook QC flags honored; raw RCADS scores,Neutral Fear,Frontal,Social Phobia,Social Phobia Raw,12,-0.017108426642852448,-0.5852636015450149,0.5623143035625862,0.9579136581904,-0.04569483547489869,0.8878603475218254,P3,-0.10339687327323054,-0.10339687327323054,0.04907753407414352,1,P1,True,0.9852826198529828,1.0,1.0,0.974289749580053,1.0,1.0
Workbook QC flags honored; raw RCADS scores,Neutral Fear,Frontal,Panic Disorder,Panic Disorder Raw,12,0.03607596193017669,-0.5491962431444896,0.5976047388233564,0.9113731932238043,0.032150239422930646,0.9209892103161883,P1,-0.21655981655747267,-0.21655981655747267,0.08640842410008147,1,P1,True,0.9800258679808795,1.0,1.0,0.974289749580053,1.0,1.0
Workbook QC flags honored; raw RCADS scores,Neutral Fear,Frontal,Major Depression,Major Depression Raw,12,0.22909839841311486,-0.39700086963546544,0.7096900140350455,0.4738408094052822,0.3087738305619017,0.328803940100449,P10,0.11900006948690248,0.11900006948690248,0.33166839639736406,1,P1,True,0.8947040581252886,1.0,1.0,0.974289749580053,1.0,1.0
Workbook QC flags honored; raw RCADS scores,Neutral Fear,Frontal,Separation Anxiety,Separation Anxiety Raw,12,0.28072832962933836,-0.3494778123011045,0.7360453540806684,0.37678006020232946,0.25790062533942876,0.4183441807507613,P1,0.1540333299381214,0.1540333299381214,0.33894781575324423,1,P1,True,0.8304540102418689,1.0,1.0,0.974289749580053,1.0,1.0
Workbook QC flags honored; raw RCADS scores,Neutral Fear,Frontal,Generalized Anxiety,Generalized Anxiety Raw,12,0.054190788109982145,-0.5363927401664924,0.6091477983824559,0.8671606537940044,0.08573397179448171,0.791068173425039,P6,0.135207233552165,0.005966133327231178,0.135207233552165,1,P1,True,0.9800258679808795,1.0,1.0,0.974289749580053,1.0,1.0
Workbook QC flags honored; raw RCADS scores,Neutral Fear,Frontal,Obsessive Compulsive,Obsessive Compulsive Raw,12,0.4317850530070306,-0.18893508155860236,0.8059664570858593,0.16101903187631747,0.4263422226251601,0.16695490122882664,P1,0.25857476401697255,0.25857476401697255,0.5022938566489769,1,P1,True,0.6117993844827438,1.0,1.0,0.9001745995917332,1.0,1.0
Workbook QC flags honored; raw RCADS scores,Neutral Fear,PO,Social Phobia,Social Phobia Raw,12,0.08450632910802758,-0.514339908836732,0.6279532682472476,0.7940027126380966,-0.08084470891712846,0.8027698378138916,P4,-0.12765293613176948,-0.12765293613176948,0.2322477873222126,1,P4,True,0.9719005609975544,1.0,1.0,0.974289749580053,1.0,1.0
Workbook QC flags honored; raw RCADS scores,Neutral Fear,PO,Panic Disorder,Panic Disorder Raw,12,0.11340335067460441,-0.49255490510682765,0.6453068696051373,0.7256517786710646,0.0250057417733905,0.9385137083556261,P4,-0.27764265843482117,-0.27764265843482117,0.2600823448254779,1,P4,True,0.9590331455409622,1.0,1.0,0.974289749580053,1.0,1.0
Workbook QC flags honored; raw RCADS scores,Neutral Fear,PO,Major Depression,Major Depression Raw,12,0.035642565917133606,-0.5494992372465185,0.5973256910615821,0.912434278326639,-0.14386053469361332,0.6555573554233827,P4,-0.11966855214129785,-0.11966855214129785,0.18532835280574148,1,P4,True,0.9800258679808795,1.0,1.0,0.974289749580053,1.0,1.0
Workbook QC flags honored; raw RCADS scores,Neutral Fear,PO,Separation Anxiety,Separation Anxiety Raw,12,0.0766699676093644,-0.5201173421367864,0.6231522509677757,0.8127910193033294,-0.10533969204004837,0.7445629420666982,P4,-0.3193126632880132,-0.3193126632880132,0.15293689861708137,1,P4,True,0.9719005609975544,1.0,1.0,0.974289749580053,1.0,1.0
Workbook QC flags honored; raw RCADS scores,Neutral Fear,PO,Generalized Anxiety,Generalized Anxiety Raw,12,-0.005811975497100393,-0.577786384787875,0.5699908472024185,0.9856977357155755,-0.0893062206192518,0.7825433987511011,P6,0.13926663114381005,-0.1145874142125066,0.13926663114381005,1,P4,True,0.9856977357155755,1.0,1.0,0.974289749580053,1.0,1.0
Workbook QC flags honored; raw RCADS scores,Neutral Fear,PO,Obsessive Compulsive,Obsessive Compulsive Raw,12,0.17251365941884217,-0.4454945302969561,0.6791731492049118,0.5918562964953115,0.09947985194587068,0.758387979798574,P11,-0.014443555687212915,-0.014443555687212915,0.26906163952995626,1,P4,True,0.9361542883143011,1.0,1.0,0.974289749580053,1.0,1.0
Workbook QC flags honored; raw RCADS scores,Neutral Fear,CP,Social Phobia,Social Phobia Raw,12,-0.09648817584696003,-0.6352149431518027,0.5053998144487526,0.7654715944868963,0.04920982281912167,0.8792878666162606,P12,-0.3827926610988009,-0.3827926610988009,0.15459653647819424,2,P12; P13,True,0.9719005609975544,1.0,1.0,0.974289749580053,1.0,1.0
Workbook QC flags honored; raw RCADS scores,Neutral Fear,CP,Panic Disorder,Panic Disorder Raw,12,-0.16152600876691126,-0.6730370645722155,0.45450856976006065,0.616002126271141,0.014288995299080285,0.9648452467916077,P13,0.08270619212952257,-0.35730745848916595,0.08270619212952257,2,P12; P13,True,0.9371960310710511,1.0,1.0,0.974289749580053,1.0,1.0
Workbook QC flags honored; raw RCADS scores,Neutral Fear,CP,Major Depression,Major Depression Raw,12,0.0241748734785843,-0.5574609562716223,0.589892324974619,0.9405534816965675,0.18947485057207605,0.5553252966401302,P12,-0.3271650010658799,-0.3271650010658799,0.32800874585249085,2,P12; P13,True,0.9800258679808795,1.0,1.0,0.974289749580053,1.0,1.0
Workbook QC flags honored; raw RCADS scores,Neutral Fear,CP,Separation Anxiety,Separation Anxiety Raw,12,-0.03856967308693512,-0.599207708965625,0.5474498547179331,0.9052704615487119,0.14529612695179087,0.6523107127393395,P13,0.15156190435853212,-0.2262904704038068,0.15156190435853212,2,P12; P13,True,0.9800258679808795,1.0,1.0,0.974289749580053,1.0,1.0
Workbook QC flags honored; raw RCADS scores,Neutral Fear,CP,Generalized Anxiety,Generalized Anxiety Raw,12,-0.008663540419848162,-0.5796829622327258,0.5680624945939983,0.9786817020154913,0.07144497649540144,0.8253695092405586,P6,0.2898641034131747,-0.28248480276210336,0.2898641034131747,2,P12; P13,True,0.9856977357155755,1.0,1.0,0.974289749580053,1.0,1.0
Workbook QC flags honored; raw RCADS scores,Neutral Fear,CP,Obsessive Compulsive,Obsessive Compulsive Raw,12,0.20772661784582894,-0.4157369281730649,0.6983720598450734,0.5170902530282616,0.34107377810012807,0.2779379007960623,P12,-0.005966507812910613,-0.005966507812910613,0.3885844326407022,2,P12; P13,True,0.9093743143576819,1.0,1.0,0.974289749580053,1.0,1.0
Workbook QC flags honored; raw RCADS scores,Neutral Happy,LOT,Social Phobia,Social Phobia Raw,34,0.1609973698257866,-0.1873694293048922,0.47338992673059066,0.3630295170943944,0.1950517297589379,0.26896225688513403,P27,0.03980296940233653,0.03980296940233653,0.23262964600960323,3,P27; P4; P7,False,0.8180642122839901,1.0,1.0,0.974289749580053,1.0,1.0
Workbook QC flags honored; raw RCADS scores,Neutral Happy,LOT,Panic Disorder,Panic Disorder Raw,34,0.27623440099293406,-0.06831257959653597,0.5619103662188171,0.11378467094822647,0.3596704511213984,0.03668357730649249,P7,0.3650241278722042,0.19972513411160295,0.3650241278722042,3,P27; P4; P7,False,0.5421504909886086,1.0,1.0,0.6759222565620955,1.0,1.0
Workbook QC flags honored; raw RCADS scores,Neutral Happy,LOT,Major Depression,Major Depression Raw,34,0.018110263140504037,-0.3220276185333821,0.35410731209841656,0.9190278574086126,-0.01886952771782949,0.915644966443659,P27,-0.16209739832848022,-0.16209739832848022,0.1277352082368609,3,P27; P4; P7,False,0.9800258679808795,1.0,1.0,0.974289749580053,1.0,1.0
Workbook QC flags honored; raw RCADS scores,Neutral Happy,LOT,Separation Anxiety,Separation Anxiety Raw,34,0.2702515532128511,-0.07474508301614399,0.5574701615036478,0.12215157847557472,-0.02468493130612116,0.8897870080288444,P27,-0.02311093885102318,-0.02311093885102318,0.3803842375154664,3,P27; P4; P7,False,0.5471346097838434,1.0,1.0,0.974289749580053,1.0,1.0
Workbook QC flags honored; raw RCADS scores,Neutral Happy,LOT,Generalized Anxiety,Generalized Anxiety Raw,34,0.0770145270559089,-0.26813437410470625,0.4046418650054098,0.6650765839716277,0.06141709096708825,0.7300561237658818,P27,-0.18121310571139385,-0.18121310571139385,0.2351596258874158,3,P27; P4; P7,False,0.9440883237813129,1.0,1.0,0.974289749580053,1.0,1.0
Workbook QC flags honored; raw RCADS scores,Neutral Happy,LOT,Obsessive Compulsive,Obsessive Compulsive Raw,34,0.08264906698223556,-0.26286342131543855,0.40937316164881754,0.6421511846039549,0.12210562130297281,0.4914895886545987,P30,0.011525483555317576,0.011525483555317576,0.13882706544907752,3,P27; P4; P7,False,0.9371960310710511,1.0,1.0,0.974289749580053,1.0,1.0
Workbook QC flags honored; raw RCADS scores,Neutral Happy,ROT,Social Phobia,Social Phobia Raw,34,0.27271123378339857,-0.0721040099359781,0.5592976187639843,0.11865803942541422,0.06971605423434152,0.6952185565905085,P27,-0.06195145213123254,-0.06195145213123254,0.3021838668069359,1,P27,False,0.5471346097838434,1.0,1.0,0.974289749580053,1.0,1.0
Workbook QC flags honored; raw RCADS scores,Neutral Happy,ROT,Panic Disorder,Panic Disorder Raw,34,0.19586325413670666,-0.15239629541656755,0.50085519183431,0.26693610832509923,0.012647074181798742,0.9434066355592714,P27,-0.19378365889602173,-0.19378365889602173,0.29507810890043257,1,P27,False,0.7432070462514574,1.0,1.0,0.974289749580053,1.0,1.0
Workbook QC flags honored; raw RCADS scores,Neutral Happy,ROT,Major Depression,Major Depression Raw,34,0.340498419924089,0.002636275952752743,0.6085882886384735,0.04878175878764346,0.020403635662368472,0.9088142710663621,P27,-0.02217522597041217,-0.02217522597041217,0.37283980397416056,1,P27,False,0.36596411198271095,1.0,1.0,0.974289749580053,1.0,1.0
Workbook QC flags honored; raw RCADS scores,Neutral Happy,ROT,Separation Anxiety,Separation Anxiety Raw,34,0.5978072571104798,0.3254297587260714,0.7785773802379443,0.00018884810920734546,-0.21517808044203726,0.22165448075380575,P27,-0.31309266207147146,-0.31309266207147146,0.6526618332390616,1,P27,False,0.012237357476635987,0.07782349441253153,0.060431394946350546,0.9449480495293825,1.0,1.0
Workbook QC flags honored; raw RCADS scores,Neutral Happy,ROT,Generalized Anxiety,Generalized Anxiety Raw,34,0.47003633179915555,0.15679288967314353,0.6973570171690178,0.0050321048966998965,-0.022586637987896438,0.8991055125882186,P27,-0.11466048630878274,-0.11466048630878274,0.5577505222106269,1,P27,False,0.09590599920769215,0.6099143550981599,1.0,0.974289749580053,1.0,1.0
Workbook QC flags honored; raw RCADS scores,Neutral Happy,ROT,Obsessive Compulsive,Obsessive Compulsive Raw,34,0.022100671059954658,-0.3184449853402976,0.3575938237519823,0.9012656242536803,-0.12303654090629919,0.48816742142166136,P27,-0.12273433656408081,-0.12273433656408081,0.07485044761398853,1,P27,False,0.9800258679808795,1.0,1.0,0.974289749580053,1.0,1.0
Workbook QC flags honored; raw RCADS scores,Neutral Happy,O,Social Phobia,Social Phobia Raw,34,0.12044215137420766,-0.22696780995044208,0.44066002864063164,0.49745465603134337,0.14923832269065634,0.3995727900822875,P27,0.07553629091931274,0.07553629091931274,0.15580085953775885,4,P24; P27; P29; P4,False,0.9093743143576819,1.0,1.0,0.974289749580053,1.0,1.0
Workbook QC flags honored; raw RCADS scores,Neutral Happy,O,Panic Disorder,Panic Disorder Raw,34,0.2318609931997688,-0.11534891713269102,0.528581937229179,0.18701341421883877,0.3132464349174786,0.0712452622369736,P4,0.17145114287408533,0.17145114287408533,0.2699265865979594,4,P24; P27; P29; P4,False,0.6371726049855526,1.0,1.0,0.7653624048610403,1.0,1.0
Workbook QC flags honored; raw RCADS scores,Neutral Happy,O,Major Depression,Major Depression Raw,34,0.06768619416507685,-0.2768155764954686,0.3967701604791702,0.703686286597455,0.027613943001701693,0.8768037653692367,P27,0.008517975223204365,0.008517975223204365,0.0984388307824601,4,P24; P27; P29; P4,False,0.9440883237813129,1.0,1.0,0.974289749580053,1.0,1.0
Workbook QC flags honored; raw RCADS scores,Neutral Happy,O,Separation Anxiety,Separation Anxiety Raw,34,0.1302095868745284,-0.21753468864905287,0.4486214005009155,0.46296070901386466,-0.06178995383544792,0.7284788664818751,P27,0.025724829362531353,0.025724829362531353,0.16464744214349478,4,P24; P27; P29; P4,False,0.8945121512712005,1.0,1.0,0.974289749580053,1.0,1.0
Workbook QC flags honored; raw RCADS scores,Neutral Happy,O,Generalized Anxiety,Generalized Anxiety Raw,34,0.11712054490032142,-0.23016094172530813,0.4379410820382957,0.5094745514068568,0.10581685194329561,0.5514356705098059,P4,0.203718458882761,0.0379150146638624,0.203718458882761,4,P24; P27; P29; P4,False,0.9093743143576819,1.0,1.0,0.974289749580053,1.0,1.0
Workbook QC flags honored; raw RCADS scores,Neutral Happy,O,Obsessive Compulsive,Obsessive Compulsive Raw,34,0.07287084140879288,-0.27199753342083266,0.4011512030752412,0.682129978640784,0.008843736231600318,0.9604097133930894,P29,-0.013132105825541852,-0.013132105825541852,0.10683805152235532,4,P24; P27; P29; P4,False,0.9440883237813129,1.0,1.0,0.974289749580053,1.0,1.0
Workbook QC flags honored; raw RCADS scores,Neutral Happy,Frontal,Social Phobia,Social Phobia Raw,34,-0.005953057051690967,-0.3434273942664839,0.332882773479097,0.9733445651839128,-0.033555639290814926,0.8505665454284596,P18,-0.11510831590258012,-0.11510831590258012,0.06620173956659635,0,,False,0.9856977357155755,1.0,1.0,0.974289749580053,1.0,1.0
Workbook QC flags honored; raw RCADS scores,Neutral Happy,Frontal,Panic Disorder,Panic Disorder Raw,34,-0.06733560317909199,-0.39647336785210896,0.2771407532910273,0.7051523899848078,0.04303089874051036,0.8090608782101854,P8,0.11182037955056362,-0.14015206362985688,0.11182037955056362,0,,False,0.9440883237813129,1.0,1.0,0.974289749580053,1.0,1.0
Workbook QC flags honored; raw RCADS scores,Neutral Happy,Frontal,Major Depression,Major Depression Raw,34,0.017942327135527056,-0.32217818005565396,0.3539603774402371,0.9197762841432253,-0.014420614678666439,0.9354858407138427,P8,0.09254638288089363,-0.05127960939290311,0.09254638288089363,0,,False,0.9800258679808795,1.0,1.0,0.974289749580053,1.0,1.0
Workbook QC flags honored; raw RCADS scores,Neutral Happy,Frontal,Separation Anxiety,Separation Anxiety Raw,34,-0.3208931948868723,-0.5945421128851374,0.01937498012398437,0.06425566975655361,-0.3080182623354992,0.07635598148750886,P4,-0.38461139670270095,-0.38461139670270095,-0.2617858491108095,0,,False,0.39127856112987897,1.0,1.0,0.7653624048610403,1.0,1.0
Workbook QC flags honored; raw RCADS scores,Neutral Happy,Frontal,Generalized Anxiety,Generalized Anxiety Raw,34,-0.06755980509909867,-0.39666317380827837,0.27693281276784565,0.7042147005414974,-0.008508664995440438,0.9619086020152197,P27,0.031686390097235985,-0.12497036447548739,0.031686390097235985,0,,False,0.9440883237813129,1.0,1.0,0.974289749580053,1.0,1.0
Workbook QC flags honored; raw RCADS scores,Neutral Happy,Frontal,Obsessive Compulsive,Obsessive Compulsive Raw,34,0.10811219937041637,-0.23878337981652775,0.4305375155053927,0.5427858844432797,0.023428143350379793,0.8953667324167502,P11,-0.004906315569453133,-0.004906315569453133,0.1782005978884929,0,,False,0.9166057315291883,1.0,1.0,0.974289749580053,1.0,1.0
Workbook QC flags honored; raw RCADS scores,Neutral Happy,PO,Social Phobia,Social Phobia Raw,34,0.016117892140619924,-0.3238127528399401,0.3523630286900874,0.927911323572384,-0.010112658416409978,0.9547346392741982,P23,0.09364588991901493,-0.05512620262993566,0.09364588991901493,1,P4,False,0.9800258679808795,1.0,1.0,0.974289749580053,1.0,1.0
Workbook QC flags honored; raw RCADS scores,Neutral Happy,PO,Panic Disorder,Panic Disorder Raw,34,0.20047698672479733,-0.14770209153429867,0.5044441740568968,0.2556072107947486,0.32018690245627063,0.06487774010617614,P4,0.10929175768229325,0.10929175768229325,0.27184196870134447,1,P4,False,0.7264625991008643,1.0,1.0,0.7653624048610403,1.0,1.0
Workbook QC flags honored; raw RCADS scores,Neutral Happy,PO,Major Depression,Major Depression Raw,34,0.1384283678387643,-0.2095465661795455,0.45528155049684566,0.4349510142507732,0.12487638668547321,0.4816356537482942,P27,0.061840422553834616,0.061840422553834616,0.16810295599599714,1,P4,False,0.8723938643796718,1.0,1.0,0.974289749580053,1.0,1.0
Workbook QC flags honored; raw RCADS scores,Neutral Happy,PO,Separation Anxiety,Separation Anxiety Raw,34,0.1224092586255677,-0.22507325935920802,0.44226746598359507,0.49040473151011066,-0.08678538742214924,0.6255244571206311,P27,-0.040128430820188785,-0.040128430820188785,0.17860293790166065,1,P4,False,0.9076220792902475,1.0,1.0,0.974289749580053,1.0,1.0
Workbook QC flags honored; raw RCADS scores,Neutral Happy,PO,Generalized Anxiety,Generalized Anxiety Raw,34,0.19292595308899022,-0.15537666412316528,0.49856481388237817,0.27431726816938246,0.23452974787432188,0.18184707399126127,P27,0.09082307878752217,0.09082307878752217,0.27660700239334846,1,P4,False,0.746852213315179,1.0,1.0,0.9001745995917332,1.0,1.0
Workbook QC flags honored; raw RCADS scores,Neutral Happy,PO,Obsessive Compulsive,Obsessive Compulsive Raw,34,0.18711190657756166,-0.16125732036621965,0.4940186583916828,0.2893152628202802,0.17656441809756426,0.31784038384140634,P4,0.24827552271886352,0.1426678042066735,0.24827552271886352,1,P4,False,0.7524489023053526,1.0,1.0,0.974289749580053,1.0,1.0
Workbook QC flags honored; raw RCADS scores,Neutral Happy,CP,Social Phobia,Social Phobia Raw,34,-0.07980128579970447,-0.40698408748325127,0.2655300202561114,0.6536991167136376,0.1778908548704846,0.3141598458287973,P25,0.27895679878427393,-0.11472763828191096,0.27895679878427393,2,P17; P25,False,0.9440883237813129,1.0,1.0,0.974289749580053,1.0,1.0
Workbook QC flags honored; raw RCADS scores,Neutral Happy,CP,Panic Disorder,Panic Disorder Raw,34,0.1522208773520962,-0.19603594282195003,0.46637929097816183,0.39011045231759645,0.46686211644274145,0.005377934825655152,P25,0.312988037807776,0.1221841688852616,0.312988037807776,2,P17; P25,False,0.8430257313601229,1.0,1.0,0.29121810209038707,1.0,1.0
Workbook QC flags honored; raw RCADS scores,Neutral Happy,CP,Major Depression,Major Depression Raw,34,0.37554312683667523,0.042814718785353284,0.6332843674228797,0.028619905860391065,0.5010396546864319,0.0025416738438997387,P8,0.41282897800462615,0.35611933904474397,0.41282897800462615,2,P17; P25,False,0.26493855710762015,1.0,1.0,0.27450077514117177,1.0,0.8184189777357158
Workbook QC flags honored; raw RCADS scores,Neutral Happy,CP,Separation Anxiety,Separation Anxiety Raw,34,0.10809613770061918,-0.23879870472597825,0.4305242762555093,0.5428461867896897,0.09221917733230167,0.6039560484994677,P25,0.03842316495760628,0.03842316495760628,0.14691648772461405,2,P17; P25,False,0.9166057315291883,1.0,1.0,0.974289749580053,1.0,1.0
Workbook QC flags honored; raw RCADS scores,Neutral Happy,CP,Generalized Anxiety,Generalized Anxiety Raw,34,0.23119944827250172,-0.11603857734898838,0.5280780389619312,0.18830987734112004,0.514696880724188,0.001842883463935211,P25,0.36196272846240646,0.20989766052243808,0.36196272846240646,2,P17; P25,False,0.6371726049855526,1.0,1.0,0.27450077514117177,1.0,0.5970942423150084
Workbook QC flags honored; raw RCADS scores,Neutral Happy,CP,Obsessive Compulsive,Obsessive Compulsive Raw,34,0.24018449048580648,-0.10664297990714168,0.5349041222024298,0.17123519958488095,0.38090127102769794,0.026251147880948136,P25,0.29577501395726513,0.2245726241407379,0.29577501395726513,2,P17; P25,False,0.6117993844827438,1.0,1.0,0.6075265652447998,1.0,1.0
Workbook QC flags honored; raw RCADS scores,Neutral Sad,LOT,Social Phobia,Social Phobia Raw,34,-0.32852801477220944,-0.600032012730845,0.010842219978881169,0.05782632128960416,-0.19244695410622623,0.27553341265444625,P27,-0.2363747890458804,-0.3786309995973749,-0.2363747890458804,1,P6,False,0.36596411198271095,1.0,1.0,0.974289749580053,1.0,1.0
Workbook QC flags honored; raw RCADS scores,Neutral Sad,LOT,Panic Disorder,Panic Disorder Raw,34,-0.2692833360621476,-0.5567500455044933,0.07578337680514388,0.12354755073777107,-0.26188697513041787,0.13460535734251886,P35,-0.3510739086541076,-0.3510739086541076,-0.19298409200861028,1,P6,False,0.5471346097838434,1.0,1.0,0.8888306873890199,1.0,1.0
Workbook QC flags honored; raw RCADS scores,Neutral Sad,LOT,Major Depression,Major Depression Raw,34,-0.4000257062460295,-0.6502313730976585,-0.07153720151601534,0.019072452622651375,-0.2727643925390312,0.11858336931283837,P27,-0.2942850951068212,-0.4491938735689798,-0.2942850951068212,1,P6,False,0.2301204540937378,1.0,1.0,0.8888306873890199,1.0,1.0
Workbook QC flags honored; raw RCADS scores,Neutral Sad,LOT,Separation Anxiety,Separation Anxiety Raw,34,-0.4843487479455513,-0.7067549576241244,-0.17481622248291104,0.0036999259749056915,-0.2529041075325243,0.1489942039088695,P27,-0.2958499763217927,-0.5222616923264752,-0.2958499763217927,1,P6,False,0.07492350099184025,0.47647612419087826,1.0,0.8888306873890199,1.0,1.0
Workbook QC flags honored; raw RCADS scores,Neutral Sad,LOT,Generalized Anxiety,Generalized Anxiety Raw,34,-0.4372456524775954,-0.6755269367389531,-0.11627212315582935,0.009714593807024226,-0.3581374448080839,0.03755123647567197,P27,-0.2843143513433222,-0.4817263663234124,-0.2843143513433222,1,P6,False,0.14306947243072043,0.9098505383677616,1.0,0.6759222565620955,1.0,1.0
Workbook QC flags honored; raw RCADS scores,Neutral Sad,LOT,Obsessive Compulsive,Obsessive Compulsive Raw,34,-0.2145470631275123,-0.5153246883528473,0.1332890851974142,0.22304525465756678,-0.34475055976519137,0.04585570846901122,P11,-0.3302286624740617,-0.3302286624740617,-0.16962234558626874,1,P6,False,0.6817609670665249,1.0,1.0,0.7536873527510402,1.0,1.0
Workbook QC flags honored; raw RCADS scores,Neutral Sad,ROT,Social Phobia,Social Phobia Raw,34,0.32740956344959987,-0.012095311140396449,0.5992293737684392,0.05873498093549682,0.25649379074348944,0.14311586166678042,P27,0.17702237117770164,0.17702237117770164,0.3682798063270497,1,P27,False,0.36596411198271095,1.0,1.0,0.8888306873890199,1.0,1.0
Workbook QC flags honored; raw RCADS scores,Neutral Sad,ROT,Panic Disorder,Panic Disorder Raw,34,0.18151055686981402,-0.16689954219429146,0.48962288640228424,0.30425249211635186,-0.07572821247881929,0.6703532787438247,P27,-0.10393306126930914,-0.10393306126930914,0.26168493032136475,1,P27,False,0.7641690499666512,1.0,1.0,0.974289749580053,1.0,1.0
Workbook QC flags honored; raw RCADS scores,Neutral Sad,ROT,Major Depression,Major Depression Raw,34,0.3367250500761727,-0.0016257724459332837,0.6058978494506061,0.05150158823958334,0.07471105689904847,0.6745368424814413,P27,0.02862457944798806,0.02862457944798806,0.3797358640133032,1,P27,False,0.36596411198271095,1.0,1.0,0.974289749580053,1.0,1.0
Workbook QC flags honored; raw RCADS scores,Neutral Sad,ROT,Separation Anxiety,Separation Anxiety Raw,34,0.5909385072434797,0.3159009097631298,0.7743598930222528,0.00023344652885499024,0.07793607242561522,0.6613059106790729,P27,-0.061103184108699214,-0.061103184108699214,0.6447726744054795,1,P27,False,0.012606112558169473,0.08016859294234933,0.07446944270474189,0.974289749580053,1.0,1.0
Workbook QC flags honored; raw RCADS scores,Neutral Sad,ROT,Generalized Anxiety,Generalized Anxiety Raw,34,0.4098326757753755,0.0831974212678142,0.6569506888024272,0.016078229594970114,-0.08539605595423858,0.6310894621968508,P27,-0.1787057249970637,-0.1787057249970637,0.4758937289187416,1,P27,False,0.21705609953209656,1.0,1.0,0.974289749580053,1.0,1.0
Workbook QC flags honored; raw RCADS scores,Neutral Sad,ROT,Obsessive Compulsive,Obsessive Compulsive Raw,34,-0.01728954066493669,-0.353389068011959,0.3227632665379364,0.9226861416131943,-0.08021423915328711,0.652019581179577,P27,-0.16790580237974106,-0.16790580237974106,0.0373835223942179,1,P27,False,0.9800258679808795,1.0,1.0,0.974289749580053,1.0,1.0
Workbook QC flags honored; raw RCADS scores,Neutral Sad,O,Social Phobia,Social Phobia Raw,34,-0.14082489896827,-0.45721694270950375,0.20720851365823378,0.4269628393222157,-0.0891752605810698,0.6159992632440223,P26,-0.19073324171734077,-0.19073324171734077,-0.09111835895510353,2,P29; P35,False,0.8723938643796718,1.0,1.0,0.974289749580053,1.0,1.0
Workbook QC flags honored; raw RCADS scores,Neutral Sad,O,Panic Disorder,Panic Disorder Raw,34,0.0900712770862586,-0.25588853358236435,0.4155788517500558,0.612443759717386,-0.05321025113073862,0.7650370403583119,P35,-0.11186713211657552,-0.11186713211657552,0.14248804213915564,2,P29; P35,False,0.9371960310710511,1.0,1.0,0.974289749580053,1.0,1.0
Workbook QC flags honored; raw RCADS scores,Neutral Sad,O,Major Depression,Major Depression Raw,34,0.011988216319117319,-0.3275051885377084,0.3487401203031658,0.9463505535259229,-0.009511469256141694,0.9574231167743904,P35,-0.0710748265678903,-0.0710748265678903,0.08108988845501654,2,P29; P35,False,0.9826308231547408,1.0,1.0,0.974289749580053,1.0,1.0
Workbook QC flags honored; raw RCADS scores,Neutral Sad,O,Separation Anxiety,Separation Anxiety Raw,34,0.00448300406573009,-0.33418932401176427,0.3421300332167174,0.9799253413141995,0.04828310463021182,0.7862649956296442,P27,-0.08877231767457287,-0.08877231767457287,0.05168391700213308,2,P29; P35,False,0.9856977357155755,1.0,1.0,0.974289749580053,1.0,1.0
Workbook QC flags honored; raw RCADS scores,Neutral Sad,O,Generalized Anxiety,Generalized Anxiety Raw,34,-0.04672673088465313,-0.3789052043598687,0.29611803972482886,0.7930027865061743,-0.027846539985077797,0.8757740541811645,P29,0.10636978404851787,-0.12570565282141943,0.10636978404851787,2,P29; P35,False,0.9719005609975544,1.0,1.0,0.974289749580053,1.0,1.0
Workbook QC flags honored; raw RCADS scores,Neutral Sad,O,Obsessive Compulsive,Obsessive Compulsive Raw,34,-0.25749880855927526,-0.5479504776857249,0.08836113500734427,0.14150086492450406,-0.1982858755085124,0.26094709968632546,P29,-0.12712473570304225,-0.3133702047177155,-0.12712473570304225,2,P29; P35,False,0.5683495973366264,1.0,1.0,0.974289749580053,1.0,1.0
Workbook QC flags honored; raw RCADS scores,Neutral Sad,Frontal,Social Phobia,Social Phobia Raw,34,-0.01504742686616704,-0.3514248906794833,0.32477087506222346,0.9326878548279542,0.12487600923294141,0.48163698910832087,P27,-0.13628876140963583,-0.13628876140963583,0.10617770343175648,4,P18; P27; P4; P6,False,0.9800258679808795,1.0,1.0,0.974289749580053,1.0,1.0
Workbook QC flags honored; raw RCADS scores,Neutral Sad,Frontal,Panic Disorder,Panic Disorder Raw,34,0.0488807235292455,-0.2941471631998574,0.3807526619442076,0.7836818237628738,0.03454810508198681,0.8461985752974789,P27,-0.04041015695198498,-0.04041015695198498,0.1333146530318764,4,P18; P27; P4; P6,False,0.9719005609975544,1.0,1.0,0.974289749580053,1.0,1.0
Workbook QC flags honored; raw RCADS scores,Neutral Sad,Frontal,Major Depression,Major Depression Raw,34,0.11539988702313415,-0.23181211218094663,0.43653030249187313,0.5157575070569311,0.16583706880466406,0.348588288966282,P27,-0.01596651419736067,-0.01596651419736067,0.22781269690765815,4,P18; P27; P4; P6,False,0.9093743143576819,1.0,1.0,0.974289749580053,1.0,1.0
Workbook QC flags honored; raw RCADS scores,Neutral Sad,Frontal,Separation Anxiety,Separation Anxiety Raw,34,0.10032062678179633,-0.24619731344802517,0.4240987757088264,0.5724058267283981,-0.03368949744294523,0.8499771606340294,P27,-0.19661671351961893,-0.19661671351961893,0.15684348179627083,4,P18; P27; P4; P6,False,0.9181162765346584,1.0,1.0,0.974289749580053,1.0,1.0
Workbook QC flags honored; raw RCADS scores,Neutral Sad,Frontal,Generalized Anxiety,Generalized Anxiety Raw,34,0.2014630005566868,-0.14669684134478195,0.5052098257870028,0.25322799154423836,0.1901299868981145,0.28146541557518723,P27,0.022951888775953506,0.022951888775953506,0.29533690979944915,4,P18; P27; P4; P6,False,0.7260696394719754,1.0,1.0,0.974289749580053,1.0,1.0
Workbook QC flags honored; raw RCADS scores,Neutral Sad,Frontal,Obsessive Compulsive,Obsessive Compulsive Raw,34,-0.05344556426120717,-0.3846591416520941,0.28996072597852185,0.76402728471413,0.035995557995285504,0.8398362425847815,P18,-0.12617100158210937,-0.12617100158210937,-0.0014115334857069325,4,P18; P27; P4; P6,False,0.9719005609975544,1.0,1.0,0.974289749580053,1.0,1.0
Workbook QC flags honored; raw RCADS scores,Neutral Sad,PO,Social Phobia,Social Phobia Raw,34,-0.1380567736710401,-0.45498118984813896,0.20990873697091456,0.4361969321898359,-0.17574574550942795,0.32012537084643367,P4,-0.20890418655601195,-0.20890418655601195,-0.09917098679542137,1,P4,False,0.8723938643796718,1.0,1.0,0.974289749580053,1.0,1.0
Workbook QC flags honored; raw RCADS scores,Neutral Sad,PO,Panic Disorder,Panic Disorder Raw,34,-0.21662028409945186,-0.5169197735448027,0.13115282340681148,0.21849808243355617,-0.25679729893530373,0.14262673165157785,P8,-0.30717865118430315,-0.30717865118430315,-0.14931536231727013,1,P4,False,0.675217389990114,1.0,1.0,0.8888306873890199,1.0,1.0
Workbook QC flags honored; raw RCADS scores,Neutral Sad,PO,Major Depression,Major Depression Raw,34,-0.0687509830432665,-0.39767113534589404,0.27582748975635757,0.6992399918911726,0.027767353796155594,0.8761245905211953,P6,-0.019240658754369384,-0.10805382398964353,-0.019240658754369384,1,P4,False,0.9440883237813129,1.0,1.0,0.974289749580053,1.0,1.0
Workbook QC flags honored; raw RCADS scores,Neutral Sad,PO,Separation Anxiety,Separation Anxiety Raw,34,-0.1465509081473134,-0.46182905515553085,0.20160608256357546,0.40821024446386633,-0.08383561575663788,0.6373636683437387,P27,-0.11886616070872393,-0.17181849137395896,-0.11886616070872393,1,P4,False,0.8588319428980045,1.0,1.0,0.974289749580053,1.0,1.0
Workbook QC flags honored; raw RCADS scores,Neutral Sad,PO,Generalized Anxiety,Generalized Anxiety Raw,34,-0.040486980991128865,-0.3735384486409085,0.3018109027531583,0.8201590790255001,-0.06188119996683955,0.7280930501450487,P27,0.002787914878868251,-0.06921323065607127,0.002787914878868251,1,P4,False,0.9721370773290617,1.0,1.0,0.974289749580053,1.0,1.0
Workbook QC flags honored; raw RCADS scores,Neutral Sad,PO,Obsessive Compulsive,Obsessive Compulsive Raw,34,-0.018126950260157457,-0.3541219114934318,0.3220126569057982,0.9189534930002601,0.056010329466802025,0.7530466843452233,P30,0.026093761767499793,-0.04132693581617835,0.026093761767499793,1,P4,False,0.9800258679808795,1.0,1.0,0.974289749580053,1.0,1.0
Workbook QC flags honored; raw RCADS scores,Neutral Sad,CP,Social Phobia,Social Phobia Raw,34,-0.2331266393868757,-0.5295453966013411,0.11402854821071172,0.1845505808648644,-0.1268678964967797,0.4746168282753087,P27,-0.1621518677649591,-0.27388080402071013,-0.1621518677649591,1,P4,False,0.6371726049855526,1.0,1.0,0.974289749580053,1.0,1.0
Workbook QC flags honored; raw RCADS scores,Neutral Sad,CP,Panic Disorder,Panic Disorder Raw,34,-0.07310611415986704,-0.4013496536738934,0.2717784858224777,0.6811574617789418,0.0356277333657989,0.8414521016517835,P4,0.05526950177274614,-0.16409066158063906,0.05526950177274614,1,P4,False,0.9440883237813129,1.0,1.0,0.974289749580053,1.0,1.0
Workbook QC flags honored; raw RCADS scores,Neutral Sad,CP,Major Depression,Major Depression Raw,34,-0.027945995948625815,-0.36268419119587986,0.3131793648504218,0.8753338217875952,0.16016086940986982,0.36556118390312153,P27,0.08396810199008761,-0.06706206259637428,0.08396810199008761,1,P4,False,0.9800258679808795,1.0,1.0,0.974289749580053,1.0,1.0
Workbook QC flags honored; raw RCADS scores,Neutral Sad,CP,Separation Anxiety,Separation Anxiety Raw,34,-0.2205908145084286,-0.519968791902935,0.12705252462534838,0.20996753392669493,-0.013662100345526177,0.9388727350701473,P27,-0.040423088454197204,-0.2716924673187129,-0.040423088454197204,1,P4,False,0.675217389990114,1.0,1.0,0.974289749580053,1.0,1.0
Workbook QC flags honored; raw RCADS scores,Neutral Sad,CP,Generalized Anxiety,Generalized Anxiety Raw,34,-0.11156833427529045,-0.43338310137016917,0.23548175652615141,0.5298845277817245,0.05956065496808307,0.7379251616271858,P27,0.04130939361111988,-0.15546886243814037,0.04130939361111988,1,P4,False,0.916099264466994,1.0,1.0,0.974289749580053,1.0,1.0
Workbook QC flags honored; raw RCADS scores,Neutral Sad,CP,Obsessive Compulsive,Obsessive Compulsive Raw,34,0.0044847399764994505,-0.33418778193995874,0.34213156596389926,0.9799175695592275,0.22729953647885032,0.19608111404486922,P30,0.09850041935949992,-0.029865088081563067,0.09850041935949992,1,P4,False,0.9856977357155755,1.0,1.0,0.9149253289725289,1.0,1.0
Workbook QC flags honored; raw RCADS scores,Positive Valence,LOT,Social Phobia,Social Phobia Raw,34,0.06395738524852432,-0.2802700473167859,0.393610009348058,0.719332205183224,-0.003524108236021659,0.9842186210896053,P27,-0.15496276228676573,-0.15496276228676573,0.21344744813369343,2,P25; P27,False,0.9551788298334615,1.0,1.0,0.9842186210896053,1.0,1.0
Workbook QC flags honored; raw RCADS scores,Positive Valence,LOT,Panic Disorder,Panic Disorder Raw,34,0.0757353546403603,-0.26932813249997284,0.40356530140177893,0.6703239372219868,-0.04719517926378555,0.7909732260513416,P27,-0.0905932621959612,-0.0905932621959612,0.12818373329442215,2,P25; P27,False,0.9440883237813129,1.0,1.0,0.974289749580053,1.0,1.0
Workbook QC flags honored; raw RCADS scores,Positive Valence,LOT,Major Depression,Major Depression Raw,34,0.39947181516988955,0.07088130788479728,0.6498506992288309,0.019254546464066432,0.22106495480806748,0.20896442698755288,P27,0.24763649041731428,0.24763649041731428,0.444138269231215,2,P25; P27,False,0.2301204540937378,1.0,1.0,0.9149253289725289,1.0,1.0
Workbook QC flags honored; raw RCADS scores,Positive Valence,LOT,Separation Anxiety,Separation Anxiety Raw,34,0.36063530141477307,0.025590477316769826,0.6228425540993945,0.03614587283678787,-0.02670319612989207,0.8808375545358316,P27,-0.07504968297563473,-0.07504968297563473,0.4426087889961012,2,P25; P27,False,0.30073725597801276,1.0,1.0,0.974289749580053,1.0,1.0
Workbook QC flags honored; raw RCADS scores,Positive Valence,LOT,Generalized Anxiety,Generalized Anxiety Raw,34,0.3303947048149744,-0.008748439907151944,0.6013703970314399,0.056334581994379906,0.11556314093807285,0.5151597487194428,P27,0.031081620886750615,0.031081620886750615,0.4731019474302328,2,P25; P27,False,0.36596411198271095,1.0,1.0,0.974289749580053,1.0,1.0
Workbook QC flags honored; raw RCADS scores,Positive Valence,LOT,Obsessive Compulsive,Obsessive Compulsive Raw,34,0.14015134003922647,-0.2078660387580728,0.4566732921321821,0.4291996947158775,0.09479864627206658,0.5938300415775746,P30,0.20654872335716665,0.09558187379704353,0.20654872335716665,2,P25; P27,False,0.8723938643796718,1.0,1.0,0.974289749580053,1.0,1.0
Workbook QC flags honored; raw RCADS scores,Positive Valence,ROT,Social Phobia,Social Phobia Raw,34,0.29330378128056933,-0.04980149111655904,0.5744886614521193,0.09227351440989925,0.1959710623422479,0.2666676957423455,P27,0.067419474573647,0.067419474573647,0.3305954127987303,1,P27,False,0.4892184354964778,1.0,1.0,0.974289749580053,1.0,1.0
Workbook QC flags honored; raw RCADS scores,Positive Valence,ROT,Panic Disorder,Panic Disorder Raw,34,0.24429094524461273,-0.10232816590273527,0.5380111054330555,0.163810781739502,0.1633323360795716,0.35601823849721315,P27,0.10569063444880905,0.10569063444880905,0.28892675109370597,1,P27,False,0.6117993844827438,1.0,1.0,0.974289749580053,1.0,1.0
Workbook QC flags honored; raw RCADS scores,Positive Valence,ROT,Major Depression,Major Depression Raw,34,0.3883405725281528,0.05776013578136362,0.642173786249882,0.023231924763694577,0.31449212863049153,0.07006786989496504,P27,0.2846148425463238,0.2846148425463238,0.41191737829783154,1,P27,False,0.24673116084118868,1.0,1.0,0.7653624048610403,1.0,1.0
Workbook QC flags honored; raw RCADS scores,Positive Valence,ROT,Separation Anxiety,Separation Anxiety Raw,34,0.654455458120944,0.4061841582889081,0.8127482707875058,2.6849299855836084e-05,0.1821095875602523,0.3026321788800113,P27,0.13398327653835349,0.13398327653835349,0.6829184652364884,1,P27,False,0.002174793288322723,0.013830601389665445,0.008618625253723382,0.974289749580053,1.0,1.0
Workbook QC flags honored; raw RCADS scores,Positive Valence,ROT,Generalized Anxiety,Generalized Anxiety Raw,34,0.5119612288780768,0.21018425300714783,0.7246669800733159,0.0019675543619190575,0.24118197687075715,0.1694100914120754,P27,0.17535977676737846,0.17535977676737846,0.6154693593812216,1,P27,False,0.05312396777181456,0.3378419578699617,0.615844515280665,0.9001745995917332,1.0,1.0
Workbook QC flags honored; raw RCADS scores,Positive Valence,ROT,Obsessive Compulsive,Obsessive Compulsive Raw,34,0.08851027297543994,-0.25735845621192965,0.41427621207874804,0.6186435801607354,0.2685703055596518,0.12458315197677053,P27,0.2767966798142561,0.06999416795096843,0.2767966798142561,1,P27,False,0.9371960310710511,1.0,1.0,0.8888306873890199,1.0,1.0
Workbook QC flags honored; raw RCADS scores,Positive Valence,O,Social Phobia,Social Phobia Raw,34,-0.09518497834456177,-0.41983684398721477,0.2510619761743385,0.5923198429149128,0.04949073740152156,0.7810474148214794,P25,-0.017254402607998105,-0.12591567068139153,-0.017254402607998105,3,P25; P27; P4,False,0.9361542883143011,1.0,1.0,0.974289749580053,1.0,1.0
Workbook QC flags honored; raw RCADS scores,Positive Valence,O,Panic Disorder,Panic Disorder Raw,34,-0.1386392584073561,-0.4554519818844706,0.20934098117436292,0.4342447904375788,-0.06261844046110109,0.7249781872926526,P4,0.040052141533182976,-0.1671187061481701,0.040052141533182976,3,P25; P27; P4,False,0.8723938643796718,1.0,1.0,0.974289749580053,1.0,1.0
Workbook QC flags honored; raw RCADS scores,Positive Valence,O,Major Depression,Major Depression Raw,34,0.06849350509992652,-0.2760664870344435,0.3974533276075255,0.7003142626381392,0.10508639420092034,0.5542017915409121,P4,0.26607139375803585,-0.005121034100101252,0.26607139375803585,3,P25; P27; P4,False,0.9440883237813129,1.0,1.0,0.974289749580053,1.0,1.0
Workbook QC flags honored; raw RCADS scores,Positive Valence,O,Separation Anxiety,Separation Anxiety Raw,34,0.034919256902372284,-0.3068701149410396,0.3687307988199019,0.8445662366039497,0.14221004450570426,0.4223832346666707,P4,0.29643867853597355,-0.028235988938032645,0.29643867853597355,3,P25; P27; P4,False,0.9759136751829091,1.0,1.0,0.974289749580053,1.0,1.0
Workbook QC flags honored; raw RCADS scores,Positive Valence,O,Generalized Anxiety,Generalized Anxiety Raw,34,0.03774205057113747,-0.30430754463248777,0.37117047465038233,0.8321727507779595,0.013923269992538899,0.9377064467317896,P4,0.13687500607333392,-0.006109456415328812,0.13687500607333392,3,P25; P27; P4,False,0.9729174994893515,1.0,1.0,0.974289749580053,1.0,1.0
Workbook QC flags honored; raw RCADS scores,Positive Valence,O,Obsessive Compulsive,Obsessive Compulsive Raw,34,0.0038304804497457075,-0.33476885573155357,0.3415537508714184,0.9828468428527923,-0.007757663361052911,0.9652685481950525,P4,0.07207514756910446,-0.03816600903166148,0.07207514756910446,3,P25; P27; P4,False,0.9856977357155755,1.0,1.0,0.974289749580053,1.0,1.0
Workbook QC flags honored; raw RCADS scores,Positive Valence,Frontal,Social Phobia,Social Phobia Raw,34,-0.08400120989891366,-0.4105059412529632,0.26159545396914263,0.6366966637059377,0.02803964379095494,0.8749193320689924,P25,0.12029931315029968,-0.15660666408920237,0.12029931315029968,1,P25,False,0.9371960310710511,1.0,1.0,0.974289749580053,1.0,1.0
Workbook QC flags honored; raw RCADS scores,Positive Valence,Frontal,Panic Disorder,Panic Disorder Raw,34,-0.08454475913242648,-0.41096102461434336,0.261085406182731,0.6345092476582989,-0.04225973568064458,0.812421429530636,P35,0.015615835288836439,-0.1418737929346383,0.015615835288836439,1,P25,False,0.9371960310710511,1.0,1.0,0.974289749580053,1.0,1.0
Workbook QC flags honored; raw RCADS scores,Positive Valence,Frontal,Major Depression,Major Depression Raw,34,0.24049162785925238,-0.10632070989055872,0.5351367814085838,0.1706717410485106,0.14159816328094812,0.42440286365893165,P25,0.12704738908308355,0.12704738908308355,0.29771150765248233,1,P25,False,0.6117993844827438,1.0,1.0,0.974289749580053,1.0,1.0
Workbook QC flags honored; raw RCADS scores,Positive Valence,Frontal,Separation Anxiety,Separation Anxiety Raw,34,0.10636425876913162,-0.2404501279375609,0.4290959153986712,0.5493669780999736,-0.06194520497573801,0.7278224566833222,P27,-0.046315042892199274,-0.046315042892199274,0.17342907673734,1,P25,False,0.9166057315291883,1.0,1.0,0.974289749580053,1.0,1.0
Workbook QC flags honored; raw RCADS scores,Positive Valence,Frontal,Generalized Anxiety,Generalized Anxiety Raw,34,0.11111621232090312,-0.23591412158792244,0.43301121420142624,0.5315637707401076,0.06636758696443541,0.7092058490870596,P27,0.00424328048282854,0.00424328048282854,0.20841665059333506,1,P25,False,0.916099264466994,1.0,1.0,0.974289749580053,1.0,1.0
Workbook QC flags honored; raw RCADS scores,Positive Valence,Frontal,Obsessive Compulsive,Obsessive Compulsive Raw,34,0.14198458773643252,-0.20607569364376999,0.4581524102627581,0.42312677238734653,0.08223123162716087,0.6438404667924047,P30,0.253073013670349,0.07310167934884587,0.253073013670349,1,P25,False,0.8723938643796718,1.0,1.0,0.974289749580053,1.0,1.0
Workbook QC flags honored; raw RCADS scores,Positive Valence,PO,Social Phobia,Social Phobia Raw,34,-0.10345183947136483,-0.4266902632236345,0.2432227289350462,0.560414890148489,-0.014709321332959968,0.9341970057134463,P25,-0.028104204431096978,-0.16310278360316643,-0.028104204431096978,3,P24; P25; P4,False,0.9166057315291883,1.0,1.0,0.974289749580053,1.0,1.0
Workbook QC flags honored; raw RCADS scores,Positive Valence,PO,Panic Disorder,Panic Disorder Raw,34,-0.15703296772897785,-0.4702280676295537,0.19129088077479572,0.3751203777188088,-0.1383466529399204,0.4352248281833411,P4,-0.05871160347811446,-0.24199492686877802,-0.05871160347811446,3,P24; P25; P4,False,0.8304540102418689,1.0,1.0,0.974289749580053,1.0,1.0
Workbook QC flags honored; raw RCADS scores,Positive Valence,PO,Major Depression,Major Depression Raw,34,0.045312560182580446,-0.2974104027438867,0.37769084307304857,0.7991377583765396,0.06673369558744575,0.7076718813927965,P25,-0.028546329720554264,-0.028546329720554264,0.10912815205018,3,P24; P25; P4,False,0.9719005609975544,1.0,1.0,0.974289749580053,1.0,1.0
Workbook QC flags honored; raw RCADS scores,Positive Valence,PO,Separation Anxiety,Separation Anxiety Raw,34,0.027985567537201918,-0.3131436461175409,0.3627185839491537,0.8751586721109588,0.015369862888716947,0.9312488601160327,P27,-0.11406050651849778,-0.11406050651849778,0.12703837639621324,3,P24; P25; P4,False,0.9800258679808795,1.0,1.0,0.974289749580053,1.0,1.0
Workbook QC flags honored; raw RCADS scores,Positive Valence,PO,Generalized Anxiety,Generalized Anxiety Raw,34,0.12996140908414783,-0.21777517898086207,0.44841973619993797,0.4638211154739558,0.16553220991129577,0.34948756129828973,P24,0.21322316220967152,0.05046401824282684,0.21322316220967152,3,P24; P25; P4,False,0.8945121512712005,1.0,1.0,0.974289749580053,1.0,1.0
Workbook QC flags honored; raw RCADS scores,Positive Valence,PO,Obsessive Compulsive,Obsessive Compulsive Raw,34,0.08623400924261337,-0.2594990395350799,0.41237430158898986,0.6277306086710908,0.18214993571752236,0.30252323828945643,P24,0.17063919235607847,0.04637547144024726,0.17063919235607847,3,P24; P25; P4,False,0.9371960310710511,1.0,1.0,0.974289749580053,1.0,1.0
Workbook QC flags honored; raw RCADS scores,Positive Valence,CP,Social Phobia,Social Phobia Raw,34,-0.20765658285316194,-0.5100083072253271,0.14036593851818815,0.23861941274247253,0.0059756617915149865,0.9732433861696936,P25,0.02251664648652076,-0.2454667041115643,0.02251664648652076,1,P25,False,0.709290731454689,1.0,1.0,0.9792883761459029,1.0,1.0
Workbook QC flags honored; raw RCADS scores,Positive Valence,CP,Panic Disorder,Panic Disorder Raw,34,-0.01720523762427309,-0.3533152689065055,0.3228388076301854,0.923062003045231,-0.04071740956091303,0.819152354044241,P25,-0.06085633944976712,-0.06085633944976712,0.015057582584241934,1,P25,False,0.9800258679808795,1.0,1.0,0.974289749580053,1.0,1.0
Workbook QC flags honored; raw RCADS scores,Positive Valence,CP,Major Depression,Major Depression Raw,34,0.27278730857957373,-0.07202224773636381,0.5593540953224596,0.11855119083164595,0.30866251844124337,0.07571124957816977,P25,0.19709093076781822,0.19709093076781822,0.2955914633405056,1,P25,False,0.5471346097838434,1.0,1.0,0.7653624048610403,1.0,1.0
Workbook QC flags honored; raw RCADS scores,Positive Valence,CP,Separation Anxiety,Separation Anxiety Raw,34,0.09771856044334411,-0.24866426403095182,0.4219411841800873,0.5824577712655713,0.06458447436066919,0.716692918471739,P25,0.008970644102841614,0.008970644102841614,0.12102531526233487,1,P25,False,0.9296370339411089,1.0,1.0,0.974289749580053,1.0,1.0
Workbook QC flags honored; raw RCADS scores,Positive Valence,CP,Generalized Anxiety,Generalized Anxiety Raw,34,0.15064304313357516,-0.1975882567133898,0.46511472252054564,0.39509996155727634,0.29115104584398005,0.09480053097694564,P25,0.2240341064572714,0.12584840142574225,0.2240341064572714,1,P25,False,0.8430257313601229,1.0,1.0,0.793583298977465,1.0,1.0
Workbook QC flags honored; raw RCADS scores,Positive Valence,CP,Obsessive Compulsive,Obsessive Compulsive Raw,34,0.18935531880273276,-0.15899113338670245,0.49577483191146016,0.28346702114769673,0.3000664188055266,0.08466937257595789,P30,0.28405817485477464,0.16389545647274797,0.28405817485477464,1,P25,False,0.746852213315179,1.0,1.0,0.7837964775602959,1.0,1.0
Workbook QC flags honored; raw RCADS scores,Negative Valence,LOT,Social Phobia,Social Phobia Raw,32,-0.18390880255867026,-0.5005063558725933,0.1760765876732226,0.31365529617950033,-0.2334784158241966,0.19841959353283717,P23,-0.32532379134138784,-0.32532379134138784,-0.07912225280328418,0,,False,0.7770200098117592,1.0,1.0,0.9149253289725289,1.0,1.0
Workbook QC flags honored; raw RCADS scores,Negative Valence,LOT,Panic Disorder,Panic Disorder Raw,32,-0.23940939487946705,-0.5427908522386643,0.11923869445051188,0.18693187090444824,-0.21424064666654677,0.2390187375876846,P27,-0.16661036117189756,-0.2933562917390687,-0.16661036117189756,0,,False,0.6371726049855526,1.0,1.0,0.974289749580053,1.0,1.0
Workbook QC flags honored; raw RCADS scores,Negative Valence,LOT,Major Depression,Major Depression Raw,32,-0.3452801289401426,-0.6194001213361756,0.0038811163011758594,0.052930811472496904,-0.2402675644632494,0.18530912887387743,P27,-0.240483159356397,-0.41306342901090637,-0.240483159356397,0,,False,0.36596411198271095,1.0,1.0,0.9001745995917332,1.0,1.0
Workbook QC flags honored; raw RCADS scores,Negative Valence,LOT,Separation Anxiety,Separation Anxiety Raw,32,-0.40670530900223956,-0.6615772461990728,-0.06759776210189092,0.020887772884164917,-0.32732451061429935,0.06744387344948718,P27,-0.21179799137312433,-0.5246862053933746,-0.21179799137312433,0,,False,0.23336684187825632,1.0,1.0,0.7653624048610403,1.0,1.0
Workbook QC flags honored; raw RCADS scores,Negative Valence,LOT,Generalized Anxiety,Generalized Anxiety Raw,32,-0.5046800148191097,-0.7256711841381329,-0.1892985999459319,0.003222537469571705,-0.47272374947501794,0.006291749119236758,P27,-0.38587359252397835,-0.5847286567757872,-0.38587359252397835,0,,False,0.06960680934274883,0.4426646151591129,0.9989866155672286,0.29121810209038707,1.0,1.0
Workbook QC flags honored; raw RCADS scores,Negative Valence,LOT,Obsessive Compulsive,Obsessive Compulsive Raw,32,-0.27423645336201496,-0.5685619187316808,0.08233032051067272,0.12879159825894748,-0.3828963540416141,0.030540738753859716,P30,-0.3986797797528728,-0.3986797797528728,-0.208126779768393,0,,False,0.5471346097838434,1.0,1.0,0.6596799570833699,1.0,1.0
Workbook QC flags honored; raw RCADS scores,Negative Valence,ROT,Social Phobia,Social Phobia Raw,32,-0.2900716322029874,-0.5800915313986436,0.06521899311021043,0.10729953950174512,-0.08125784235771251,0.6584110605748466,P27,-0.0641613545334522,-0.32743064420315576,-0.0641613545334522,2,P26; P27,False,0.5292018732405002,1.0,1.0,0.974289749580053,1.0,1.0
Workbook QC flags honored; raw RCADS scores,Negative Valence,ROT,Panic Disorder,Panic Disorder Raw,32,-0.2585763661226187,-0.5570449265062001,0.09904818662294965,0.1530135447670753,-0.07486407411557502,0.6838476547208843,P27,-0.13597872393410007,-0.30108897541297414,-0.13597872393410007,2,P26; P27,False,0.5973058855967758,1.0,1.0,0.974289749580053,1.0,1.0
Workbook QC flags honored; raw RCADS scores,Negative Valence,ROT,Major Depression,Major Depression Raw,32,-0.36703888204403534,-0.6345238023844967,-0.021037362960550244,0.03878834725762229,-0.13145673641897324,0.4732710934698521,P27,-0.1287845320873465,-0.40163767383866855,-0.1287845320873465,2,P26; P27,False,0.31418561278674056,1.0,1.0,0.974289749580053,1.0,1.0
Workbook QC flags honored; raw RCADS scores,Negative Valence,ROT,Separation Anxiety,Separation Anxiety Raw,32,-0.6859592442213522,-0.8349432594919384,-0.4432975494550471,1.4681738118948531e-05,-0.33253194601043584,0.06294780359791247,P27,-0.296818510352972,-0.7159242816479253,-0.296818510352972,2,P26; P27,False,0.0015856277168464414,0.010083801997118435,0.004727519674301427,0.7653624048610403,1.0,1.0
Workbook QC flags honored; raw RCADS scores,Negative Valence,ROT,Generalized Anxiety,Generalized Anxiety Raw,32,-0.52890650411583,-0.7409497066679199,-0.22096418771217144,0.001856599483842375,-0.23980087959998947,0.18619036829625815,P27,-0.22134054763465252,-0.5967147465269637,-0.22134054763465252,2,P26; P27,False,0.05312396777181456,0.3378419578699617,0.5829722379265058,0.9001745995917332,1.0,1.0
Workbook QC flags honored; raw RCADS scores,Negative Valence,ROT,Obsessive Compulsive,Obsessive Compulsive Raw,32,-0.07006882873488664,-0.4087753628658333,0.28560316293908733,0.7031526528082441,-0.26481030022110663,0.14300589528789007,P11,-0.14430786613561863,-0.14430786613561863,-0.029911193498643074,2,P26; P27,False,0.9440883237813129,1.0,1.0,0.8888306873890199,1.0,1.0
Workbook QC flags honored; raw RCADS scores,Negative Valence,O,Social Phobia,Social Phobia Raw,32,-0.4783305665098517,-0.7088026456902108,-0.15558712635397295,0.0056201388061620835,-0.4735751174512838,0.006185559470055337,P23,-0.5599629197455667,-0.5599629197455667,-0.4158391285251453,0,,False,0.1011624985109175,0.6433430708102786,1.0,0.29121810209038707,1.0,1.0
Workbook QC flags honored; raw RCADS scores,Negative Valence,O,Panic Disorder,Panic Disorder Raw,32,-0.27493838227340844,-0.5690754549618793,0.0815762504211609,0.12777642159539743,-0.14677055517967053,0.42279484839346604,P8,-0.1831623039436921,-0.33342712168690264,-0.1831623039436921,0,,False,0.5471346097838434,1.0,1.0,0.974289749580053,1.0,1.0
Workbook QC flags honored; raw RCADS scores,Negative Valence,O,Major Depression,Major Depression Raw,32,-0.33917030058678677,-0.6151165088091815,0.010801076525660171,0.057561017458271704,-0.3028660103770462,0.09200014558606207,P27,-0.23672858212465722,-0.3995360273274943,-0.23672858212465722,0,,False,0.36596411198271095,1.0,1.0,0.793583298977465,1.0,1.0
Workbook QC flags honored; raw RCADS scores,Negative Valence,O,Separation Anxiety,Separation Anxiety Raw,32,-0.5506243585073973,-0.7544620688848196,-0.24991365948261535,0.0010927107707687325,-0.4768522984176497,0.00579096332138682,P27,-0.42619318859805677,-0.6044436453862387,-0.42619318859805677,0,,False,0.035403828972906934,0.22515070688387334,0.34420389279215075,0.29121810209038707,1.0,1.0
Workbook QC flags honored; raw RCADS scores,Negative Valence,O,Generalized Anxiety,Generalized Anxiety Raw,32,-0.5630178099275541,-0.7620963307627974,-0.2666783843588638,0.0007943598054215142,-0.4541345340021505,0.009030085724801457,P27,-0.463599491397968,-0.6142827657490083,-0.463599491397968,0,,False,0.028596952995174514,0.18186236823468022,0.2510176985131985,0.30965971391922414,1.0,1.0
Workbook QC flags honored; raw RCADS scores,Negative Valence,O,Obsessive Compulsive,Obsessive Compulsive Raw,32,-0.2763742587127886,-0.5701252382216562,0.08003244069657815,0.12571817391448054,-0.4654636105712288,0.0072622310438370564,P30,-0.5408208880462211,-0.5408208880462211,-0.23057834571938401,0,,False,0.5471346097838434,1.0,1.0,0.2941203572754008,1.0,1.0
Workbook QC flags honored; raw RCADS scores,Negative Valence,Frontal,Social Phobia,Social Phobia Raw,32,-0.10922211241586739,-0.44111613396859395,0.24895326571055787,0.5518057660612389,-0.12298981117038386,0.5024702487725634,P23,-0.25145006513957097,-0.25145006513957097,0.01951366181174349,0,,False,0.9166057315291883,1.0,1.0,0.974289749580053,1.0,1.0
Workbook QC flags honored; raw RCADS scores,Negative Valence,Frontal,Panic Disorder,Panic Disorder Raw,32,0.04283919419322127,-0.3104928462243274,0.3857706121164873,0.8159165203436258,0.0515730288351739,0.779231687053802,P27,0.16315407013800032,-0.03245011030810385,0.16315407013800032,0,,False,0.9719005609975544,1.0,1.0,0.974289749580053,1.0,1.0
Workbook QC flags honored; raw RCADS scores,Negative Valence,Frontal,Major Depression,Major Depression Raw,32,-0.13589600754569517,-0.46266603035355036,0.2233832265733458,0.4583239530160942,-0.13035205796167093,0.47702969263311445,P27,0.019749904961357135,-0.20711756016531768,0.019749904961357135,0,,False,0.8945121512712005,1.0,1.0,0.974289749580053,1.0,1.0
Workbook QC flags honored; raw RCADS scores,Negative Valence,Frontal,Separation Anxiety,Separation Anxiety Raw,32,-0.2883984876568997,-0.5788787789883131,0.06703690191471742,0.10943372070096763,-0.17612290429076216,0.3349314455433977,P27,-0.004961171599689819,-0.40337865482439267,-0.004961171599689819,0,,False,0.5292018732405002,1.0,1.0,0.974289749580053,1.0,1.0
Workbook QC flags honored; raw RCADS scores,Negative Valence,Frontal,Generalized Anxiety,Generalized Anxiety Raw,32,-0.5073462820346945,-0.7273634162563949,-0.19275175256812035,0.00303869640123679,-0.2977992318753358,0.09784645616628329,P27,-0.3717999057811646,-0.5626818045949471,-0.3717999057811646,0,,False,0.06960680934274883,0.4426646151591129,0.9450345807846416,0.793583298977465,1.0,1.0
Workbook QC flags honored; raw RCADS scores,Negative Valence,Frontal,Obsessive Compulsive,Obsessive Compulsive Raw,32,-0.04904567172483523,-0.3910518996131969,0.3048620274226576,0.7898032045448486,-0.1454225103742313,0.4271140732798884,P30,-0.18344301254368175,-0.18344301254368175,-0.0012822387762795658,0,,False,0.9719005609975544,1.0,1.0,0.974289749580053,1.0,1.0
Workbook QC flags honored; raw RCADS scores,Negative Valence,PO,Social Phobia,Social Phobia Raw,32,-0.1385606601627391,-0.46479780056857406,0.22080138787631234,0.4494742103924727,-0.13199803351320719,0.4714350250867081,P23,-0.25607148326333246,-0.25607148326333246,-0.038742486117246074,0,,False,0.8934333997985346,1.0,1.0,0.974289749580053,1.0,1.0
Workbook QC flags honored; raw RCADS scores,Negative Valence,PO,Panic Disorder,Panic Disorder Raw,32,-0.01658709048269017,-0.3631804905648796,0.3340388999621231,0.9282048544431207,0.0245849922404234,0.893750110616176,P35,-0.1273671571090387,-0.1273671571090387,0.07250994680227466,0,,False,0.9800258679808795,1.0,1.0,0.974289749580053,1.0,1.0
Workbook QC flags honored; raw RCADS scores,Negative Valence,PO,Major Depression,Major Depression Raw,32,-0.23843214512013186,-0.5420593790577913,0.12026024375893776,0.18879188295868224,-0.14471287790660078,0.4293975472522028,P27,-0.128807041731803,-0.292830410970494,-0.128807041731803,0,,False,0.6371726049855526,1.0,1.0,0.974289749580053,1.0,1.0
Workbook QC flags honored; raw RCADS scores,Negative Valence,PO,Separation Anxiety,Separation Anxiety Raw,32,-0.4143278720343044,-0.6667011119492944,-0.0767175674363695,0.01839299777138536,-0.3470383731853878,0.0516545963391516,P27,-0.2523770964066089,-0.5147597381638879,-0.2523770964066089,0,,False,0.2301204540937378,1.0,1.0,0.7653624048610403,1.0,1.0
Workbook QC flags honored; raw RCADS scores,Negative Valence,PO,Generalized Anxiety,Generalized Anxiety Raw,32,-0.39921099047942005,-0.656516276464659,-0.05868629769236255,0.023606993784187805,-0.25299922258572527,0.1623868019918744,P27,-0.2717192428317886,-0.43250183223162486,-0.2717192428317886,0,,False,0.24673116084118868,1.0,1.0,0.9001745995917332,1.0,1.0
Workbook QC flags honored; raw RCADS scores,Negative Valence,PO,Obsessive Compulsive,Obsessive Compulsive Raw,32,-0.18132186110848963,-0.4984978839473314,0.17866857997102767,0.32062875705321214,-0.28098901940596355,0.1192691028599057,P30,-0.38994833483495095,-0.38994833483495095,-0.10214752279855256,0,,False,0.7844386274641902,1.0,1.0,0.8888306873890199,1.0,1.0
Workbook QC flags honored; raw RCADS scores,Negative Valence,CP,Social Phobia,Social Phobia Raw,32,0.2188265881325083,-0.14059529685507866,0.5272867290867213,0.22887176244821683,0.15093368456036646,0.4096102598699505,P25,0.025161927588957064,0.025161927588957064,0.2777562656755039,1,P25,False,0.6930322526469369,1.0,1.0,0.974289749580053,1.0,1.0
Workbook QC flags honored; raw RCADS scores,Negative Valence,CP,Panic Disorder,Panic Disorder Raw,32,0.06355877998896195,-0.29159774356736967,0.4033142719924133,0.7296525676629754,0.17227979524868128,0.34575071462373064,P25,0.1308224450921364,0.015281432438315765,0.1308224450921364,1,P25,False,0.9590331455409622,1.0,1.0,0.974289749580053,1.0,1.0
Workbook QC flags honored; raw RCADS scores,Negative Valence,CP,Major Depression,Major Depression Raw,32,-0.1319591275983758,-0.4595095241706008,0.2271885492056537,0.47156686866620595,0.07806394431602892,0.6710727719396883,P25,0.1178682983894757,-0.17074250611586572,0.1178682983894757,1,P25,False,0.8947040581252886,1.0,1.0,0.974289749580053,1.0,1.0
Workbook QC flags honored; raw RCADS scores,Negative Valence,CP,Separation Anxiety,Separation Anxiety Raw,32,-0.212205054921583,-0.522254965684423,0.14739538082345835,0.2436177641330537,-0.1558511022129448,0.3943400806303118,P27,-0.14932987852629034,-0.268056571560889,-0.14932987852629034,1,P25,False,0.7098709311884195,1.0,1.0,0.974289749580053,1.0,1.0
Workbook QC flags honored; raw RCADS scores,Negative Valence,CP,Generalized Anxiety,Generalized Anxiety Raw,32,-0.11876074916167156,-0.44886663261194987,0.2398663646498711,0.5173854668043316,0.022492950722169554,0.9027467543436201,P27,-0.049833327952955794,-0.14095754684758988,-0.049833327952955794,1,P25,False,0.9093743143576819,1.0,1.0,0.974289749580053,1.0,1.0
Workbook QC flags honored; raw RCADS scores,Negative Valence,CP,Obsessive Compulsive,Obsessive Compulsive Raw,32,-0.02794190914665201,-0.37300165872167346,0.32390795289554314,0.8793415070856285,-0.012645435684715763,0.9452363947955431,P25,0.14857802409845364,-0.11775297052811595,0.14857802409845364,1,P25,False,0.9800258679808795,1.0,1.0,0.974289749580053,1.0,1.0
Workbook QC flags honored; raw RCADS scores,Angry Caucasian,LOT,Social Phobia,Social Phobia Raw,21,0.4205357044771611,-0.013624454438456094,0.7212812918056651,0.05766481547737484,0.33463655136826825,0.13814507776420523,P23,0.5542946617490393,0.33278033029905457,0.5542946617490393,1,P29,False,0.36596411198271095,1.0,1.0,0.8888306873890199,1.0,1.0
Workbook QC flags honored; raw RCADS scores,Angry Caucasian,LOT,Panic Disorder,Panic Disorder Raw,21,-0.05611932244635114,-0.4762680467279195,0.38489183492658496,0.8090795826874544,-0.24697985184722823,0.2804398904861223,P27,-0.20373014495245026,-0.20373014495245026,0.006338046720991624,1,P29,False,0.9719005609975544,1.0,1.0,0.974289749580053,1.0,1.0
Workbook QC flags honored; raw RCADS scores,Angry Caucasian,LOT,Major Depression,Major Depression Raw,21,0.02502022065483192,-0.4111068825371951,0.45182686405782724,0.9142712838203669,-0.12010607621423566,0.6040561069742272,P27,-0.1503010239230708,-0.1503010239230708,0.18406485625300037,1,P29,False,0.9800258679808795,1.0,1.0,0.974289749580053,1.0,1.0
Workbook QC flags honored; raw RCADS scores,Angry Caucasian,LOT,Separation Anxiety,Separation Anxiety Raw,21,0.2800753811023318,-0.17246301101766756,0.634988926489523,0.21882045045975917,0.2360474917158936,0.30295427044499895,P27,0.05054116496524543,0.05054116496524543,0.4087388198865479,1,P29,False,0.675217389990114,1.0,1.0,0.974289749580053,1.0,1.0
Workbook QC flags honored; raw RCADS scores,Angry Caucasian,LOT,Generalized Anxiety,Generalized Anxiety Raw,21,0.4832254865346546,0.06512363003682901,0.7570004228931462,0.02647954892738369,0.2872377963765011,0.20676964671742337,P27,0.38840549512187067,0.38840549512187067,0.5779474360887306,1,P29,False,0.26493855710762015,1.0,1.0,0.9149253289725289,1.0,1.0
Workbook QC flags honored; raw RCADS scores,Angry Caucasian,LOT,Obsessive Compulsive,Obsessive Compulsive Raw,21,0.0977523372313707,-0.34864677543566003,0.5080022392716795,0.6733610160698208,0.09074638827472412,0.6956515747327185,P30,0.42925158329734653,-0.19629916137084422,0.42925158329734653,1,P29,False,0.9440883237813129,1.0,1.0,0.974289749580053,1.0,1.0
Workbook QC flags honored; raw RCADS scores,Angry Caucasian,ROT,Social Phobia,Social Phobia Raw,21,0.4500616947534634,0.022805745024384285,0.7383061577032746,0.0406390407238301,0.5045590025494316,0.019669393614450716,P23,0.5061657166526773,0.42073525713337545,0.5061657166526773,1,P27,False,0.3211475413297793,1.0,1.0,0.4902218100832333,1.0,1.0
Workbook QC flags honored; raw RCADS scores,Angry Caucasian,ROT,Panic Disorder,Panic Disorder Raw,21,0.37084390740875633,-0.07243961502285762,0.6917840731280523,0.097927786604529,-0.06616701601212216,0.7756742688760816,P27,-0.2282893231998344,-0.2282893231998344,0.48184453289170837,1,P27,False,0.5021421248422252,1.0,1.0,0.974289749580053,1.0,1.0
Workbook QC flags honored; raw RCADS scores,Angry Caucasian,ROT,Major Depression,Major Depression Raw,21,0.4619017275930749,0.037740232258596816,0.7450315487821338,0.03503297799211283,-0.07049704473444267,0.7613914640229195,P27,-0.20604962578818625,-0.20604962578818625,0.5084183906205315,1,P27,False,0.30073725597801276,1.0,1.0,0.974289749580053,1.0,1.0
Workbook QC flags honored; raw RCADS scores,Angry Caucasian,ROT,Separation Anxiety,Separation Anxiety Raw,21,0.7998760622205758,0.5623751167952067,0.915458689957801,1.3488503640296662e-05,0.24135192973198108,0.29189616128783796,P27,0.25382533413275027,0.25382533413275027,0.8441127918219287,1,P27,False,0.0015856277168464414,0.010083801997118435,0.004356786675815821,0.974289749580053,1.0,1.0
Workbook QC flags honored; raw RCADS scores,Angry Caucasian,ROT,Generalized Anxiety,Generalized Anxiety Raw,21,0.5735519400507638,0.18854888117504134,0.8057413574525082,0.0065606163424007605,0.09070667253994771,0.6957786485457842,P27,0.11247350129641177,0.11247350129641177,0.7201246674239109,1,P27,False,0.10628198474689232,0.6759004517024435,1.0,0.974289749580053,1.0,1.0
Workbook QC flags honored; raw RCADS scores,Angry Caucasian,ROT,Obsessive Compulsive,Obsessive Compulsive Raw,21,0.050161711959622164,-0.38996952530445184,0.47163562390038294,0.829042659385344,-0.0390805613737863,0.8664361452777047,P27,-0.28539285193444586,-0.28539285193444586,0.17797576882925825,1,P27,False,0.9729174994893515,1.0,1.0,0.974289749580053,1.0,1.0
Workbook QC flags honored; raw RCADS scores,Angry Caucasian,O,Social Phobia,Social Phobia Raw,21,0.2819750806383249,-0.17046105635557168,0.636218248280812,0.21558006490083054,0.30013122603262965,0.18620945134772104,P25,0.5557415833276942,0.012439827051255476,0.5557415833276942,2,P25; P27,False,0.675217389990114,1.0,1.0,0.9001745995917332,1.0,1.0
Workbook QC flags honored; raw RCADS scores,Angry Caucasian,O,Panic Disorder,Panic Disorder Raw,21,0.20778057892848362,-0.24596863496362112,0.5868308984730032,0.3661089838925264,0.05502999351503228,0.812721623193839,P27,-0.05603901914427751,-0.05603901914427751,0.4310379886923339,2,P25; P27,False,0.8180642122839901,1.0,1.0,0.974289749580053,1.0,1.0
Workbook QC flags honored; raw RCADS scores,Angry Caucasian,O,Major Depression,Major Depression Raw,21,0.4748939993738333,0.054349077602173064,0.752345784366721,0.02959843580357886,0.20235262840441873,0.37904030765496566,P27,0.2520856724837606,0.2520856724837606,0.5517498238394403,2,P25; P27,False,0.26638592223220975,1.0,1.0,0.974289749580053,1.0,1.0
Workbook QC flags honored; raw RCADS scores,Angry Caucasian,O,Separation Anxiety,Separation Anxiety Raw,21,0.6790854511672387,0.3500027526028267,0.858964800009041,0.0007114373070859796,0.4011481249666169,0.07149887981262441,P27,0.3651756172159641,0.3651756172159641,0.7249877638693768,2,P25; P27,False,0.028596952995174514,0.18186236823468022,0.22552562634625553,0.7653624048610403,1.0,1.0
Workbook QC flags honored; raw RCADS scores,Angry Caucasian,O,Generalized Anxiety,Generalized Anxiety Raw,21,0.6197252108054678,0.25671728190959275,0.8294985752859977,0.0027322057556860946,0.5514702772537401,0.00955739857775383,P27,0.40385234465913,0.40385234465913,0.7114149039570417,2,P25; P27,False,0.06809497421863805,0.4330500972733244,0.8524481957740615,0.30965971391922414,1.0,1.0
Workbook QC flags honored; raw RCADS scores,Angry Caucasian,O,Obsessive Compulsive,Obsessive Compulsive Raw,21,0.1924810701394494,-0.26088286675693584,0.5762835646393784,0.4032076843050225,0.37093414185288687,0.09783974687224187,P30,0.518349174073392,0.1281421952901915,0.518349174073392,2,P25; P27,False,0.8538515667635771,1.0,1.0,0.793583298977465,1.0,1.0
Workbook QC flags honored; raw RCADS scores,Angry Caucasian,Frontal,Social Phobia,Social Phobia Raw,21,0.3882946573782794,-0.05213028806211808,0.7022663743237274,0.08195800901902192,0.33398550749401085,0.13896110977456658,P31,0.4976741451889637,0.2845077736807341,0.4976741451889637,0,,False,0.4578343952097087,1.0,1.0,0.8888306873890199,1.0,1.0
Workbook QC flags honored; raw RCADS scores,Angry Caucasian,Frontal,Panic Disorder,Panic Disorder Raw,21,0.3608937439101262,-0.0838574430776305,0.6857460493318355,0.10799665065434734,0.3445925784393688,0.1260855155379423,P31,0.45643108549922096,0.2805955360908743,0.45643108549922096,0,,False,0.5292018732405002,1.0,1.0,0.8888306873890199,1.0,1.0
Workbook QC flags honored; raw RCADS scores,Angry Caucasian,Frontal,Major Depression,Major Depression Raw,21,0.07866818274665492,-0.3654285557818675,0.4935925520337823,0.7346443357494575,0.07114979514865045,0.7592446762654591,P27,-0.07261060843541697,-0.07261060843541697,0.22175366251427187,0,,False,0.9597772773500978,1.0,1.0,0.974289749580053,1.0,1.0
Workbook QC flags honored; raw RCADS scores,Angry Caucasian,Frontal,Separation Anxiety,Separation Anxiety Raw,21,0.27040580831174743,-0.1825954498930164,0.6287036281757955,0.235810726144854,0.19891642560328113,0.3873581425363287,P27,0.06423191936960151,0.06423191936960151,0.3552324388184149,0,,False,0.707432178434562,1.0,1.0,0.974289749580053,1.0,1.0
Workbook QC flags honored; raw RCADS scores,Angry Caucasian,Frontal,Generalized Anxiety,Generalized Anxiety Raw,21,0.14799057793902148,-0.3030571843290725,0.5448681423213886,0.5220482175016322,0.17023933469453953,0.46065051016963854,P27,-0.02462527347312183,-0.02462527347312183,0.24045817099671712,0,,False,0.9093743143576819,1.0,1.0,0.974289749580053,1.0,1.0
Workbook QC flags honored; raw RCADS scores,Angry Caucasian,Frontal,Obsessive Compulsive,Obsessive Compulsive Raw,21,-0.2553144334607211,-0.6187996715561365,0.19821925251190195,0.2639969079886622,-0.2053385428114195,0.371895176149975,P26,-0.343405438089435,-0.343405438089435,-0.20396413206455324,0,,False,0.7432070462514574,1.0,1.0,0.974289749580053,1.0,1.0
Workbook QC flags honored; raw RCADS scores,Angry Caucasian,PO,Social Phobia,Social Phobia Raw,21,0.2651542839709763,-0.18805832861956934,0.6252703669637325,0.24538748238612032,0.09570344951582767,0.6798536479740773,P27,-0.00728205172289953,-0.00728205172289953,0.3472445042985216,1,P27,False,0.7098709311884195,1.0,1.0,0.974289749580053,1.0,1.0
Workbook QC flags honored; raw RCADS scores,Angry Caucasian,PO,Panic Disorder,Panic Disorder Raw,21,0.5750410626037177,0.1906909520402061,0.8065193857508858,0.006390326438518515,0.5208195814815555,0.015486816500090364,P27,0.4633000055102494,0.4633000055102494,0.632130511236366,1,P27,False,0.10628198474689232,0.6759004517024435,1.0,0.4561571405481162,1.0,1.0
Workbook QC flags honored; raw RCADS scores,Angry Caucasian,PO,Major Depression,Major Depression Raw,21,0.3496973413290454,-0.09656719475347937,0.6788978865810035,0.12020311538281594,0.18146461514976908,0.43115041775598784,P27,0.07114183552236722,0.07114183552236722,0.4151414174615008,1,P27,False,0.5471346097838434,1.0,1.0,0.974289749580053,1.0,1.0
Workbook QC flags honored; raw RCADS scores,Angry Caucasian,PO,Separation Anxiety,Separation Anxiety Raw,21,0.45932123522503576,0.03446908628904861,0.7435706636195977,0.03619985488624228,0.03845717561663435,0.8685487062529855,P27,-0.09059245901843807,-0.09059245901843807,0.5528481889459758,1,P27,False,0.30073725597801276,1.0,1.0,0.974289749580053,1.0,1.0
Workbook QC flags honored; raw RCADS scores,Angry Caucasian,PO,Generalized Anxiety,Generalized Anxiety Raw,21,0.3695581741661718,-0.07392156178630799,0.6910063727626927,0.09918856787006917,0.13606000880992158,0.5564841722431122,P27,0.013719355493362236,0.013719355493362236,0.4879662298464506,1,P27,False,0.5021421248422252,1.0,1.0,0.974289749580053,1.0,1.0
Workbook QC flags honored; raw RCADS scores,Angry Caucasian,PO,Obsessive Compulsive,Obsessive Compulsive Raw,21,-0.09214221443764278,-0.5037899546086849,0.3536099583677298,0.6911905201294084,-0.137113156006335,0.5534039991513375,P27,-0.1763235951064958,-0.1763235951064958,-0.022802181690660086,1,P27,False,0.9440883237813129,1.0,1.0,0.974289749580053,1.0,1.0
Workbook QC flags honored; raw RCADS scores,Angry Caucasian,CP,Social Phobia,Social Phobia Raw,21,0.4461757936897361,0.01794545602998012,0.7360863185941575,0.04262347346547525,0.5065121341722036,0.01912380562821874,P27,0.394436170293526,0.394436170293526,0.4945988172295842,1,P25,False,0.32880965244795196,1.0,1.0,0.4902218100832333,1.0,1.0
Workbook QC flags honored; raw RCADS scores,Angry Caucasian,CP,Panic Disorder,Panic Disorder Raw,21,0.18803765800922953,-0.26517420565947664,0.5731961719715551,0.414356096968403,0.43892971017942417,0.046523910663644454,P25,0.48277564088721187,0.10957776777305345,0.48277564088721187,1,P25,False,0.8661379059210488,1.0,1.0,0.7536873527510402,1.0,1.0
Workbook QC flags honored; raw RCADS scores,Angry Caucasian,CP,Major Depression,Major Depression Raw,21,-0.004961038560041216,-0.4357146850505601,0.42764158445946077,0.9829726364508073,0.4216767675782404,0.056919514176725666,P25,0.6545180051656276,-0.1348872160264905,0.6545180051656276,1,P25,False,0.9856977357155755,1.0,1.0,0.7653624048610403,1.0,1.0
Workbook QC flags honored; raw RCADS scores,Angry Caucasian,CP,Separation Anxiety,Separation Anxiety Raw,21,0.048966479616544885,-0.39098501217729853,0.47070344409043946,0.8330603574945268,0.12399123862604522,0.5923177099364778,P25,0.41250500398237727,-0.22733831407216307,0.41250500398237727,1,P25,False,0.9729174994893515,1.0,1.0,0.974289749580053,1.0,1.0
Workbook QC flags honored; raw RCADS scores,Angry Caucasian,CP,Generalized Anxiety,Generalized Anxiety Raw,21,0.14845788726860948,-0.30262319809805743,0.5452040098677207,0.5207202073355652,0.39306224767310677,0.07795357827288374,P25,0.5102242043107956,0.02017417427270142,0.5102242043107956,1,P25,False,0.9093743143576819,1.0,1.0,0.7653624048610403,1.0,1.0
Workbook QC flags honored; raw RCADS scores,Angry Caucasian,CP,Obsessive Compulsive,Obsessive Compulsive Raw,21,-0.10975007119066567,-0.5169451994796332,0.33794788660566305,0.6358019353223726,0.19142851249193626,0.40583348704745037,P25,0.08391544065840964,-0.18995371143043818,0.08391544065840964,1,P25,False,0.9371960310710511,1.0,1.0,0.974289749580053,1.0,1.0
Workbook QC flags honored; raw RCADS scores,Happy Caucasian,LOT,Social Phobia,Social Phobia Raw,21,-0.05745163327839683,-0.477300822311056,0.3837526378049879,0.8046303275686171,0.100260756635629,0.6654425719970882,P27,0.19211062972137574,-0.18735522575582664,0.19211062972137574,0,,False,0.9719005609975544,1.0,1.0,0.974289749580053,1.0,1.0
Workbook QC flags honored; raw RCADS scores,Happy Caucasian,LOT,Panic Disorder,Panic Disorder Raw,21,0.054585789999823595,-0.3862014259465235,0.47507785213735343,0.8142078374067938,0.12119700952715444,0.6007503448531737,P27,0.3030888784389954,-0.07328629749759406,0.3030888784389954,0,,False,0.9719005609975544,1.0,1.0,0.974289749580053,1.0,1.0
Workbook QC flags honored; raw RCADS scores,Happy Caucasian,LOT,Major Depression,Major Depression Raw,21,0.11462203655411,-0.33357006242522647,0.5205515020086626,0.6207861424921655,0.21671313751699042,0.34538783921599625,P27,0.4531843552939204,-0.04814936736725818,0.4531843552939204,0,,False,0.9371960310710511,1.0,1.0,0.974289749580053,1.0,1.0
Workbook QC flags honored; raw RCADS scores,Happy Caucasian,LOT,Separation Anxiety,Separation Anxiety Raw,21,-0.2268363406675308,-0.5997903043986632,0.22708734217317883,0.3227551808426236,0.13327400515419835,0.5646692795151548,P27,0.30285759610853036,-0.35136716608350615,0.30285759610853036,0,,False,0.7844386274641902,1.0,1.0,0.974289749580053,1.0,1.0
Workbook QC flags honored; raw RCADS scores,Happy Caucasian,LOT,Generalized Anxiety,Generalized Anxiety Raw,21,0.058950816529816444,-0.3824691480434621,0.4784615681716313,0.7996307490463984,0.3260181853609715,0.14922484514153464,P27,0.4714044693653329,-0.038809950112321315,0.4714044693653329,0,,False,0.9719005609975544,1.0,1.0,0.8888306873890199,1.0,1.0
Workbook QC flags honored; raw RCADS scores,Happy Caucasian,LOT,Obsessive Compulsive,Obsessive Compulsive Raw,21,0.13610709563930865,-0.31403076019373055,0.5362841594538528,0.5563462921196426,0.1642708342491356,0.4767467675768591,P30,0.3462232986443228,0.002613933430203604,0.3462232986443228,0,,False,0.9166057315291883,1.0,1.0,0.974289749580053,1.0,1.0
Workbook QC flags honored; raw RCADS scores,Happy Caucasian,ROT,Social Phobia,Social Phobia Raw,21,-0.4095668435834722,-0.7148626280121058,0.026870820322857564,0.0652144560117844,-0.03190114983860923,0.8908156911684111,P27,0.060774425432576204,-0.4811110061573608,0.060774425432576204,1,P27,False,0.39127856112987897,1.0,1.0,0.974289749580053,1.0,1.0
Workbook QC flags honored; raw RCADS scores,Happy Caucasian,ROT,Panic Disorder,Panic Disorder Raw,21,-0.3753351594795933,-0.6944948627337679,0.06724755478304004,0.09361587345920254,-0.064201659100871,0.7821804597049866,P27,0.025715325608067018,-0.46492225635747436,0.025715325608067018,1,P27,False,0.4892184354964778,1.0,1.0,0.974289749580053,1.0,1.0
Workbook QC flags honored; raw RCADS scores,Happy Caucasian,ROT,Major Depression,Major Depression Raw,21,-0.47757609696427006,-0.7538472494220302,-0.05780699826188999,0.02856431580578054,-0.1899503705344705,0.40953677479154693,P27,-0.06535515184962104,-0.5284357700548753,-0.06535515184962104,1,P27,False,0.26493855710762015,1.0,1.0,0.974289749580053,1.0,1.0
Workbook QC flags honored; raw RCADS scores,Happy Caucasian,ROT,Separation Anxiety,Separation Anxiety Raw,21,-0.810130380302674,-0.9200536339404265,-0.5819725338291019,8.542561391709719e-06,-0.3885500846784091,0.0817396633471125,P27,-0.28904560240945804,-0.8564357141478124,-0.28904560240945804,1,P27,False,0.0015856277168464414,0.010083801997118435,0.002767789890913949,0.7789309095430721,1.0,1.0
Workbook QC flags honored; raw RCADS scores,Happy Caucasian,ROT,Generalized Anxiety,Generalized Anxiety Raw,21,-0.5605642947702895,-0.7989215019677497,-0.17002045937498225,0.00821059189139908,-0.23136774444972172,0.3129194230248291,P27,-0.0053071341415401145,-0.744105382126616,-0.0053071341415401145,1,P27,False,0.1266777034673001,0.8056070574715145,1.0,0.974289749580053,1.0,1.0
Workbook QC flags honored; raw RCADS scores,Happy Caucasian,ROT,Obsessive Compulsive,Obsessive Compulsive Raw,21,-0.10188828902403135,-0.5110951477723156,0.3449716646055993,0.6603230730123102,-0.3053582846324658,0.17828440597658776,P30,-0.22898434362452916,-0.22898434362452916,-0.07550448839666493,1,P27,False,0.9440883237813129,1.0,1.0,0.9001745995917332,1.0,1.0
Workbook QC flags honored; raw RCADS scores,Happy Caucasian,O,Social Phobia,Social Phobia Raw,21,-0.335018422959724,-0.669832063764678,0.11301257720518423,0.13766801261725506,-0.10156284438414367,0.6613456197164729,P25,-0.169297799426464,-0.41405593270265467,-0.169297799426464,2,P25; P27,False,0.5646131150378562,1.0,1.0,0.974289749580053,1.0,1.0
Workbook QC flags honored; raw RCADS scores,Happy Caucasian,O,Panic Disorder,Panic Disorder Raw,21,0.07975298501437679,-0.3644823039550907,0.49441779573212463,0.7311147745327706,0.13560962687632958,0.5578037576686079,P27,0.30604398263340904,-0.08454013835386572,0.30604398263340904,2,P25; P27,False,0.9590331455409622,1.0,1.0,0.974289749580053,1.0,1.0
Workbook QC flags honored; raw RCADS scores,Happy Caucasian,O,Major Depression,Major Depression Raw,21,0.11435536132658645,-0.3338101911315219,0.5203544789398609,0.6216043827678849,0.05613653562187101,0.8090220627739482,P27,0.4157017074896454,-0.16531841445392692,0.4157017074896454,2,P25; P27,False,0.9371960310710511,1.0,1.0,0.974289749580053,1.0,1.0
Workbook QC flags honored; raw RCADS scores,Happy Caucasian,O,Separation Anxiety,Separation Anxiety Raw,21,-0.14893151883068592,-0.5455442914497888,0.302183149520505,0.5193758637208459,0.19560115184322643,0.39547921989177115,P27,0.3761263496207713,-0.3766387210800797,0.3761263496207713,2,P25; P27,False,0.9093743143576819,1.0,1.0,0.974289749580053,1.0,1.0
Workbook QC flags honored; raw RCADS scores,Happy Caucasian,O,Generalized Anxiety,Generalized Anxiety Raw,21,-0.1338485430641808,-0.5346432877448253,0.31610286428372014,0.562976977081199,0.1590653243091837,0.49101258809531734,P27,0.164407418681992,-0.28159346813221775,0.164407418681992,2,P25; P27,False,0.9166057315291883,1.0,1.0,0.974289749580053,1.0,1.0
Workbook QC flags honored; raw RCADS scores,Happy Caucasian,O,Obsessive Compulsive,Obsessive Compulsive Raw,21,0.027961630845962347,-0.40865792208131063,0.4541663202092867,0.9042351474128548,0.05696488607026477,0.8062551547695505,P25,-0.13676862557685332,-0.13676862557685332,0.14715679912955892,2,P25; P27,False,0.9800258679808795,1.0,1.0,0.974289749580053,1.0,1.0
Workbook QC flags honored; raw RCADS scores,Happy Caucasian,Frontal,Social Phobia,Social Phobia Raw,21,0.11971759740413065,-0.3289705457138177,0.5243078813004299,0.6052350898977722,0.100260756635629,0.6654425719970882,P31,0.02857198120770666,0.02857198120770666,0.20741054036408732,0,,False,0.9371960310710511,1.0,1.0,0.974289749580053,1.0,1.0
Workbook QC flags honored; raw RCADS scores,Happy Caucasian,Frontal,Panic Disorder,Panic Disorder Raw,21,0.2307889652936992,-0.2231277025934234,0.602454117524027,0.3141654977942607,0.37079733725605085,0.09797324678734136,P35,0.42653435373204474,0.15551942459537482,0.42653435373204474,0,,False,0.7770200098117592,1.0,1.0,0.793583298977465,1.0,1.0
Workbook QC flags honored; raw RCADS scores,Happy Caucasian,Frontal,Major Depression,Major Depression Raw,21,0.15833553338254555,-0.2934059401157801,0.5522736591214402,0.4930292776391468,0.1612293523093272,0.4850565810312122,P27,0.2663286946566071,0.05519690745713643,0.2663286946566071,0,,False,0.9076220792902475,1.0,1.0,0.974289749580053,1.0,1.0
Workbook QC flags honored; raw RCADS scores,Happy Caucasian,Frontal,Separation Anxiety,Separation Anxiety Raw,21,0.09563647002807339,-0.3505215933560975,0.5064158704353257,0.6800662679012202,0.2983746384049217,0.1889255332476477,P27,0.3604177699424338,-0.0009130440298189928,0.3604177699424338,0,,False,0.9440883237813129,1.0,1.0,0.9001745995917332,1.0,1.0
Workbook QC flags honored; raw RCADS scores,Happy Caucasian,Frontal,Generalized Anxiety,Generalized Anxiety Raw,21,0.21082643553104138,-0.24297361168465917,0.5889154406910434,0.3589648897114041,0.33719219574632736,0.13497455742927708,P27,0.3673421485379896,0.13768803662613632,0.3673421485379896,0,,False,0.8180642122839901,1.0,1.0,0.8888306873890199,1.0,1.0
Workbook QC flags honored; raw RCADS scores,Happy Caucasian,Frontal,Obsessive Compulsive,Obsessive Compulsive Raw,21,0.28326207783733076,-0.16910265826533077,0.6370500610723621,0.21340291718509868,0.28747395993598734,0.20637999708774218,P30,0.09646312322888968,0.09646312322888968,0.39604318199445004,0,,False,0.675217389990114,1.0,1.0,0.9149253289725289,1.0,1.0
Workbook QC flags honored; raw RCADS scores,Happy Caucasian,PO,Social Phobia,Social Phobia Raw,21,-0.22388010112064025,-0.5977925719700776,0.23003905084549922,0.3292705349849687,-0.05338559768910116,0.8182264956745358,P27,0.046534436607062996,-0.29411206107841387,0.046534436607062996,0,,False,0.7844386274641902,1.0,1.0,0.974289749580053,1.0,1.0
Workbook QC flags honored; raw RCADS scores,Happy Caucasian,PO,Panic Disorder,Panic Disorder Raw,21,0.08643126396946545,-0.35863669309479645,0.4994817625440026,0.709503437825505,0.24829008978806233,0.277813601924194,P27,0.43457489858383935,-0.08058006584965935,0.43457489858383935,0,,False,0.94600458376734,1.0,1.0,0.974289749580053,1.0,1.0
Workbook QC flags honored; raw RCADS scores,Happy Caucasian,PO,Major Depression,Major Depression Raw,21,-0.24039016699624066,-0.6088904059031128,0.21344666848106392,0.29388240150121553,-0.0828993026043909,0.7209075326978643,P27,0.0664891643783779,-0.3361115218715858,0.0664891643783779,0,,False,0.7556976038602685,1.0,1.0,0.974289749580053,1.0,1.0
Workbook QC flags honored; raw RCADS scores,Happy Caucasian,PO,Separation Anxiety,Separation Anxiety Raw,21,-0.4298011875556498,-0.726663239787653,0.002315142248153248,0.05182357090145346,-0.08155573449734525,0.7252608458884169,P27,0.09957835331321974,-0.597689896097113,0.09957835331321974,0,,False,0.36596411198271095,1.0,1.0,0.974289749580053,1.0,1.0
Workbook QC flags honored; raw RCADS scores,Happy Caucasian,PO,Generalized Anxiety,Generalized Anxiety Raw,21,-0.13096880950880352,-0.5325467265358277,0.31873865800321005,0.5714817318867974,0.14657672446672712,0.5260758508430411,P27,0.3246441206362881,-0.3039672789674159,0.3246441206362881,0,,False,0.9181162765346584,1.0,1.0,0.974289749580053,1.0,1.0
Workbook QC flags honored; raw RCADS scores,Happy Caucasian,PO,Obsessive Compulsive,Obsessive Compulsive Raw,21,0.11381782210925774,-0.3342940436079325,0.5199572066732598,0.6232550216138087,0.0715372987859139,0.7579710457321327,P30,-0.053462491935051606,-0.053462491935051606,0.19572007325363747,0,,False,0.9371960310710511,1.0,1.0,0.974289749580053,1.0,1.0
Workbook QC flags honored; raw RCADS scores,Happy Caucasian,CP,Social Phobia,Social Phobia Raw,21,-0.29327302549554696,-0.6434923321911431,0.15847731266084042,0.19696539110183373,0.014974009107918618,0.9486349954628215,P25,-0.023766651580652408,-0.34947927909570137,-0.023766651580652408,1,P25,False,0.6511917011938176,1.0,1.0,0.974289749580053,1.0,1.0
Workbook QC flags honored; raw RCADS scores,Happy Caucasian,CP,Panic Disorder,Panic Disorder Raw,21,0.017289769799401007,-0.41751323034486826,0.4456503200102768,0.9407038424137455,0.09040641791755304,0.6967395920064002,P27,0.12649683781763704,-0.02052802128601505,0.12649683781763704,1,P25,False,0.9800258679808795,1.0,1.0,0.974289749580053,1.0,1.0
Workbook QC flags honored; raw RCADS scores,Happy Caucasian,CP,Major Depression,Major Depression Raw,21,0.24706746649183714,-0.20666088671156624,0.6133381952855673,0.2802637910377166,0.15535459858145698,0.5013088478419506,P25,-0.08525853963705093,-0.08525853963705093,0.4281942425218654,1,P25,False,0.746852213315179,1.0,1.0,0.974289749580053,1.0,1.0
Workbook QC flags honored; raw RCADS scores,Happy Caucasian,CP,Separation Anxiety,Separation Anxiety Raw,21,0.02210351855680518,-0.4135290712786111,0.4495012484994066,0.9242355338725192,0.22610167043572954,0.3243670843094776,P27,0.36928373963450467,-0.29242661733858416,0.36928373963450467,1,P25,False,0.9800258679808795,1.0,1.0,0.974289749580053,1.0,1.0
Workbook QC flags honored; raw RCADS scores,Happy Caucasian,CP,Generalized Anxiety,Generalized Anxiety Raw,21,0.03872475268623059,-0.3996428417117793,0.46267697789847856,0.8676418211936174,0.18338522926554648,0.4262061156110899,P27,0.2258953106171504,-0.08201152653206827,0.2258953106171504,1,P25,False,0.9800258679808795,1.0,1.0,0.974289749580053,1.0,1.0
Workbook QC flags honored; raw RCADS scores,Happy Caucasian,CP,Obsessive Compulsive,Obsessive Compulsive Raw,21,0.21919782751156908,-0.23469712111824753,0.5946189091341001,0.3397487188045696,0.1887789829072728,0.41248459024565176,P30,0.2929171198444842,0.19657849130781327,0.2929171198444842,1,P25,False,0.7976709050194243,1.0,1.0,0.974289749580053,1.0,1.0
