Variant,Condition,ROI,RCADS Scale,Score Column,N,Pearson r,Pearson CI 95% Low,Pearson CI 95% High,Pearson p,Spearman rho,Spearman p,Most Influential PID,Pearson r Without Most Influential PID,Leave-One-Out r Minimum,Leave-One-Out r Maximum,BCA MAD-Outlier Count,BCA MAD-Outlier PIDs,Descriptive Only (N < 20),Pearson_q_bh,Pearson_q_by,Pearson_p_holm,Spearman_q_bh,Spearman_q_by,Spearman_p_holm
Workbook QC flags honored and P27 omitted; raw RCADS scores,Angry Neutral,LOT,Social Phobia,Social Phobia Raw,13,0.3139290373519378,-0.2866357284661049,0.7373710571449845,0.2962332372182952,0.23724341041601307,0.4351286333150973,P8,0.11954503421628751,0.11954503421628751,0.46937116433390735,3,P11; P4; P8,True,0.9042319675020141,1.0,1.0,0.93848099977864,1.0,1.0
Workbook QC flags honored and P27 omitted; raw RCADS scores,Angry Neutral,LOT,Panic Disorder,Panic Disorder Raw,13,0.5399631037497622,-0.015690224052976418,0.8408004161833419,0.05680664003605641,0.3563200951417595,0.2320834262534437,P8,0.07427359381569361,0.07427359381569361,0.731322996022666,3,P11; P4; P8,True,0.9042319675020141,1.0,1.0,0.9059642181459728,1.0,1.0
Workbook QC flags honored and P27 omitted; raw RCADS scores,Angry Neutral,LOT,Major Depression,Major Depression Raw,13,0.4303944630360253,-0.15807749882249558,0.7932642654823876,0.1420873993341566,0.26482985348764254,0.38189415941154337,P8,0.2473316439514092,0.2473316439514092,0.49421727675832283,3,P11; P4; P8,True,0.9042319675020141,1.0,1.0,0.9233858779801496,1.0,1.0
Workbook QC flags honored and P27 omitted; raw RCADS scores,Angry Neutral,LOT,Separation Anxiety,Separation Anxiety Raw,13,0.44191538133013003,-0.14417490742285255,0.7984797447354978,0.13055529088756498,0.41946716470838535,0.15362505707958368,P8,0.12226727977944099,0.12226727977944099,0.6005280728799929,3,P11; P4; P8,True,0.9042319675020141,1.0,1.0,0.8892075277721484,1.0,1.0
Workbook QC flags honored and P27 omitted; raw RCADS scores,Angry Neutral,LOT,Generalized Anxiety,Generalized Anxiety Raw,13,0.500859550566642,-0.06923123614897178,0.8243516252801009,0.08125650746586242,0.34691049217003916,0.24552459399983512,P8,0.21416188208928383,0.21416188208928383,0.5599512187359739,3,P11; P4; P8,True,0.9042319675020141,1.0,1.0,0.906217489216125,1.0,1.0
Workbook QC flags honored and P27 omitted; raw RCADS scores,Angry Neutral,LOT,Obsessive Compulsive,Obsessive Compulsive Raw,13,0.488246627160356,-0.08582778320215284,0.8189269035165915,0.09049241860814171,0.31757954963803287,0.2903465120960303,P11,0.1703759393960999,0.1703759393960999,0.618907942899402,3,P11; P4; P8,True,0.9042319675020141,1.0,1.0,0.906217489216125,1.0,1.0
Workbook QC flags honored and P27 omitted; raw RCADS scores,Angry Neutral,ROT,Social Phobia,Social Phobia Raw,13,0.5233933462723193,-0.038773551761706875,0.8338975662019226,0.06642074340167699,0.5903498817328697,0.03365994437462631,P4,0.6739342813582208,0.4566451592120465,0.6739342813582208,0,,True,0.9042319675020141,1.0,1.0,0.875761597867186,1.0,1.0
Workbook QC flags honored and P27 omitted; raw RCADS scores,Angry Neutral,ROT,Panic Disorder,Panic Disorder Raw,13,0.6091370749636781,0.08752861452067891,0.8685985043390826,0.027118795935481596,0.7631422510122723,0.002406671463852946,P4,0.6967710835333291,0.5565721342912447,0.6967710835333291,0,,True,0.9042319675020141,1.0,1.0,0.3689202757258996,1.0,0.7797615542883545
Workbook QC flags honored and P27 omitted; raw RCADS scores,Angry Neutral,ROT,Major Depression,Major Depression Raw,13,0.32186205791404204,-0.2785155422000995,0.741371586336852,0.2835272291289106,0.3310373168595532,0.2692327266949956,P8,0.2124871326502363,0.2124871326502363,0.4294700374085645,0,,True,0.9042319675020141,1.0,1.0,0.906217489216125,1.0,1.0
Workbook QC flags honored and P27 omitted; raw RCADS scores,Angry Neutral,ROT,Separation Anxiety,Separation Anxiety Raw,13,0.4201227640345738,-0.17027896213749366,0.7885689645206911,0.15291621393534677,0.3911247887145756,0.18632776032057086,P8,0.28796129818751276,0.28796129818751276,0.550624610398575,0,,True,0.9042319675020141,1.0,1.0,0.8892075277721484,1.0,1.0
Workbook QC flags honored and P27 omitted; raw RCADS scores,Angry Neutral,ROT,Generalized Anxiety,Generalized Anxiety Raw,13,0.4032580434081155,-0.1899269964492552,0.7807656151975785,0.1718325431726225,0.5063774119578798,0.07742958953515268,P4,0.6101648671337767,0.2656494981235367,0.6101648671337767,0,,True,0.9042319675020141,1.0,1.0,0.8892075277721484,1.0,1.0
Workbook QC flags honored and P27 omitted; raw RCADS scores,Angry Neutral,ROT,Obsessive Compulsive,Obsessive Compulsive Raw,13,0.15445420540075927,-0.43341563250331633,0.6501135463603593,0.6143872414327606,0.14764663272645387,0.6302602214328223,P1,0.2660790094223238,0.09503919188546946,0.2660790094223238,0,,True,0.9833320388452739,1.0,1.0,0.9410336946738914,1.0,1.0
Workbook QC flags honored and P27 omitted; raw RCADS scores,Angry Neutral,O,Social Phobia,Social Phobia Raw,13,-0.12947969329353015,-0.6351523336124021,0.45388651151346276,0.6733254315827282,0.013793221535814715,0.9643285043715936,P4,-0.001470985701581504,-0.18124735141561796,-0.001470985701581504,1,P4,True,0.9907727376092484,1.0,1.0,0.9842589436746378,1.0,1.0
Workbook QC flags honored and P27 omitted; raw RCADS scores,Angry Neutral,O,Panic Disorder,Panic Disorder Raw,13,-0.21768286242659385,-0.686347594391645,0.3787269748290354,0.47496635184428904,-0.03647371052632183,0.9058342003997277,P4,0.23275749045662195,-0.2755344229721205,0.23275749045662195,1,P4,True,0.9440151919593346,1.0,1.0,0.9703027991740989,1.0,1.0
Workbook QC flags honored and P27 omitted; raw RCADS scores,Angry Neutral,O,Major Depression,Major Depression Raw,13,-0.08350411405710151,-0.6065809078547936,0.4900271096436299,0.7862261908806195,0.16827730273693953,0.5826334072609224,P4,0.1995542803414928,-0.149196294522322,0.1995542803414928,1,P4,True,0.9907727376092484,1.0,1.0,0.93848099977864,1.0,1.0
Workbook QC flags honored and P27 omitted; raw RCADS scores,Angry Neutral,O,Separation Anxiety,Separation Anxiety Raw,13,-0.22631403993164637,-0.6911196826881321,0.3709238783447371,0.4571806305357371,-0.11053526637585831,0.719230151517998,P4,0.045370453268829894,-0.2627518568601327,0.045370453268829894,1,P4,True,0.943653329209688,1.0,1.0,0.9588833612899182,1.0,1.0
Workbook QC flags honored and P27 omitted; raw RCADS scores,Angry Neutral,O,Generalized Anxiety,Generalized Anxiety Raw,13,-0.008171743648657063,-0.5566507198990435,0.5452686362298277,0.9788626386302958,0.15946691978784058,0.6027968512673798,P4,0.2154418724960429,-0.050995275175853574,0.2154418724960429,1,P4,True,0.9907727376092484,1.0,1.0,0.93848099977864,1.0,1.0
Workbook QC flags honored and P27 omitted; raw RCADS scores,Angry Neutral,O,Obsessive Compulsive,Obsessive Compulsive Raw,13,-0.08394609585518811,-0.6068621628441636,0.4896888147544532,0.7851184554669879,-0.041786782847109585,0.8921844093937465,P4,0.10632620005140561,-0.13245289888898332,0.10632620005140561,1,P4,True,0.9907727376092484,1.0,1.0,0.9635591621452463,1.0,1.0
Workbook QC flags honored and P27 omitted; raw RCADS scores,Angry Neutral,Frontal,Social Phobia,Social Phobia Raw,13,0.14258725679254255,-0.443218862724936,0.6430521428969185,0.6421528361042388,0.15724272550828777,0.6079292395803791,P6,0.025067883633837783,0.025067883633837783,0.24981639662482344,2,P1; P4,True,0.9907727376092484,1.0,1.0,0.93848099977864,1.0,1.0
Workbook QC flags honored and P27 omitted; raw RCADS scores,Angry Neutral,Frontal,Panic Disorder,Panic Disorder Raw,13,0.05175347826693239,-0.5138854767049412,0.5860279553197285,0.866655333198382,0.2889840141700884,0.33826077542034527,P1,0.1881757856482697,-0.07926214288257592,0.1881757856482697,2,P1; P4,True,0.9907727376092484,1.0,1.0,0.9233858779801496,1.0,1.0
Workbook QC flags honored and P27 omitted; raw RCADS scores,Angry Neutral,Frontal,Major Depression,Major Depression Raw,13,-0.07560030482768101,-0.6015291179127789,0.4960476936432952,0.8060962359278596,0.049655597528932977,0.8720198262373685,P6,-0.25086490858209515,-0.25086490858209515,0.0794998573514068,2,P1; P4,True,0.9907727376092484,1.0,1.0,0.9615863732056308,1.0,1.0
Workbook QC flags honored and P27 omitted; raw RCADS scores,Angry Neutral,Frontal,Separation Anxiety,Separation Anxiety Raw,13,-0.07828726797131666,-0.6032512466584571,0.49400709636273343,0.7993286240005094,-0.04251356399071474,0.8903192846227672,P1,0.119059471406306,-0.23240929054174309,0.119059471406306,2,P1; P4,True,0.9907727376092484,1.0,1.0,0.9635591621452463,1.0,1.0
Workbook QC flags honored and P27 omitted; raw RCADS scores,Angry Neutral,Frontal,Generalized Anxiety,Generalized Anxiety Raw,13,0.030119319523175366,-0.5296557803416909,0.5716184407033043,0.9221902741942628,0.06714396622645918,0.8274743740065711,P7,0.21916859869948468,-0.10978933365323795,0.21916859869948468,2,P1; P4,True,0.9907727376092484,1.0,1.0,0.9588833612899182,1.0,1.0
Workbook QC flags honored and P27 omitted; raw RCADS scores,Angry Neutral,Frontal,Obsessive Compulsive,Obsessive Compulsive Raw,13,-0.20517077800061104,-0.6793573882804131,0.38989006919738983,0.5013125283974498,-0.1782902734810009,0.5600521999195633,P1,0.06403660521302704,-0.2957407643125286,0.06403660521302704,2,P1; P4,True,0.9440151919593346,1.0,1.0,0.93848099977864,1.0,1.0
Workbook QC flags honored and P27 omitted; raw RCADS scores,Angry Neutral,PO,Social Phobia,Social Phobia Raw,13,0.16166518792073906,-0.4273899332862102,0.6543630115308179,0.5977407786184263,0.22896747749452426,0.4517781206171493,P7,0.23769755548230903,0.09651829540194343,0.23769755548230903,1,P4,True,0.9833320388452739,1.0,1.0,0.93848099977864,1.0,1.0
Workbook QC flags honored and P27 omitted; raw RCADS scores,Angry Neutral,PO,Panic Disorder,Panic Disorder Raw,13,0.30903780982845525,-0.2915997192625508,0.7348895755472196,0.3042268620765279,0.43487885627537576,0.13752205348957283,P8,0.23307597119176593,0.23307597119176593,0.37930221580536166,1,P4,True,0.9042319675020141,1.0,1.0,0.8892075277721484,1.0,1.0
Workbook QC flags honored and P27 omitted; raw RCADS scores,Angry Neutral,PO,Major Depression,Major Depression Raw,13,0.12855543024959978,-0.4546324681352528,0.6345912668597895,0.6755424557806943,0.2124156116515466,0.48597727479107067,P7,0.26365040485907487,0.05088108300743798,0.26365040485907487,1,P4,True,0.9907727376092484,1.0,1.0,0.93848099977864,1.0,1.0
Workbook QC flags honored and P27 omitted; raw RCADS scores,Angry Neutral,PO,Separation Anxiety,Separation Anxiety Raw,13,0.2601269932655145,-0.3395204706663102,0.7094321207815024,0.3907175168218579,0.1275406919721442,0.677979279488085,P7,0.4038680921847775,0.13438311184222185,0.4038680921847775,1,P4,True,0.9042319675020141,1.0,1.0,0.9588833612899182,1.0,1.0
Workbook QC flags honored and P27 omitted; raw RCADS scores,Angry Neutral,PO,Generalized Anxiety,Generalized Anxiety Raw,13,0.07663070524349308,-0.49526590825577815,0.6021901006318437,0.8034994870581441,0.19024123764163436,0.5335882464483502,P7,0.21760084427877674,-0.04929337249194847,0.21760084427877674,1,P4,True,0.9907727376092484,1.0,1.0,0.93848099977864,1.0,1.0
Workbook QC flags honored and P27 omitted; raw RCADS scores,Angry Neutral,PO,Obsessive Compulsive,Obsessive Compulsive Raw,13,0.02667937314515909,-0.5321281825664398,0.5692960559153009,0.9310567789208964,-0.11700299197190685,0.7034517107925405,P4,-0.1775697482370158,-0.1775697482370158,0.09560270279353317,1,P4,True,0.9907727376092484,1.0,1.0,0.9588833612899182,1.0,1.0
Workbook QC flags honored and P27 omitted; raw RCADS scores,Angry Neutral,CP,Social Phobia,Social Phobia Raw,13,0.22150850310386752,-0.3752787993820563,0.688467742637077,0.4670433084145473,0.06344881906474768,0.836851263546061,P8,0.09582311281911592,0.09582311281911592,0.3130367933120645,2,P11; P4,True,0.9440151919593346,1.0,1.0,0.9588833612899182,1.0,1.0
Workbook QC flags honored and P27 omitted; raw RCADS scores,Angry Neutral,CP,Panic Disorder,Panic Disorder Raw,13,0.371916446718538,-0.2252213198308401,0.7659441033915612,0.21081019685473842,0.266538653846198,0.3787143022821444,P8,0.11252569589356978,0.11252569589356978,0.4833266139119258,2,P11; P4,True,0.9042319675020141,1.0,1.0,0.9233858779801496,1.0,1.0
Workbook QC flags honored and P27 omitted; raw RCADS scores,Angry Neutral,CP,Major Depression,Major Depression Raw,13,0.2576044117377637,-0.3419103632564034,0.7080865657748868,0.3954935529837614,0.31724409532373843,0.29088462616813887,P8,0.1187722931869001,0.1187722931869001,0.39310497876304545,2,P11; P4,True,0.9087936962180049,1.0,1.0,0.906217489216125,1.0,1.0
Workbook QC flags honored and P27 omitted; raw RCADS scores,Angry Neutral,CP,Separation Anxiety,Separation Anxiety Raw,13,0.2857034025730333,-0.31484415488457335,0.7228921903097438,0.34401940999965136,0.2239047703510976,0.4621127433167901,P8,0.08446309913873444,0.08446309913873444,0.4171663238407375,2,P11; P4,True,0.9042319675020141,1.0,1.0,0.93848099977864,1.0,1.0
Workbook QC flags honored and P27 omitted; raw RCADS scores,Angry Neutral,CP,Generalized Anxiety,Generalized Anxiety Raw,13,0.2955257930416813,-0.30514665049736506,0.7279747056236829,0.32693714933351165,0.19583656816050599,0.521387571967767,P8,0.09597543445300404,0.09597543445300404,0.4498317278369745,2,P11; P4,True,0.9042319675020141,1.0,1.0,0.93848099977864,1.0,1.0
Workbook QC flags honored and P27 omitted; raw RCADS scores,Angry Neutral,CP,Obsessive Compulsive,Obsessive Compulsive Raw,13,0.40445294773648965,-0.1885503536755331,0.781322404094935,0.17044532249180358,0.3342942627768767,0.2642624483801814,P11,0.12929844914530864,0.12929844914530864,0.4884056407983684,2,P11; P4,True,0.9042319675020141,1.0,1.0,0.906217489216125,1.0,1.0
Workbook QC flags honored and P27 omitted; raw RCADS scores,Neutral Angry,LOT,Social Phobia,Social Phobia Raw,33,-0.04090676404216222,-0.3788946929813907,0.3067095579906928,0.821181962896136,0.16292397318584845,0.36498195885740736,P25,0.3338157700770831,-0.08756518351535719,0.3338157700770831,1,P25,False,0.9907727376092484,1.0,1.0,0.9233858779801496,1.0,1.0
Workbook QC flags honored and P27 omitted; raw RCADS scores,Neutral Angry,LOT,Panic Disorder,Panic Disorder Raw,33,0.11548178426632452,-0.23723251809545598,0.44129521966414187,0.5221988272154575,0.132034691052959,0.4638928816608847,P35,0.20694759550645128,0.028821958926409118,0.20694759550645128,1,P25,False,0.9440151919593346,1.0,1.0,0.93848099977864,1.0,1.0
Workbook QC flags honored and P27 omitted; raw RCADS scores,Neutral Angry,LOT,Major Depression,Major Depression Raw,33,0.22332053756256356,-0.12995158096246442,0.5262806744628548,0.2115690759458202,0.10843581889313533,0.5480576389389293,P25,0.029665669078201756,0.029665669078201756,0.2653034467824594,1,P25,False,0.9042319675020141,1.0,1.0,0.93848099977864,1.0,1.0
Workbook QC flags honored and P27 omitted; raw RCADS scores,Neutral Angry,LOT,Separation Anxiety,Separation Anxiety Raw,33,0.2766377719671237,-0.0736676021768048,0.5661757885454166,0.11911976521692587,0.24744485726287188,0.16502929291643256,P10,0.33217318853421574,0.2369646006046798,0.33217318853421574,1,P25,False,0.9042319675020141,1.0,1.0,0.8892075277721484,1.0,1.0
Workbook QC flags honored and P27 omitted; raw RCADS scores,Neutral Angry,LOT,Generalized Anxiety,Generalized Anxiety Raw,33,0.2194005090545222,-0.13400179391838565,0.5232938766087777,0.2199063867387592,0.13314230473637229,0.46011873906573386,P16,0.167188863474307,0.167188863474307,0.2694345096013556,1,P25,False,0.9042319675020141,1.0,1.0,0.93848099977864,1.0,1.0
Workbook QC flags honored and P27 omitted; raw RCADS scores,Neutral Angry,LOT,Obsessive Compulsive,Obsessive Compulsive Raw,33,0.16804994683231506,-0.18598934458623637,0.48346629473261105,0.3498801131610583,0.1580846493137546,0.37958845441682465,P30,0.24955897243240371,0.13295802420241948,0.24955897243240371,1,P25,False,0.9042319675020141,1.0,1.0,0.9233858779801496,1.0,1.0
Workbook QC flags honored and P27 omitted; raw RCADS scores,Neutral Angry,ROT,Social Phobia,Social Phobia Raw,33,0.10890144680059914,-0.24351168440248608,0.4359130304808217,0.5463304022780473,0.13560236039850967,0.4517949630382869,P24,0.20121430068399457,0.04147848099072886,0.20121430068399457,0,,False,0.952798316804239,1.0,1.0,0.93848099977864,1.0,1.0
Workbook QC flags honored and P27 omitted; raw RCADS scores,Neutral Angry,ROT,Panic Disorder,Panic Disorder Raw,33,0.06259632744429955,-0.28687763646581993,0.3973659765733811,0.7292953402144845,0.21611816438335998,0.22705764200588374,P8,0.2549176591370884,0.013208553847060697,0.2549176591370884,0,,False,0.9907727376092484,1.0,1.0,0.8971545854866625,1.0,1.0
Workbook QC flags honored and P27 omitted; raw RCADS scores,Neutral Angry,ROT,Major Depression,Major Depression Raw,33,0.0911519687684011,-0.26030275843554873,0.4212777973056103,0.6139168543689301,0.07436078602114389,0.680874973306206,P26,-0.00627454450236873,-0.00627454450236873,0.1652865041092083,0,,False,0.9833320388452739,1.0,1.0,0.9588833612899182,1.0,1.0
Workbook QC flags honored and P27 omitted; raw RCADS scores,Neutral Angry,ROT,Separation Anxiety,Separation Anxiety Raw,33,0.08497268893139437,-0.2660989162557363,0.4161420370112519,0.6382397661644974,0.04438701563272134,0.8062450759728513,P14,-0.03326291076634849,-0.03326291076634849,0.20238615632847795,0,,False,0.9907727376092484,1.0,1.0,0.9588833612899182,1.0,1.0
Workbook QC flags honored and P27 omitted; raw RCADS scores,Neutral Angry,ROT,Generalized Anxiety,Generalized Anxiety Raw,33,0.09722995710865359,-0.2545767928738684,0.4263088010651817,0.5903801378759019,0.10044960141052005,0.5780746001109595,P24,0.18687297516114904,0.020920513950262662,0.18687297516114904,0,,False,0.9833320388452739,1.0,1.0,0.93848099977864,1.0,1.0
Workbook QC flags honored and P27 omitted; raw RCADS scores,Neutral Angry,ROT,Obsessive Compulsive,Obsessive Compulsive Raw,33,-0.005420662628682023,-0.34808189260379946,0.33851830439486497,0.9761158470933707,-0.027168145961547516,0.8807024144196196,P24,0.07423906125723682,-0.07150474211849762,0.07423906125723682,0,,False,0.9907727376092484,1.0,1.0,0.9635591621452463,1.0,1.0
Workbook QC flags honored and P27 omitted; raw RCADS scores,Neutral Angry,O,Social Phobia,Social Phobia Raw,33,0.028631858714900052,-0.31780098706627447,0.3683204228410593,0.8743246257007389,0.003687579640008916,0.9837507992053351,P4,-0.03174509683740864,-0.03174509683740864,0.08183122031025697,2,P29; P4,False,0.9907727376092484,1.0,1.0,0.9898610526165484,1.0,1.0
Workbook QC flags honored and P27 omitted; raw RCADS scores,Neutral Angry,O,Panic Disorder,Panic Disorder Raw,33,0.05713723989357822,-0.29189754025307035,0.39274231058348585,0.7521310687139641,-0.07530367290232699,0.6770448268331998,P4,-0.1641798667460833,-0.1641798667460833,0.109547464838747,2,P29; P4,False,0.9907727376092484,1.0,1.0,0.9588833612899182,1.0,1.0
Workbook QC flags honored and P27 omitted; raw RCADS scores,Neutral Angry,O,Major Depression,Major Depression Raw,33,-0.04571983135865526,-0.38301698275226376,0.30233461896432007,0.8005422107531172,-0.1426787090699149,0.42830920721301524,P4,-0.15361714404774895,-0.15361714404774895,-0.009954868394920692,2,P29; P4,False,0.9907727376092484,1.0,1.0,0.93848099977864,1.0,1.0
Workbook QC flags honored and P27 omitted; raw RCADS scores,Neutral Angry,O,Separation Anxiety,Separation Anxiety Raw,33,0.11032518273810007,-0.2421556102776437,0.437079518779053,0.5410650497695388,-0.012074628773652167,0.9468275146444503,P4,0.03563092836470307,0.03563092836470307,0.14081653607330802,2,P29; P4,False,0.952798316804239,1.0,1.0,0.9842589436746378,1.0,1.0
Workbook QC flags honored and P27 omitted; raw RCADS scores,Neutral Angry,O,Generalized Anxiety,Generalized Anxiety Raw,33,-0.05240535505763081,-0.38872078724706755,0.2962332425491841,0.772093936809929,-0.1034986618243301,0.5665279709669813,P16,-0.18608679681327134,-0.18608679681327134,0.04847719337201838,2,P29; P4,False,0.9907727376092484,1.0,1.0,0.93848099977864,1.0,1.0
Workbook QC flags honored and P27 omitted; raw RCADS scores,Neutral Angry,O,Obsessive Compulsive,Obsessive Compulsive Raw,33,-0.127083784735819,-0.4507279684182073,0.22608926244864314,0.48096141340278903,-0.23602326804094403,0.18605360729771175,P4,-0.2831798260327476,-0.2831798260327476,-0.03315130017593469,2,P29; P4,False,0.9440151919593346,1.0,1.0,0.8892075277721484,1.0,1.0
Workbook QC flags honored and P27 omitted; raw RCADS scores,Neutral Angry,Frontal,Social Phobia,Social Phobia Raw,33,0.008203241710830053,-0.3360521613123911,0.3505250738708909,0.9638620585719748,0.09855894674205647,0.5852868264262916,P1,0.1147450687917703,-0.02735335865504948,0.1147450687917703,2,P1; P16,False,0.9907727376092484,1.0,1.0,0.93848099977864,1.0,1.0
Workbook QC flags honored and P27 omitted; raw RCADS scores,Neutral Angry,Frontal,Panic Disorder,Panic Disorder Raw,33,0.07223662983561463,-0.27796577546812534,0.40548969156873843,0.6895322040312738,0.23958724629686548,0.1793009688625832,P1,-0.001001869096139571,-0.001001869096139571,0.13666820188062392,2,P1; P16,False,0.9907727376092484,1.0,1.0,0.8892075277721484,1.0,1.0
Workbook QC flags honored and P27 omitted; raw RCADS scores,Neutral Angry,Frontal,Major Depression,Major Depression Raw,33,0.11651983834767461,-0.23623927534763756,0.4421421295580943,0.5184402262465576,0.19622518929733004,0.2737590278494213,P1,0.08824897321155917,0.08824897321155917,0.140388380177773,2,P1; P16,False,0.9440151919593346,1.0,1.0,0.906217489216125,1.0,1.0
Workbook QC flags honored and P27 omitted; raw RCADS scores,Neutral Angry,Frontal,Separation Anxiety,Separation Anxiety Raw,33,0.17390644009452344,-0.18015868757077572,0.48807554781777623,0.3330952668477333,0.1467662624177721,0.4150571232735657,P14,0.12369765129770575,0.12369765129770575,0.22023195225621559,2,P1; P16,False,0.9042319675020141,1.0,1.0,0.93848099977864,1.0,1.0
Workbook QC flags honored and P27 omitted; raw RCADS scores,Neutral Angry,Frontal,Generalized Anxiety,Generalized Anxiety Raw,33,0.14355093957250026,-0.21011291131220686,0.4639932678746125,0.4254619199502964,0.22579986286715553,0.20640950688381296,P1,0.36503671922051356,0.019106994678542315,0.36503671922051356,2,P1; P16,False,0.9189977470926403,1.0,1.0,0.8892075277721484,1.0,1.0
Workbook QC flags honored and P27 omitted; raw RCADS scores,Neutral Angry,Frontal,Obsessive Compulsive,Obsessive Compulsive Raw,33,0.17182794272591653,-0.18223086774420671,0.4864417054679324,0.3389947975691945,0.11970964314306873,0.5069743428905973,P1,0.023883325393209476,0.023883325393209476,0.24424746812010506,2,P1; P16,False,0.9042319675020141,1.0,1.0,0.93848099977864,1.0,1.0
Workbook QC flags honored and P27 omitted; raw RCADS scores,Neutral Angry,PO,Social Phobia,Social Phobia Raw,33,0.2944538800644216,-0.05434920591335019,0.5792111905451874,0.09623306080625454,0.22259571645144727,0.21309404924221398,P13,0.22361447609905305,0.22361447609905305,0.3435055375401699,2,P16; P4,False,0.9042319675020141,1.0,1.0,0.8892075277721484,1.0,1.0
Workbook QC flags honored and P27 omitted; raw RCADS scores,Neutral Angry,PO,Panic Disorder,Panic Disorder Raw,33,0.17436178900125193,-0.17970430256551273,0.48843318969813654,0.3318112867063767,0.1865707590965725,0.29852335509187045,P13,0.07151635127641441,0.07151635127641441,0.2721279190118733,2,P16; P4,False,0.9042319675020141,1.0,1.0,0.912467613677038,1.0,1.0
Workbook QC flags honored and P27 omitted; raw RCADS scores,Neutral Angry,PO,Major Depression,Major Depression Raw,33,0.1664083083028518,-0.18761927879179538,0.48217112498345616,0.3546750200505476,0.2212359277107622,0.21597526073992834,P13,0.09479357059533298,0.09479357059533298,0.2243980369907047,2,P16; P4,False,0.9042319675020141,1.0,1.0,0.8892075277721484,1.0,1.0
Workbook QC flags honored and P27 omitted; raw RCADS scores,Neutral Angry,PO,Separation Anxiety,Separation Anxiety Raw,33,0.2284506116049986,-0.12463326686284483,0.5301781842939893,0.20098998804131002,0.16853460724914504,0.348472027275908,P13,0.16016024689792058,0.16016024689792058,0.2665753756628929,2,P16; P4,False,0.9042319675020141,1.0,1.0,0.9233858779801496,1.0,1.0
Workbook QC flags honored and P27 omitted; raw RCADS scores,Neutral Angry,PO,Generalized Anxiety,Generalized Anxiety Raw,33,0.34501062718623093,0.0019302600925425193,0.6154254067533684,0.04925663245917502,0.20191555629231012,0.25980731947091146,P16,0.14108046318312792,0.14108046318312792,0.43578270028472516,2,P16; P4,False,0.9042319675020141,1.0,1.0,0.906217489216125,1.0,1.0
Workbook QC flags honored and P27 omitted; raw RCADS scores,Neutral Angry,PO,Obsessive Compulsive,Obsessive Compulsive Raw,33,0.04519991414830405,-0.30280791619379116,0.3825723310072952,0.8027656527043194,0.06554315213223337,0.7170614012512126,P30,0.1489741862613431,-0.0382974459639315,0.1489741862613431,2,P16; P4,False,0.9907727376092484,1.0,1.0,0.9588833612899182,1.0,1.0
Workbook QC flags honored and P27 omitted; raw RCADS scores,Neutral Angry,CP,Social Phobia,Social Phobia Raw,33,-0.19096017549688868,-0.5013983275139728,0.16303727594726006,0.2870934205199044,-0.140966112602159,0.4339303108724394,P25,0.006666994379794108,-0.2600086084888284,0.006666994379794108,1,P25,False,0.9042319675020141,1.0,1.0,0.93848099977864,1.0,1.0
Workbook QC flags honored and P27 omitted; raw RCADS scores,Neutral Angry,CP,Panic Disorder,Panic Disorder Raw,33,0.04625089774749721,-0.30185099503402063,0.38347100835765874,0.7982726742580668,0.030391616866409996,0.8666671859802123,P35,0.09678644923972635,0.006884508273009078,0.09678644923972635,1,P25,False,0.9907727376092484,1.0,1.0,0.9615863732056308,1.0,1.0
Workbook QC flags honored and P27 omitted; raw RCADS scores,Neutral Angry,CP,Major Depression,Major Depression Raw,33,0.23559150489478659,-0.1171964187739892,0.5355822442522874,0.18688363443978206,0.09786080869148281,0.5879599998983298,P25,0.06574670803537389,0.06574670803537389,0.27968906923641396,1,P25,False,0.9042319675020141,1.0,1.0,0.93848099977864,1.0,1.0
Workbook QC flags honored and P27 omitted; raw RCADS scores,Neutral Angry,CP,Separation Anxiety,Separation Anxiety Raw,33,0.19141557040940316,-0.16257713227575168,0.501752086090619,0.28592388848096834,0.042856428886765434,0.8128062523926025,P25,0.10716450347807811,0.10716450347807811,0.24289522262317312,1,P25,False,0.9042319675020141,1.0,1.0,0.9588833612899182,1.0,1.0
Workbook QC flags honored and P27 omitted; raw RCADS scores,Neutral Angry,CP,Generalized Anxiety,Generalized Anxiety Raw,33,0.2340276903303316,-0.11882843642744088,0.5344008836068261,0.1899116846910794,0.09248816588557157,0.6087088413559245,P29,0.18285031459577933,0.18285031459577933,0.2733839147817514,1,P25,False,0.9042319675020141,1.0,1.0,0.93848099977864,1.0,1.0
Workbook QC flags honored and P27 omitted; raw RCADS scores,Neutral Angry,CP,Obsessive Compulsive,Obsessive Compulsive Raw,33,0.17420695158557814,-0.1798588291694101,0.4883115885413316,0.33224755127780864,0.09322070083055992,0.6058616468802261,P30,0.25809603394432623,0.11814181725300743,0.25809603394432623,1,P25,False,0.9042319675020141,1.0,1.0,0.93848099977864,1.0,1.0
Workbook QC flags honored and P27 omitted; raw RCADS scores,Neutral Fear,LOT,Social Phobia,Social Phobia Raw,12,-0.13588560060925864,-0.6584388837148191,0.475063854938359,0.6736914374580669,-0.23198916471871645,0.46812290808050794,P4,-0.3879235414402624,-0.3879235414402624,0.02579081648059671,1,P4,True,0.9907727376092484,1.0,1.0,0.93848099977864,1.0,1.0
Workbook QC flags honored and P27 omitted; raw RCADS scores,Neutral Fear,LOT,Panic Disorder,Panic Disorder Raw,12,-0.06404794738644405,-0.6153316820365757,0.5293096200806697,0.8432409225888438,-0.07858947414494157,0.8081800831673069,P4,-0.4051172915995069,-0.4051172915995069,0.03570710458834639,1,P4,True,0.9907727376092484,1.0,1.0,0.9588833612899182,1.0,1.0
Workbook QC flags honored and P27 omitted; raw RCADS scores,Neutral Fear,LOT,Major Depression,Major Depression Raw,12,0.07822713264177496,-0.5189736387277407,0.6241095523167045,0.8090500561238277,0.15789570881006337,0.624058791982212,P6,0.2938561377693162,-0.07363781798850502,0.2938561377693162,1,P4,True,0.9907727376092484,1.0,1.0,0.93848099977864,1.0,1.0
Workbook QC flags honored and P27 omitted; raw RCADS scores,Neutral Fear,LOT,Separation Anxiety,Separation Anxiety Raw,12,0.025107800810492825,-0.5568172224536421,0.5905006532885336,0.9382631776083619,0.05448604760692157,0.8664425825131126,P4,-0.24072110948622757,-0.24072110948622757,0.1260835719665442,1,P4,True,0.9907727376092484,1.0,1.0,0.9615863732056308,1.0,1.0
Workbook QC flags honored and P27 omitted; raw RCADS scores,Neutral Fear,LOT,Generalized Anxiety,Generalized Anxiety Raw,12,-0.0627457787672874,-0.6145186386586727,0.5302500931383124,0.8463942676740661,-0.05715598119632114,0.8599535708470559,P6,0.12693067347515774,-0.1767973080850629,0.12693067347515774,1,P4,True,0.9907727376092484,1.0,1.0,0.9615863732056308,1.0,1.0
Workbook QC flags honored and P27 omitted; raw RCADS scores,Neutral Fear,LOT,Obsessive Compulsive,Obsessive Compulsive Raw,12,0.34750702245300796,-0.28279346450020126,0.7682023292273966,0.2683803222574707,0.20961825945737042,0.5131944347221986,P11,-0.05742067379634501,-0.05742067379634501,0.4790562847012392,1,P4,True,0.9042319675020141,1.0,1.0,0.93848099977864,1.0,1.0
Workbook QC flags honored and P27 omitted; raw RCADS scores,Neutral Fear,ROT,Social Phobia,Social Phobia Raw,12,0.19481461892547539,-0.4268057719252351,0.6914131827295636,0.5440203144978446,0.09490465829402037,0.7692277286152034,P12,-0.04778082576125485,-0.04778082576125485,0.2957752225235839,2,P10; P12,True,0.952798316804239,1.0,1.0,0.9588833612899182,1.0,1.0
Workbook QC flags honored and P27 omitted; raw RCADS scores,Neutral Fear,ROT,Panic Disorder,Panic Disorder Raw,12,0.020625830991068423,-0.5599034741693314,0.5875722392097262,0.9492699001464008,0.15717894828988313,0.6256539998524266,P12,-0.15917907112394514,-0.15917907112394514,0.1413696697605111,2,P10; P12,True,0.9907727376092484,1.0,1.0,0.93848099977864,1.0,1.0
Workbook QC flags honored and P27 omitted; raw RCADS scores,Neutral Fear,ROT,Major Depression,Major Depression Raw,12,0.6585153392159105,0.1360180888432289,0.8944018933753942,0.01988695282291561,0.547371790541553,0.06546973184199861,P12,0.5392133819087597,0.5392133819087597,0.7473685124623162,2,P10; P12,True,0.9042319675020141,1.0,1.0,0.875761597867186,1.0,1.0
Workbook QC flags honored and P27 omitted; raw RCADS scores,Neutral Fear,ROT,Separation Anxiety,Separation Anxiety Raw,12,0.39835146797819254,-0.2275777296549076,0.7913410139202933,0.19964349499912654,0.3450783015105033,0.2719659845131727,P10,0.19440578003810446,0.19440578003810446,0.471478528910516,2,P10; P12,True,0.9042319675020141,1.0,1.0,0.906217489216125,1.0,1.0
Workbook QC flags honored and P27 omitted; raw RCADS scores,Neutral Fear,ROT,Generalized Anxiety,Generalized Anxiety Raw,12,0.46072482186475733,-0.15385867938064496,0.8182676896782828,0.1317175912442586,0.39294737072470787,0.20637458567536884,P12,0.321699260626504,0.321699260626504,0.5120589321290974,2,P10; P12,True,0.9042319675020141,1.0,1.0,0.8892075277721484,1.0,1.0
Workbook QC flags honored and P27 omitted; raw RCADS scores,Neutral Fear,ROT,Obsessive Compulsive,Obsessive Compulsive Raw,12,0.534239315507375,-0.057199809152693695,0.8481097872796218,0.07356958681829782,0.29133385212719276,0.3582299081315814,P12,0.4198231761530485,0.4198231761530485,0.6073061604347119,2,P10; P12,True,0.9042319675020141,1.0,1.0,0.9233858779801496,1.0,1.0
Workbook QC flags honored and P27 omitted; raw RCADS scores,Neutral Fear,O,Social Phobia,Social Phobia Raw,12,0.19633395095172024,-0.4255129178503277,0.6922368330965485,0.5408213968878653,0.24604911409560837,0.4407782800181316,P3,0.3731636503436565,0.055866608466217604,0.3731636503436565,3,P12; P3; P4,True,0.952798316804239,1.0,1.0,0.93848099977864,1.0,1.0
Workbook QC flags honored and P27 omitted; raw RCADS scores,Neutral Fear,O,Panic Disorder,Panic Disorder Raw,12,0.29404430783721114,-0.3366714611875145,0.7426259384005783,0.35356803808681,0.41438086367332827,0.1804791370028295,P4,0.1559241982395074,0.1559241982395074,0.37223787669615804,3,P12; P3; P4,True,0.9042319675020141,1.0,1.0,0.8892075277721484,1.0,1.0
Workbook QC flags honored and P27 omitted; raw RCADS scores,Neutral Fear,O,Major Depression,Major Depression Raw,12,0.3098164969189166,-0.32119492269046296,0.750309875372188,0.32708774711064464,0.42105522349350233,0.17285123521648893,P12,0.13854314332287018,0.13854314332287018,0.4289284468562117,3,P12; P3; P4,True,0.9042319675020141,1.0,1.0,0.8892075277721484,1.0,1.0
Workbook QC flags honored and P27 omitted; raw RCADS scores,Neutral Fear,O,Separation Anxiety,Separation Anxiety Raw,12,0.33293975442749285,-0.29787899042263655,0.7613640011658039,0.29029664440792924,0.3850347364222458,0.21647665848629,P4,0.23798969256062275,0.23798969256062275,0.418837406939527,3,P12; P3; P4,True,0.9042319675020141,1.0,1.0,0.8892075277721484,1.0,1.0
Workbook QC flags honored and P27 omitted; raw RCADS scores,Neutral Fear,O,Generalized Anxiety,Generalized Anxiety Raw,12,0.2196166474602788,-0.40537816411759153,0.7046991473298867,0.49281918934088903,0.2929244036311459,0.35549030294524187,P12,0.0752173017926227,0.0752173017926227,0.3287544077454001,3,P12; P3; P4,True,0.9440151919593346,1.0,1.0,0.9233858779801496,1.0,1.0
Workbook QC flags honored and P27 omitted; raw RCADS scores,Neutral Fear,O,Obsessive Compulsive,Obsessive Compulsive Raw,12,0.19341374321191504,-0.42799558005559435,0.6906526035425372,0.5469768114987298,0.09947985194587068,0.758387979798574,P12,0.038522591379883925,0.038522591379883925,0.31119926989829905,3,P12; P3; P4,True,0.952798316804239,1.0,1.0,0.9588833612899182,1.0,1.0
Workbook QC flags honored and P27 omitted; raw RCADS scores,Neutral Fear,Frontal,Social Phobia,Social Phobia Raw,12,-0.017108426642852448,-0.5852636015450149,0.5623143035625862,0.9579136581904,-0.04569483547489869,0.8878603475218254,P3,-0.10339687327323054,-0.10339687327323054,0.04907753407414352,1,P1,True,0.9907727376092484,1.0,1.0,0.9635591621452463,1.0,1.0
Workbook QC flags honored and P27 omitted; raw RCADS scores,Neutral Fear,Frontal,Panic Disorder,Panic Disorder Raw,12,0.03607596193017669,-0.5491962431444896,0.5976047388233564,0.9113731932238043,0.032150239422930646,0.9209892103161883,P1,-0.21655981655747267,-0.21655981655747267,0.08640842410008147,1,P1,True,0.9907727376092484,1.0,1.0,0.9751650462171406,1.0,1.0
Workbook QC flags honored and P27 omitted; raw RCADS scores,Neutral Fear,Frontal,Major Depression,Major Depression Raw,12,0.22909839841311486,-0.39700086963546544,0.7096900140350455,0.4738408094052822,0.3087738305619017,0.328803940100449,P10,0.11900006948690248,0.11900006948690248,0.33166839639736406,1,P1,True,0.9440151919593346,1.0,1.0,0.9233858779801496,1.0,1.0
Workbook QC flags honored and P27 omitted; raw RCADS scores,Neutral Fear,Frontal,Separation Anxiety,Separation Anxiety Raw,12,0.28072832962933836,-0.3494778123011045,0.7360453540806684,0.37678006020232946,0.25790062533942876,0.4183441807507613,P1,0.1540333299381214,0.1540333299381214,0.33894781575324423,1,P1,True,0.9042319675020141,1.0,1.0,0.93848099977864,1.0,1.0
Workbook QC flags honored and P27 omitted; raw RCADS scores,Neutral Fear,Frontal,Generalized Anxiety,Generalized Anxiety Raw,12,0.054190788109982145,-0.5363927401664924,0.6091477983824559,0.8671606537940044,0.08573397179448171,0.791068173425039,P6,0.135207233552165,0.005966133327231178,0.135207233552165,1,P1,True,0.9907727376092484,1.0,1.0,0.9588833612899182,1.0,1.0
Workbook QC flags honored and P27 omitted; raw RCADS scores,Neutral Fear,Frontal,Obsessive Compulsive,Obsessive Compulsive Raw,12,0.4317850530070306,-0.18893508155860236,0.8059664570858593,0.16101903187631747,0.4263422226251601,0.16695490122882664,P1,0.25857476401697255,0.25857476401697255,0.5022938566489769,1,P1,True,0.9042319675020141,1.0,1.0,0.8892075277721484,1.0,1.0
Workbook QC flags honored and P27 omitted; raw RCADS scores,Neutral Fear,PO,Social Phobia,Social Phobia Raw,12,0.08450632910802758,-0.514339908836732,0.6279532682472476,0.7940027126380966,-0.08084470891712846,0.8027698378138916,P4,-0.12765293613176948,-0.12765293613176948,0.2322477873222126,1,P4,True,0.9907727376092484,1.0,1.0,0.9588833612899182,1.0,1.0
Workbook QC flags honored and P27 omitted; raw RCADS scores,Neutral Fear,PO,Panic Disorder,Panic Disorder Raw,12,0.11340335067460441,-0.49255490510682765,0.6453068696051373,0.7256517786710646,0.0250057417733905,0.9385137083556261,P4,-0.27764265843482117,-0.27764265843482117,0.2600823448254779,1,P4,True,0.9907727376092484,1.0,1.0,0.9842589436746378,1.0,1.0
Workbook QC flags honored and P27 omitted; raw RCADS scores,Neutral Fear,PO,Major Depression,Major Depression Raw,12,0.035642565917133606,-0.5494992372465185,0.5973256910615821,0.912434278326639,-0.14386053469361332,0.6555573554233827,P4,-0.11966855214129785,-0.11966855214129785,0.18532835280574148,1,P4,True,0.9907727376092484,1.0,1.0,0.9588833612899182,1.0,1.0
Workbook QC flags honored and P27 omitted; raw RCADS scores,Neutral Fear,PO,Separation Anxiety,Separation Anxiety Raw,12,0.0766699676093644,-0.5201173421367864,0.6231522509677757,0.8127910193033294,-0.10533969204004837,0.7445629420666982,P4,-0.3193126632880132,-0.3193126632880132,0.15293689861708137,1,P4,True,0.9907727376092484,1.0,1.0,0.9588833612899182,1.0,1.0
Workbook QC flags honored and P27 omitted; raw RCADS scores,Neutral Fear,PO,Generalized Anxiety,Generalized Anxiety Raw,12,-0.005811975497100393,-0.577786384787875,0.5699908472024185,0.9856977357155755,-0.0893062206192518,0.7825433987511011,P6,0.13926663114381005,-0.1145874142125066,0.13926663114381005,1,P4,True,0.9907727376092484,1.0,1.0,0.9588833612899182,1.0,1.0
Workbook QC flags honored and P27 omitted; raw RCADS scores,Neutral Fear,PO,Obsessive Compulsive,Obsessive Compulsive Raw,12,0.17251365941884217,-0.4454945302969561,0.6791731492049118,0.5918562964953115,0.09947985194587068,0.758387979798574,P11,-0.014443555687212915,-0.014443555687212915,0.26906163952995626,1,P4,True,0.9833320388452739,1.0,1.0,0.9588833612899182,1.0,1.0
Workbook QC flags honored and P27 omitted; raw RCADS scores,Neutral Fear,CP,Social Phobia,Social Phobia Raw,12,-0.09648817584696003,-0.6352149431518027,0.5053998144487526,0.7654715944868963,0.04920982281912167,0.8792878666162606,P12,-0.3827926610988009,-0.3827926610988009,0.15459653647819424,2,P12; P13,True,0.9907727376092484,1.0,1.0,0.9635591621452463,1.0,1.0
Workbook QC flags honored and P27 omitted; raw RCADS scores,Neutral Fear,CP,Panic Disorder,Panic Disorder Raw,12,-0.16152600876691126,-0.6730370645722155,0.45450856976006065,0.616002126271141,0.014288995299080285,0.9648452467916077,P13,0.08270619212952257,-0.35730745848916595,0.08270619212952257,2,P12; P13,True,0.9833320388452739,1.0,1.0,0.9842589436746378,1.0,1.0
Workbook QC flags honored and P27 omitted; raw RCADS scores,Neutral Fear,CP,Major Depression,Major Depression Raw,12,0.0241748734785843,-0.5574609562716223,0.589892324974619,0.9405534816965675,0.18947485057207605,0.5553252966401302,P12,-0.3271650010658799,-0.3271650010658799,0.32800874585249085,2,P12; P13,True,0.9907727376092484,1.0,1.0,0.93848099977864,1.0,1.0
Workbook QC flags honored and P27 omitted; raw RCADS scores,Neutral Fear,CP,Separation Anxiety,Separation Anxiety Raw,12,-0.03856967308693512,-0.599207708965625,0.5474498547179331,0.9052704615487119,0.14529612695179087,0.6523107127393395,P13,0.15156190435853212,-0.2262904704038068,0.15156190435853212,2,P12; P13,True,0.9907727376092484,1.0,1.0,0.9588833612899182,1.0,1.0
Workbook QC flags honored and P27 omitted; raw RCADS scores,Neutral Fear,CP,Generalized Anxiety,Generalized Anxiety Raw,12,-0.008663540419848162,-0.5796829622327258,0.5680624945939983,0.9786817020154913,0.07144497649540144,0.8253695092405586,P6,0.2898641034131747,-0.28248480276210336,0.2898641034131747,2,P12; P13,True,0.9907727376092484,1.0,1.0,0.9588833612899182,1.0,1.0
Workbook QC flags honored and P27 omitted; raw RCADS scores,Neutral Fear,CP,Obsessive Compulsive,Obsessive Compulsive Raw,12,0.20772661784582894,-0.4157369281730649,0.6983720598450734,0.5170902530282616,0.34107377810012807,0.2779379007960623,P12,-0.005966507812910613,-0.005966507812910613,0.3885844326407022,2,P12; P13,True,0.9440151919593346,1.0,1.0,0.906217489216125,1.0,1.0
Workbook QC flags honored and P27 omitted; raw RCADS scores,Neutral Happy,LOT,Social Phobia,Social Phobia Raw,33,0.03980296940233653,-0.3077108091174813,0.377947421885314,0.8259325058466142,0.12671864581121545,0.4822329857701667,P7,0.1083654009669661,-0.01293293349286926,0.1083654009669661,2,P4; P7,False,0.9907727376092484,1.0,1.0,0.93848099977864,1.0,1.0
Workbook QC flags honored and P27 omitted; raw RCADS scores,Neutral Happy,LOT,Panic Disorder,Panic Disorder Raw,33,0.19972513411160295,-0.15415379341546057,0.5081889203254027,0.26512133652922515,0.3162416577265885,0.07298013315559883,P7,0.29740316350265794,0.12564996969992315,0.29740316350265794,2,P4; P7,False,0.9042319675020141,1.0,1.0,0.875761597867186,1.0,1.0
Workbook QC flags honored and P27 omitted; raw RCADS scores,Neutral Happy,LOT,Major Depression,Major Depression Raw,33,-0.16209739832848022,-0.4787634511533423,0.19189019119753745,0.3674528666519852,-0.11481439647508448,0.5246223256349678,P7,-0.059383436004034194,-0.23047040612508712,-0.059383436004034194,2,P4; P7,False,0.9042319675020141,1.0,1.0,0.93848099977864,1.0,1.0
Workbook QC flags honored and P27 omitted; raw RCADS scores,Neutral Happy,LOT,Separation Anxiety,Separation Anxiety Raw,33,-0.02311093885102318,-0.3635355745894832,0.322758889788843,0.8984180488870571,-0.12244693967647267,0.49723706539477364,P14,-0.16003150841234498,-0.16003150841234498,0.0828918628481426,2,P4; P7,False,0.9907727376092484,1.0,1.0,0.93848099977864,1.0,1.0
Workbook QC flags honored and P27 omitted; raw RCADS scores,Neutral Happy,LOT,Generalized Anxiety,Generalized Anxiety Raw,33,-0.18121310571139385,-0.49380166925286023,0.1728492015412325,0.3128603790863944,-0.02235977636794038,0.9017035139906945,P16,-0.03784616704047179,-0.22994798807273908,-0.03784616704047179,2,P4; P7,False,0.9042319675020141,1.0,1.0,0.9703027991740989,1.0,1.0
Workbook QC flags honored and P27 omitted; raw RCADS scores,Neutral Happy,LOT,Obsessive Compulsive,Obsessive Compulsive Raw,33,0.07097942401060066,-0.2791314125639322,0.40443324259475244,0.6946744300725527,0.09474890904089696,0.5999401853351286,P30,-0.027386312293148585,-0.027386312293148585,0.13725067565276955,2,P4; P7,False,0.9907727376092484,1.0,1.0,0.93848099977864,1.0,1.0
Workbook QC flags honored and P27 omitted; raw RCADS scores,Neutral Happy,ROT,Social Phobia,Social Phobia Raw,33,-0.06195145213123254,-0.3968206725034079,0.2874716329176078,0.7319814649245729,-0.0077103937927459135,0.9660319261991817,P24,0.03874535341414977,-0.15674309149642107,0.03874535341414977,1,P24,False,0.9907727376092484,1.0,1.0,0.9842589436746378,1.0,1.0
Workbook QC flags honored and P27 omitted; raw RCADS scores,Neutral Happy,ROT,Panic Disorder,Panic Disorder Raw,33,-0.19378365889602173,-0.5035899859141716,0.16018186518817606,0.2798916342576717,-0.054536068043613495,0.76308628750972,P8,-0.05243370088344491,-0.26561921789585796,-0.05243370088344491,1,P24,False,0.9042319675020141,1.0,1.0,0.9588833612899182,1.0,1.0
Workbook QC flags honored and P27 omitted; raw RCADS scores,Neutral Happy,ROT,Major Depression,Major Depression Raw,33,-0.02217522597041217,-0.3627228307681573,0.3235973028396671,0.9025109551517413,-0.07184292644932186,0.6911410778848548,P26,-0.14784240102038124,-0.14784240102038124,0.06243239117387957,1,P24,False,0.9907727376092484,1.0,1.0,0.9588833612899182,1.0,1.0
Workbook QC flags honored and P27 omitted; raw RCADS scores,Neutral Happy,ROT,Separation Anxiety,Separation Anxiety Raw,33,-0.31309266207147146,-0.5926944031401818,0.033855364613194286,0.07604001211564125,-0.33111693270846154,0.059799742750242024,P26,-0.4311928609235416,-0.4311928609235416,-0.23521743601317915,1,P24,False,0.9042319675020141,1.0,1.0,0.875761597867186,1.0,1.0
Workbook QC flags honored and P27 omitted; raw RCADS scores,Neutral Happy,ROT,Generalized Anxiety,Generalized Anxiety Raw,33,-0.11466048630878274,-0.44062474154097353,0.23801783959156975,0.5251819986521113,-0.11654186470562866,0.5183606171831523,P26,-0.22532381425176606,-0.22532381425176606,-0.02654700856130708,1,P24,False,0.9440151919593346,1.0,1.0,0.93848099977864,1.0,1.0
Workbook QC flags honored and P27 omitted; raw RCADS scores,Neutral Happy,ROT,Obsessive Compulsive,Obsessive Compulsive Raw,33,-0.12273433656408081,-0.4472001949283101,0.23027759168470277,0.49622024432712664,-0.16385788033058343,0.3622021032651187,P11,-0.23749595204538518,-0.23749595204538518,-0.024360684546613845,1,P24,False,0.9440151919593346,1.0,1.0,0.9233858779801496,1.0,1.0
Workbook QC flags honored and P27 omitted; raw RCADS scores,Neutral Happy,O,Social Phobia,Social Phobia Raw,33,0.07553629091931274,-0.2749015321002834,0.4082582183419336,0.6761011131831823,0.09202187374385885,0.6105241554303404,P29,0.035447680470130694,0.035447680470130694,0.1108220198449718,3,P24; P29; P4,False,0.9907727376092484,1.0,1.0,0.93848099977864,1.0,1.0
Workbook QC flags honored and P27 omitted; raw RCADS scores,Neutral Happy,O,Panic Disorder,Panic Disorder Raw,33,0.20063848879706295,-0.15322478458161584,0.5088943360868826,0.26289692951888244,0.273186867165841,0.12398593794499788,P4,0.10948327262486511,0.10948327262486511,0.23897180899408554,3,P24; P29; P4,False,0.9042319675020141,1.0,1.0,0.8892075277721484,1.0,1.0
Workbook QC flags honored and P27 omitted; raw RCADS scores,Neutral Happy,O,Major Depression,Major Depression Raw,33,0.008517975223204365,-0.33577292194152175,0.350801125594928,0.962476509589883,-0.05170004987474564,0.7750821423372924,P4,-0.06521680789072799,-0.06521680789072799,0.039528332983859944,3,P24; P29; P4,False,0.9907727376092484,1.0,1.0,0.9588833612899182,1.0,1.0
Workbook QC flags honored and P27 omitted; raw RCADS scores,Neutral Happy,O,Separation Anxiety,Separation Anxiety Raw,33,0.025724829362531353,-0.3204139243946937,0.3658032116232428,0.8869985448518604,-0.14778665358174273,0.41178528020471994,P4,-0.1548972568634287,-0.1548972568634287,0.06390827135844925,3,P24; P29; P4,False,0.9907727376092484,1.0,1.0,0.93848099977864,1.0,1.0
Workbook QC flags honored and P27 omitted; raw RCADS scores,Neutral Happy,O,Generalized Anxiety,Generalized Anxiety Raw,33,0.0379150146638624,-0.3094215890050915,0.37632554572436644,0.8340719120637285,0.03574176373966228,0.8434622159494651,P29,-0.05372513876910068,-0.05372513876910068,0.0901819826625444,3,P24; P29; P4,False,0.9907727376092484,1.0,1.0,0.9588833612899182,1.0,1.0
Workbook QC flags honored and P27 omitted; raw RCADS scores,Neutral Happy,O,Obsessive Compulsive,Obsessive Compulsive Raw,33,0.06653156147581395,-0.28324704864555245,0.40068847976528416,0.7129731883489187,-0.021055313120199322,0.9074128029313333,P29,-0.023744824057353266,-0.023744824057353266,0.10168042212713874,3,P24; P29; P4,False,0.9907727376092484,1.0,1.0,0.9703027991740989,1.0,1.0
Workbook QC flags honored and P27 omitted; raw RCADS scores,Neutral Happy,Frontal,Social Phobia,Social Phobia Raw,33,0.052096778616240444,-0.2965154848962428,0.3884580891782921,0.7734009070693083,0.03151204419643982,0.8617978872881813,P18,-0.05887363916027859,-0.05887363916027859,0.1387726956730606,0,,False,0.9907727376092484,1.0,1.0,0.9615863732056308,1.0,1.0
Workbook QC flags honored and P27 omitted; raw RCADS scores,Neutral Happy,Frontal,Panic Disorder,Panic Disorder Raw,33,-0.024255446464939205,-0.36452896977822674,0.3217326549473556,0.8934153535002067,0.11717656725160298,0.5160692184876395,P8,0.18840455779384013,-0.09526982400874151,0.18840455779384013,0,,False,0.9907727376092484,1.0,1.0,0.93848099977864,1.0,1.0
Workbook QC flags honored and P27 omitted; raw RCADS scores,Neutral Happy,Frontal,Major Depression,Major Depression Raw,33,0.09220981477047276,-0.259307954095885,0.4221548832365883,0.609792210647447,0.060596487028516804,0.737635503798492,P8,0.18596800628458626,0.023357887164929036,0.18596800628458626,0,,False,0.9833320388452739,1.0,1.0,0.9588833612899182,1.0,1.0
Workbook QC flags honored and P27 omitted; raw RCADS scores,Neutral Happy,Frontal,Separation Anxiety,Separation Anxiety Raw,33,-0.2630218183003801,-0.5561148886314141,0.08825654715915714,0.13917575907388036,-0.26019974681250446,0.1436246040097811,P8,-0.16800031372247265,-0.33680498502955697,-0.16800031372247265,0,,False,0.9042319675020141,1.0,1.0,0.8892075277721484,1.0,1.0
Workbook QC flags honored and P27 omitted; raw RCADS scores,Neutral Happy,Frontal,Generalized Anxiety,Generalized Anxiety Raw,33,0.031686390097235985,-0.3150497889408755,0.37096000178177574,0.8610406363262166,0.06640176012297447,0.7135096226388682,P8,0.12898198871728184,-0.026733716987951656,0.12898198871728184,0,,False,0.9907727376092484,1.0,1.0,0.9588833612899182,1.0,1.0
Workbook QC flags honored and P27 omitted; raw RCADS scores,Neutral Happy,Frontal,Obsessive Compulsive,Obsessive Compulsive Raw,33,0.11867854755827018,-0.23417139142968466,0.4439014832628514,0.5106667478164499,0.05314768553727732,0.7689523322346488,P11,0.00683589115295391,0.00683589115295391,0.19031360501563688,0,,False,0.9440151919593346,1.0,1.0,0.9588833612899182,1.0,1.0
Workbook QC flags honored and P27 omitted; raw RCADS scores,Neutral Happy,PO,Social Phobia,Social Phobia Raw,33,-0.05512620262993566,-0.3910347417228772,0.29374195550864085,0.76059680502862,-0.09487136710204755,0.5994667674710621,P4,-0.14928886284276094,-0.14928886284276094,0.02337936903094468,1,P4,False,0.9907727376092484,1.0,1.0,0.93848099977864,1.0,1.0
Workbook QC flags honored and P27 omitted; raw RCADS scores,Neutral Happy,PO,Panic Disorder,Panic Disorder Raw,33,0.1546368610769219,-0.1992499631791545,0.4728434390934072,0.39020013995787894,0.2777456096958025,0.11758816695679929,P4,0.03893624731710353,0.03893624731710353,0.21595454651493823,1,P4,False,0.9042319675020141,1.0,1.0,0.8892075277721484,1.0,1.0
Workbook QC flags honored and P27 omitted; raw RCADS scores,Neutral Happy,PO,Major Depression,Major Depression Raw,33,0.061840422553834616,-0.2875738754558536,0.3967267624644934,0.7324442570637769,0.0424678981113982,0.8144737784773181,P26,-0.004376923936054954,-0.004376923936054954,0.093245331974394,1,P4,False,0.9907727376092484,1.0,1.0,0.9588833612899182,1.0,1.0
Workbook QC flags honored and P27 omitted; raw RCADS scores,Neutral Happy,PO,Separation Anxiety,Separation Anxiety Raw,33,-0.040128430820188785,-0.3782268048827743,0.3074156633464332,0.8245311378414514,-0.19047301727451305,0.2883479193942249,P4,-0.19098437939083684,-0.19098437939083684,0.030603086176207002,1,P4,False,0.9907727376092484,1.0,1.0,0.906217489216125,1.0,1.0
Workbook QC flags honored and P27 omitted; raw RCADS scores,Neutral Happy,PO,Generalized Anxiety,Generalized Anxiety Raw,33,0.09082307878752217,-0.2606118964409366,0.421004980700998,0.6152016065011666,0.1668513615334945,0.35337707914903815,P16,0.17744697827640626,0.03974857805519463,0.17744697827640626,1,P4,False,0.9833320388452739,1.0,1.0,0.9233858779801496,1.0,1.0
Workbook QC flags honored and P27 omitted; raw RCADS scores,Neutral Happy,PO,Obsessive Compulsive,Obsessive Compulsive Raw,33,0.18226067665603762,-0.17179801992256458,0.4946204185435253,0.3100237527495412,0.14687778910461627,0.41469880825206573,P4,0.24806695627712672,0.12756261492491447,0.24806695627712672,1,P4,False,0.9042319675020141,1.0,1.0,0.93848099977864,1.0,1.0
Workbook QC flags honored and P27 omitted; raw RCADS scores,Neutral Happy,CP,Social Phobia,Social Phobia Raw,33,-0.09101736251464679,-0.42116614767177374,0.2604292894222868,0.6144425346282842,0.1664439355694933,0.3545705429812984,P25,0.25918193990859234,-0.12640325295836483,0.25918193990859234,1,P25,False,0.9833320388452739,1.0,1.0,0.9233858779801496,1.0,1.0
Workbook QC flags honored and P27 omitted; raw RCADS scores,Neutral Happy,CP,Panic Disorder,Panic Disorder Raw,33,0.15038893877541218,-0.20342274976048072,0.4694597856048628,0.4035073241875704,0.4685374266904875,0.005957327164614045,P25,0.2969183254132434,0.12081043830951126,0.2969183254132434,1,P25,False,0.9184947170719983,1.0,1.0,0.48254350033373766,1.0,1.0
Workbook QC flags honored and P27 omitted; raw RCADS scores,Neutral Happy,CP,Major Depression,Major Depression Raw,33,0.39126462753102104,0.0553967849856854,0.6475867502337905,0.024348104193518825,0.4948433345154225,0.0034159284789435146,P8,0.43513562278922957,0.37258054897430254,0.43513562278922957,1,P25,False,0.9042319675020141,1.0,1.0,0.3689202757258996,1.0,1.0
Workbook QC flags honored and P27 omitted; raw RCADS scores,Neutral Happy,CP,Separation Anxiety,Separation Anxiety Raw,33,0.1199274661356501,-0.2329735600170004,0.44491821151111316,0.5061960179687937,0.06853627318002568,0.7047055259062764,P25,-0.04643648557088343,-0.04643648557088343,0.1789789902336482,1,P25,False,0.9440151919593346,1.0,1.0,0.9588833612899182,1.0,1.0
Workbook QC flags honored and P27 omitted; raw RCADS scores,Neutral Happy,CP,Generalized Anxiety,Generalized Anxiety Raw,33,0.25130644199092084,-0.10068962984768028,0.5473890329705653,0.15832166825012725,0.5086849123706437,0.0025040804900118034,P25,0.355061601533343,0.2295751393801302,0.355061601533343,1,P25,False,0.9042319675020141,1.0,1.0,0.3689202757258996,1.0,0.8088179982738125
Workbook QC flags honored and P27 omitted; raw RCADS scores,Neutral Happy,CP,Obsessive Compulsive,Obsessive Compulsive Raw,33,0.23937800728758307,-0.11323686623674654,0.5384378465065268,0.17969255812034565,0.3662605677441125,0.036051420690450114,P25,0.2926768851750827,0.2239367065235512,0.2926768851750827,1,P25,False,0.9042319675020141,1.0,1.0,0.875761597867186,1.0,1.0
Workbook QC flags honored and P27 omitted; raw RCADS scores,Neutral Sad,LOT,Social Phobia,Social Phobia Raw,33,-0.2363747890458804,-0.5361735237014106,0.11637825617470095,0.18537975420543518,-0.12370153519666272,0.49280602054768774,P6,-0.14526054815291436,-0.2923017703688987,-0.14526054815291436,1,P6,False,0.9042319675020141,1.0,1.0,0.93848099977864,1.0,1.0
Workbook QC flags honored and P27 omitted; raw RCADS scores,Neutral Sad,LOT,Panic Disorder,Panic Disorder Raw,33,-0.19298409200861028,-0.5029697465527263,0.1609910751201761,0.2819191134224549,-0.2095333140623045,0.2418751937110457,P35,-0.27621071238080597,-0.27621071238080597,-0.12902345234961343,1,P6,False,0.9042319675020141,1.0,1.0,0.906217489216125,1.0,1.0
Workbook QC flags honored and P27 omitted; raw RCADS scores,Neutral Sad,LOT,Major Depression,Major Depression Raw,33,-0.2942850951068212,-0.5790883762275906,0.054533456560476916,0.09643289480358529,-0.20428233992716052,0.25414477628252047,P6,-0.1902178288536979,-0.34787344661116204,-0.1902178288536979,1,P6,False,0.9042319675020141,1.0,1.0,0.906217489216125,1.0,1.0
Workbook QC flags honored and P27 omitted; raw RCADS scores,Neutral Sad,LOT,Separation Anxiety,Separation Anxiety Raw,33,-0.2958499763217927,-0.5802265475400413,0.05282427466343708,0.09459220038256554,-0.1816296271867678,0.31173057718655034,P14,-0.22421940124615655,-0.34119818872968954,-0.22421940124615655,1,P6,False,0.9042319675020141,1.0,1.0,0.9233858779801496,1.0,1.0
Workbook QC flags honored and P27 omitted; raw RCADS scores,Neutral Sad,LOT,Generalized Anxiety,Generalized Anxiety Raw,33,-0.2843143513433222,-0.571810276983585,0.06537582850693753,0.10880705046660888,-0.2999936662698668,0.08984742521449594,P6,-0.2060207782180023,-0.32319128997996693,-0.2060207782180023,1,P6,False,0.9042319675020141,1.0,1.0,0.8892075277721484,1.0,1.0
Workbook QC flags honored and P27 omitted; raw RCADS scores,Neutral Sad,LOT,Obsessive Compulsive,Obsessive Compulsive Raw,33,-0.21765574367180476,-0.5219620772164943,0.13580071410503028,0.223688338306057,-0.32092372417078,0.0686086313202231,P11,-0.3382967419221864,-0.3382967419221864,-0.17068422559307264,1,P6,False,0.9042319675020141,1.0,1.0,0.875761597867186,1.0,1.0
Workbook QC flags honored and P27 omitted; raw RCADS scores,Neutral Sad,ROT,Social Phobia,Social Phobia Raw,33,0.17702237117770164,-0.17704632857848554,0.4905207670065122,0.32436997107616794,0.19644742445865676,0.2732051900704748,P26,0.2774708604452212,0.086020632167246,0.2774708604452212,0,,False,0.9042319675020141,1.0,1.0,0.906217489216125,1.0,1.0
Workbook QC flags honored and P27 omitted; raw RCADS scores,Neutral Sad,ROT,Panic Disorder,Panic Disorder Raw,33,-0.10393306126930914,-0.4318337321565671,0.24823318264543404,0.5648915246860237,-0.161413254023822,0.3695054753835545,P4,-0.04370960413716233,-0.1576190954181099,-0.04370960413716233,0,,False,0.9735364574376152,1.0,1.0,0.9233858779801496,1.0,1.0
Workbook QC flags honored and P27 omitted; raw RCADS scores,Neutral Sad,ROT,Major Depression,Major Depression Raw,33,0.02862457944798806,-0.317807536498263,0.3683141259013187,0.874356324556347,-0.012421440554322004,0.9453025205321247,P26,0.14769024367140773,-0.07164898729533632,0.14769024367140773,0,,False,0.9907727376092484,1.0,1.0,0.9842589436746378,1.0,1.0
Workbook QC flags honored and P27 omitted; raw RCADS scores,Neutral Sad,ROT,Separation Anxiety,Separation Anxiety Raw,33,-0.061103184108699214,-0.3961030202090221,0.2882525658567926,0.7355195448958473,-0.010033846445710957,0.9558047807162764,P23,-0.16647270616239349,-0.16647270616239349,0.039502067112882996,0,,False,0.9907727376092484,1.0,1.0,0.9842589436746378,1.0,1.0
Workbook QC flags honored and P27 omitted; raw RCADS scores,Neutral Sad,ROT,Generalized Anxiety,Generalized Anxiety Raw,33,-0.1787057249970637,-0.49183972401347564,0.175361953096156,0.3197156422891721,-0.1868396464684715,0.29781499068287853,P16,-0.26309597418191377,-0.26309597418191377,-0.105395900010676,0,,False,0.9042319675020141,1.0,1.0,0.912467613677038,1.0,1.0
Workbook QC flags honored and P27 omitted; raw RCADS scores,Neutral Sad,ROT,Obsessive Compulsive,Obsessive Compulsive Raw,33,-0.16790580237974106,-0.48335262733053624,0.18613253941537122,0.3502995578439923,-0.11648342581013496,0.5185718439278635,P11,-0.23343855718889775,-0.23343855718889775,-0.11060953335682475,0,,False,0.9042319675020141,1.0,1.0,0.93848099977864,1.0,1.0
Workbook QC flags honored and P27 omitted; raw RCADS scores,Neutral Sad,O,Social Phobia,Social Phobia Raw,33,-0.18132607970276582,-0.49388999292662855,0.17273587694903747,0.31255368753283497,-0.14834127188217683,0.4100130389246661,P26,-0.2324744578923386,-0.2324744578923386,-0.13197779563023934,2,P29; P35,False,0.9042319675020141,1.0,1.0,0.93848099977864,1.0,1.0
Workbook QC flags honored and P27 omitted; raw RCADS scores,Neutral Sad,O,Panic Disorder,Panic Disorder Raw,33,0.06668121820534265,-0.2831087794298731,0.40081466114385866,0.7123548645725952,-0.10822792450760448,0.5488296461170246,P35,-0.15790910822991094,-0.15790910822991094,0.11494743343510867,2,P29; P35,False,0.9907727376092484,1.0,1.0,0.93848099977864,1.0,1.0
Workbook QC flags honored and P27 omitted; raw RCADS scores,Neutral Sad,O,Major Depression,Major Depression Raw,33,-0.02871722162065429,-0.368394263813109,0.3177241803615859,0.8739529121469275,-0.06428934773385578,0.7222584246668957,P35,-0.13630804492939835,-0.13630804492939835,0.04097824206789209,2,P29; P35,False,0.9907727376092484,1.0,1.0,0.9588833612899182,1.0,1.0
Workbook QC flags honored and P27 omitted; raw RCADS scores,Neutral Sad,O,Separation Anxiety,Separation Anxiety Raw,33,-0.08877231767457287,-0.41930251096924653,0.26253787178930504,0.6232377522608004,-0.01105423760968156,0.9513154134543118,P14,-0.02799738768825598,-0.13411067084363892,-0.02799738768825598,2,P29; P35,False,0.9898481947671535,1.0,1.0,0.9842589436746378,1.0,1.0
Workbook QC flags honored and P27 omitted; raw RCADS scores,Neutral Sad,O,Generalized Anxiety,Generalized Anxiety Raw,33,-0.11745521233222965,-0.44290476958055924,0.2353436483083696,0.5150648360538945,-0.09316573486641826,0.6060750901520577,P29,0.05455843552364439,-0.2400719890145066,0.05455843552364439,2,P29; P35,False,0.9440151919593346,1.0,1.0,0.93848099977864,1.0,1.0
Workbook QC flags honored and P27 omitted; raw RCADS scores,Neutral Sad,O,Obsessive Compulsive,Obsessive Compulsive Raw,33,-0.26415889846639606,-0.5569583833546933,0.08704395167570636,0.13741201884130663,-0.22481640783180568,0.20844561771383183,P29,-0.13441829022144355,-0.32294555365372724,-0.13441829022144355,2,P29; P35,False,0.9042319675020141,1.0,1.0,0.8892075277721484,1.0,1.0
Workbook QC flags honored and P27 omitted; raw RCADS scores,Neutral Sad,Frontal,Social Phobia,Social Phobia Raw,33,-0.13628876140963583,-0.4581608005542,0.21718199868222376,0.44948700990398427,0.057995570701958404,0.7485263584156804,P18,-0.02077268096951189,-0.18004580011345814,-0.02077268096951189,3,P18; P4; P6,False,0.943653329209688,1.0,1.0,0.9588833612899182,1.0,1.0
Workbook QC flags honored and P27 omitted; raw RCADS scores,Neutral Sad,Frontal,Panic Disorder,Panic Disorder Raw,33,-0.04041015695198498,-0.3784685948588751,0.3071601250595667,0.8233185137563914,-0.033430778553050995,0.8534708824724276,P35,-0.13290972772574083,-0.13290972772574083,0.04207841258174879,3,P18; P4; P6,False,0.9907727376092484,1.0,1.0,0.9615863732056308,1.0,1.0
Workbook QC flags honored and P27 omitted; raw RCADS scores,Neutral Sad,Frontal,Major Depression,Major Depression Raw,33,-0.01596651419736067,-0.3573168974498135,0.3291466834629845,0.9297260517656453,0.09416794798614385,0.6021883449155645,P6,0.09898742226051521,-0.07628568330309873,0.09898742226051521,3,P18; P4; P6,False,0.9907727376092484,1.0,1.0,0.93848099977864,1.0,1.0
Workbook QC flags honored and P27 omitted; raw RCADS scores,Neutral Sad,Frontal,Separation Anxiety,Separation Anxiety Raw,33,-0.19661671351961893,-0.5057850732731264,0.15731080839491726,0.27278378966786376,-0.12465778719840899,0.48944224435087147,P8,-0.24814461558973694,-0.24814461558973694,-0.16651798929974165,3,P18; P4; P6,False,0.9042319675020141,1.0,1.0,0.93848099977864,1.0,1.0
Workbook QC flags honored and P27 omitted; raw RCADS scores,Neutral Sad,Frontal,Generalized Anxiety,Generalized Anxiety Raw,33,0.022951888775953506,-0.3229014393887861,0.36339746302684917,0.8991135723056554,0.1200991018550737,0.5055831505851069,P6,0.118334115791505,-0.04076104603656318,0.118334115791505,3,P18; P4; P6,False,0.9907727376092484,1.0,1.0,0.93848099977864,1.0,1.0
Workbook QC flags honored and P27 omitted; raw RCADS scores,Neutral Sad,Frontal,Obsessive Compulsive,Obsessive Compulsive Raw,33,-0.07480337062727263,-0.4076438018469098,0.27558277700852746,0.6790761475696818,0.008999448349762615,0.9603571338585966,P18,-0.15721521249652806,-0.15721521249652806,-0.019426262757087132,3,P18; P4; P6,False,0.9907727376092484,1.0,1.0,0.9842589436746378,1.0,1.0
Workbook QC flags honored and P27 omitted; raw RCADS scores,Neutral Sad,PO,Social Phobia,Social Phobia Raw,33,-0.11854431522840313,-0.44379215662137994,0.2343000692437785,0.5111484215119126,-0.140966112602159,0.4339303108724394,P4,-0.17548868909427384,-0.17548868909427384,-0.0789549050195441,1,P4,False,0.9440151919593346,1.0,1.0,0.93848099977864,1.0,1.0
Workbook QC flags honored and P27 omitted; raw RCADS scores,Neutral Sad,PO,Panic Disorder,Panic Disorder Raw,33,-0.20279235635575762,-0.5105562056518592,0.15103152197218783,0.25769996892592895,-0.230976288184716,0.19591874869802706,P8,-0.29627456239757527,-0.29627456239757527,-0.11965543023079167,1,P4,False,0.9042319675020141,1.0,1.0,0.8892075277721484,1.0,1.0
Workbook QC flags honored and P27 omitted; raw RCADS scores,Neutral Sad,PO,Major Depression,Major Depression Raw,33,-0.041156207197298664,-0.3791086657952226,0.306483181701994,0.8201092591681287,0.08023579168872863,0.6571408628953989,P6,0.01081778890842798,-0.08122319001490619,0.01081778890842798,1,P4,False,0.9907727376092484,1.0,1.0,0.9588833612899182,1.0,1.0
Workbook QC flags honored and P27 omitted; raw RCADS scores,Neutral Sad,PO,Separation Anxiety,Separation Anxiety Raw,33,-0.11886616070872393,-0.44405427013758964,0.2339915209687136,0.5099939027437973,-0.040645581364829125,0.8223054919664705,P4,-0.04967484722010068,-0.15573197605385433,-0.04967484722010068,1,P4,False,0.9440151919593346,1.0,1.0,0.9588833612899182,1.0,1.0
Workbook QC flags honored and P27 omitted; raw RCADS scores,Neutral Sad,PO,Generalized Anxiety,Generalized Anxiety Raw,33,0.002787914878868251,-0.34084731286460007,0.34576597388026664,0.9877147970610718,-0.01863314697328365,0.9180258407251523,P6,0.0461895647032282,-0.02731881670064411,0.0461895647032282,1,P4,False,0.9907727376092484,1.0,1.0,0.9751650462171406,1.0,1.0
Workbook QC flags honored and P27 omitted; raw RCADS scores,Neutral Sad,PO,Obsessive Compulsive,Obsessive Compulsive Raw,33,-0.014450861099233147,-0.3559937340376019,0.3304977721500837,0.9363827826554927,0.07590100778007336,0.6746224583709948,P30,0.03344575004028426,-0.0380056881501237,0.03344575004028426,1,P4,False,0.9907727376092484,1.0,1.0,0.9588833612899182,1.0,1.0
Workbook QC flags honored and P27 omitted; raw RCADS scores,Neutral Sad,CP,Social Phobia,Social Phobia Raw,33,-0.1621518677649591,-0.4788065675729784,0.19183631064529788,0.36728973512594926,-0.05631939813831799,0.7555705279167091,P18,-0.0959309743293011,-0.2047439234216355,-0.0959309743293011,1,P4,False,0.9042319675020141,1.0,1.0,0.9588833612899182,1.0,1.0
Workbook QC flags honored and P27 omitted; raw RCADS scores,Neutral Sad,CP,Panic Disorder,Panic Disorder Raw,33,-0.005370700729853136,-0.34803798209679615,0.3385625414674442,0.9763359241337733,0.10755255524390649,0.5513411170797127,P4,0.15384411820734356,-0.09605480798622644,0.15384411820734356,1,P4,False,0.9907727376092484,1.0,1.0,0.93848099977864,1.0,1.0
Workbook QC flags honored and P27 omitted; raw RCADS scores,Neutral Sad,CP,Major Depression,Major Depression Raw,33,0.08396810199008761,-0.26703882475573293,0.4153050971593574,0.642230130849729,0.26454311234610106,0.13681977891329936,P6,0.16110209435297732,0.04491584505527301,0.16110209435297732,1,P4,False,0.9907727376092484,1.0,1.0,0.8892075277721484,1.0,1.0
Workbook QC flags honored and P27 omitted; raw RCADS scores,Neutral Sad,CP,Separation Anxiety,Separation Anxiety Raw,33,-0.040423088454197204,-0.3784796921455443,0.30714839440155794,0.8232628627405919,0.07703953287978073,0.6700142880437431,P4,0.0460033854673256,-0.10354688351438214,0.0460033854673256,1,P4,False,0.9907727376092484,1.0,1.0,0.9588833612899182,1.0,1.0
Workbook QC flags honored and P27 omitted; raw RCADS scores,Neutral Sad,CP,Generalized Anxiety,Generalized Anxiety Raw,33,0.04130939361111988,-0.3063441414699217,0.37924005148347056,0.8194506557179033,0.15380815865219596,0.3927760442674605,P6,0.10015867003939856,-0.0016679812645054443,0.10015867003939856,1,P4,False,0.9907727376092484,1.0,1.0,0.9357311642842442,1.0,1.0
Workbook QC flags honored and P27 omitted; raw RCADS scores,Neutral Sad,CP,Obsessive Compulsive,Obsessive Compulsive Raw,33,0.01803933891702274,-0.3272966283850998,0.3591242554520521,0.9206298794112624,0.27473787603614924,0.12178091489224836,P30,0.1289539503278165,-0.017903234007217605,0.1289539503278165,1,P4,False,0.9907727376092484,1.0,1.0,0.8892075277721484,1.0,1.0
Workbook QC flags honored and P27 omitted; raw RCADS scores,Positive Valence,LOT,Social Phobia,Social Phobia Raw,33,-0.15496276228676573,-0.473102646441756,0.19892929545681606,0.38918980287856436,-0.08548480074566121,0.6362094022171376,P25,0.0010198983640256482,-0.22288358891985433,0.0010198983640256482,1,P25,False,0.9042319675020141,1.0,1.0,0.9455589280658375,1.0,1.0
Workbook QC flags honored and P27 omitted; raw RCADS scores,Positive Valence,LOT,Panic Disorder,Panic Disorder Raw,33,-0.0905932621959612,-0.42081431072291103,0.2608278682927555,0.6161000119925636,-0.12173530978156448,0.4997593720414738,P13,-0.04160984956275342,-0.13658441282533604,-0.04160984956275342,1,P25,False,0.9833320388452739,1.0,1.0,0.93848099977864,1.0,1.0
Workbook QC flags honored and P27 omitted; raw RCADS scores,Positive Valence,LOT,Major Depression,Major Depression Raw,33,0.24763649041731428,-0.10456192631676406,0.5446422701688258,0.16469170485374876,0.14771442821355896,0.412016388422761,P25,0.12072262845131981,0.12072262845131981,0.2971352188998191,1,P25,False,0.9042319675020141,1.0,1.0,0.93848099977864,1.0,1.0
Workbook QC flags honored and P27 omitted; raw RCADS scores,Positive Valence,LOT,Separation Anxiety,Separation Anxiety Raw,33,-0.07504968297563473,-0.407850322280966,0.275353870452595,0.6780757954092972,-0.12465778719840899,0.48944224435087147,P25,-0.24430488515251833,-0.24430488515251833,0.022432648735467617,1,P25,False,0.9907727376092484,1.0,1.0,0.93848099977864,1.0,1.0
Workbook QC flags honored and P27 omitted; raw RCADS scores,Positive Valence,LOT,Generalized Anxiety,Generalized Anxiety Raw,33,0.031081620886750615,-0.3155949640051086,0.370437824240337,0.8636678962224567,0.03641933272050896,0.8405322048943167,P16,0.16614663482331057,-0.045610962592924575,0.16614663482331057,1,P25,False,0.9907727376092484,1.0,1.0,0.9588833612899182,1.0,1.0
Workbook QC flags honored and P27 omitted; raw RCADS scores,Positive Valence,LOT,Obsessive Compulsive,Obsessive Compulsive Raw,33,0.14536951845796695,-0.20833687722927832,0.4654494848285002,0.4195593152057276,0.06656195760579141,0.7128475887588397,P11,0.08535880330352108,0.08535880330352108,0.20140945142988254,1,P25,False,0.9184947170719983,1.0,1.0,0.9588833612899182,1.0,1.0
Workbook QC flags honored and P27 omitted; raw RCADS scores,Positive Valence,ROT,Social Phobia,Social Phobia Raw,33,0.067419474573647,-0.28242648480175864,0.40143692820063576,0.7093073112432738,0.13325571880941306,0.4597332100538476,P25,0.16521257806668083,-0.014097059371588519,0.16521257806668083,0,,False,0.9907727376092484,1.0,1.0,0.93848099977864,1.0,1.0
Workbook QC flags honored and P27 omitted; raw RCADS scores,Positive Valence,ROT,Panic Disorder,Panic Disorder Raw,33,0.10569063444880905,-0.24656485660370148,0.4332783245070557,0.5582926510268714,0.102318443450247,0.5709849048105266,P8,-0.09412773180855194,-0.09412773180855194,0.176932229243458,0,,False,0.9673091921535099,1.0,1.0,0.93848099977864,1.0,1.0
Workbook QC flags honored and P27 omitted; raw RCADS scores,Positive Valence,ROT,Major Depression,Major Depression Raw,33,0.2846148425463238,-0.0650502710724343,0.5720302825481743,0.10841749139977727,0.2499395268295333,0.1606731942208964,P11,0.21763395365941107,0.21763395365941107,0.33844137060222834,0,,False,0.9042319675020141,1.0,1.0,0.8892075277721484,1.0,1.0
Workbook QC flags honored and P27 omitted; raw RCADS scores,Positive Valence,ROT,Separation Anxiety,Separation Anxiety Raw,33,0.13398327653835349,-0.21941845723993852,0.456303383897685,0.4572641132281513,0.10407989872500178,0.5643388556843505,P8,0.01212883762191884,0.01212883762191884,0.18868185111500801,0,,False,0.943653329209688,1.0,1.0,0.93848099977864,1.0,1.0
Workbook QC flags honored and P27 omitted; raw RCADS scores,Positive Valence,ROT,Generalized Anxiety,Generalized Anxiety Raw,33,0.17535977676737846,-0.17870789866576145,0.48921666418170745,0.32900784197744315,0.1724413056254796,0.3372472612356303,P16,0.28815247604014566,0.09293635284230825,0.28815247604014566,0,,False,0.9042319675020141,1.0,1.0,0.9233858779801496,1.0,1.0
Workbook QC flags honored and P27 omitted; raw RCADS scores,Positive Valence,ROT,Obsessive Compulsive,Obsessive Compulsive Raw,33,0.2767966798142561,-0.07349644910090622,0.5662926993048343,0.11889916512852117,0.2519845537933532,0.15716433866086119,P11,0.06998832923156503,0.06998832923156503,0.44529068269372296,0,,False,0.9042319675020141,1.0,1.0,0.8892075277721484,1.0,1.0
Workbook QC flags honored and P27 omitted; raw RCADS scores,Positive Valence,O,Social Phobia,Social Phobia Raw,33,-0.12591567068139153,-0.44978152017401,0.2272153894672715,0.4850353939426247,-0.013576997765487372,0.940222731290673,P25,-0.04942077736970306,-0.18463814297996853,-0.04942077736970306,3,P25; P29; P4,False,0.9440151919593346,1.0,1.0,0.9842589436746378,1.0,1.0
Workbook QC flags honored and P27 omitted; raw RCADS scores,Positive Valence,O,Panic Disorder,Panic Disorder Raw,33,-0.16374338059988724,-0.4800656887871718,0.19026106150092903,0.36254224173222555,-0.12781363315484648,0.47842497592851774,P4,-0.022155241882855246,-0.20448498943704088,-0.022155241882855246,3,P25; P29; P4,False,0.9042319675020141,1.0,1.0,0.93848099977864,1.0,1.0
Workbook QC flags honored and P27 omitted; raw RCADS scores,Positive Valence,O,Major Depression,Major Depression Raw,33,0.04078071290041356,-0.30682393779376566,0.37878655232553826,0.8217241534774634,0.02903931372834739,0.8725505979088132,P4,0.19200022646962472,-0.04628547960209363,0.19200022646962472,3,P25; P29; P4,False,0.9907727376092484,1.0,1.0,0.9615863732056308,1.0,1.0
Workbook QC flags honored and P27 omitted; raw RCADS scores,Positive Valence,O,Separation Anxiety,Separation Anxiety Raw,33,-0.028235988938032645,-0.3679779299060883,0.3181571181079306,0.8760487877415127,0.07057705550796689,0.6963230373563588,P4,0.1691083186393154,-0.08960449431440556,0.1691083186393154,3,P25; P29; P4,False,0.9907727376092484,1.0,1.0,0.9588833612899182,1.0,1.0
Workbook QC flags honored and P27 omitted; raw RCADS scores,Positive Valence,O,Generalized Anxiety,Generalized Anxiety Raw,33,-0.006109456415328812,-0.3486871063827581,0.33790828024463243,0.9730819641990438,-0.06741811359424449,0.7093129253737642,P29,0.03548677190579334,-0.042684091468168345,0.03548677190579334,3,P25; P29; P4,False,0.9907727376092484,1.0,1.0,0.9588833612899182,1.0,1.0
Workbook QC flags honored and P27 omitted; raw RCADS scores,Positive Valence,O,Obsessive Compulsive,Obsessive Compulsive Raw,33,7.506314306066422e-05,-0.34324277941034775,0.3433752116522023,0.9996692149495792,-0.03718639978486816,0.8372177122982719,P4,0.06318191515333133,-0.04331396257806754,0.06318191515333133,3,P25; P29; P4,False,0.9996692149495792,1.0,1.0,0.9588833612899182,1.0,1.0
Workbook QC flags honored and P27 omitted; raw RCADS scores,Positive Valence,Frontal,Social Phobia,Social Phobia Raw,33,-0.15660666408920237,-0.47440929384961145,0.19731063627676246,0.3841166047261414,-0.04693283178193165,0.7953607753634008,P25,0.024814335411893804,-0.2247534601611569,0.024814335411893804,1,P25,False,0.9042319675020141,1.0,1.0,0.9588833612899182,1.0,1.0
Workbook QC flags honored and P27 omitted; raw RCADS scores,Positive Valence,Frontal,Panic Disorder,Panic Disorder Raw,33,-0.1418737929346383,-0.462648765151232,0.21174875556590786,0.4309460793346753,-0.112786667037566,0.5320190914956834,P35,-0.04236433926875582,-0.22459569793212283,-0.04236433926875582,1,P25,False,0.9246790046651311,1.0,1.0,0.93848099977864,1.0,1.0
Workbook QC flags honored and P27 omitted; raw RCADS scores,Positive Valence,Frontal,Major Depression,Major Depression Raw,33,0.17983915197589964,-0.17422666933026176,0.4927269883874685,0.3166053333464381,0.06210720277161002,0.7313324231886927,P25,0.003471535669643991,0.003471535669643991,0.23934970763797397,1,P25,False,0.9042319675020141,1.0,1.0,0.9588833612899182,1.0,1.0
Workbook QC flags honored and P27 omitted; raw RCADS scores,Positive Valence,Frontal,Separation Anxiety,Separation Anxiety Raw,33,-0.046315042892199274,-0.3835258370584878,0.30179256812323835,0.7979986563208682,-0.16071160832537038,0.3716176147091125,P25,-0.244739662616385,-0.244739662616385,0.03779839808986373,1,P25,False,0.9907727376092484,1.0,1.0,0.9233858779801496,1.0,1.0
Workbook QC flags honored and P27 omitted; raw RCADS scores,Positive Valence,Frontal,Generalized Anxiety,Generalized Anxiety Raw,33,0.00424328048282854,-0.33956037349107965,0.34704671520826347,0.9813025196236085,-0.014737125333415252,0.9351251760102268,P25,-0.10094971708961002,-0.10094971708961002,0.1037563950120761,1,P25,False,0.9907727376092484,1.0,1.0,0.9842589436746378,1.0,1.0
Workbook QC flags honored and P27 omitted; raw RCADS scores,Positive Valence,Frontal,Obsessive Compulsive,Obsessive Compulsive Raw,33,0.13599198952935168,-0.21747009345190532,0.4579218634596263,0.4504840940959878,0.05009126911660323,0.7819099507383948,P30,0.24228225887580707,0.06096893330130514,0.24228225887580707,1,P25,False,0.943653329209688,1.0,1.0,0.9588833612899182,1.0,1.0
Workbook QC flags honored and P27 omitted; raw RCADS scores,Positive Valence,PO,Social Phobia,Social Phobia Raw,33,-0.16310278360316643,-0.47955903882766315,0.1908953314973169,0.3644487360201515,-0.0737515928001783,0.6833537804851275,P25,-0.09031156225667956,-0.21082738841915,-0.09031156225667956,3,P24; P25; P4,False,0.9042319675020141,1.0,1.0,0.9588833612899182,1.0,1.0
Workbook QC flags honored and P27 omitted; raw RCADS scores,Positive Valence,PO,Panic Disorder,Panic Disorder Raw,33,-0.20620818637259694,-0.5131870670707962,0.14754605745490276,0.24959787763834979,-0.2027796214253245,0.2577304958695495,P8,-0.316881928718691,-0.316881928718691,-0.12573521364124046,3,P24; P25; P4,False,0.9042319675020141,1.0,1.0,0.906217489216125,1.0,1.0
Workbook QC flags honored and P27 omitted; raw RCADS scores,Positive Valence,PO,Major Depression,Major Depression Raw,33,-0.017351100868209565,-0.3585244436294678,0.3279111941770234,0.9236490347414791,-0.004364289924491515,0.9807694035866731,P25,-0.10986810806246064,-0.10986810806246064,0.04166118939197513,3,P24; P25; P4,False,0.9907727376092484,1.0,1.0,0.9898610526165484,1.0,1.0
Workbook QC flags honored and P27 omitted; raw RCADS scores,Positive Valence,PO,Separation Anxiety,Separation Anxiety Raw,33,-0.11406050651849778,-0.44013470962529366,0.23859124629227016,0.5273665115575296,-0.05816229634632453,0.7478267679054746,P24,-0.03907386695961864,-0.1820192413932804,-0.03907386695961864,3,P24; P25; P4,False,0.9440151919593346,1.0,1.0,0.9588833612899182,1.0,1.0
Workbook QC flags honored and P27 omitted; raw RCADS scores,Positive Valence,PO,Generalized Anxiety,Generalized Anxiety Raw,33,0.05046401824282684,-0.2980078916627837,0.3870671728964263,0.7803265273614466,0.1068865067285635,0.5538231750237845,P24,0.13209074417093095,0.007006062165452451,0.13209074417093095,3,P24; P25; P4,False,0.9907727376092484,1.0,1.0,0.93848099977864,1.0,1.0
Workbook QC flags honored and P27 omitted; raw RCADS scores,Positive Valence,PO,Obsessive Compulsive,Obsessive Compulsive Raw,33,0.07998177910618554,-0.27076192479964367,0.411978479926533,0.6581604677697026,0.16674449583899786,0.353689884599768,P24,0.16644039147846718,0.03737133085138644,0.16644039147846718,3,P24; P25; P4,False,0.9907727376092484,1.0,1.0,0.9233858779801496,1.0,1.0
Workbook QC flags honored and P27 omitted; raw RCADS scores,Positive Valence,CP,Social Phobia,Social Phobia Raw,33,-0.22166705823972443,-0.5250217455082064,0.13166141130196912,0.21505888091214367,-0.03486438932372066,0.8472593024245061,P25,-0.01138319438352875,-0.2595392343537516,-0.01138319438352875,2,P25; P4,False,0.9042319675020141,1.0,1.0,0.9598322167326572,1.0,1.0
Workbook QC flags honored and P27 omitted; raw RCADS scores,Positive Valence,CP,Panic Disorder,Panic Disorder Raw,33,-0.021555865823599158,-0.3621845802971573,0.3241519605194124,0.9052214634448388,-0.0903306390196075,0.6171273356572272,P25,-0.09064717380779332,-0.09064717380779332,0.01022382476118884,2,P25; P4,False,0.9907727376092484,1.0,1.0,0.93848099977864,1.0,1.0
Workbook QC flags honored and P27 omitted; raw RCADS scores,Positive Valence,CP,Major Depression,Major Depression Raw,33,0.28501770235570023,-0.06461368887320736,0.5723251727308801,0.10789686800711888,0.27730026750999937,0.11820208200427644,P25,0.1674164193854256,0.1674164193854256,0.3118238591645839,2,P25; P4,False,0.9042319675020141,1.0,1.0,0.8892075277721484,1.0,1.0
Workbook QC flags honored and P27 omitted; raw RCADS scores,Positive Valence,CP,Separation Anxiety,Separation Anxiety Raw,33,0.11423725159915216,-0.23842235479228044,0.4402790858884651,0.5267225291816335,0.018707171339461103,0.9177012781934961,P25,-0.08880153619872296,-0.08880153619872296,0.1510203125276675,2,P25; P4,False,0.9440151919593346,1.0,1.0,0.9751650462171406,1.0,1.0
Workbook QC flags honored and P27 omitted; raw RCADS scores,Positive Valence,CP,Generalized Anxiety,Generalized Anxiety Raw,33,0.1639411905874973,-0.19006514549223852,0.4802220946290201,0.36195473725344024,0.2576456049669494,0.14773965314434984,P16,0.2249017831021694,0.1384413602534585,0.2249017831021694,2,P25; P4,False,0.9042319675020141,1.0,1.0,0.8892075277721484,1.0,1.0
Workbook QC flags honored and P27 omitted; raw RCADS scores,Positive Valence,CP,Obsessive Compulsive,Obsessive Compulsive Raw,33,0.1888514211780864,-0.16516601417273258,0.49975885677438864,0.2925490223325323,0.28985015722726004,0.10179753466797632,P30,0.283808551340913,0.16359284098529847,0.283808551340913,2,P25; P4,False,0.9042319675020141,1.0,1.0,0.8892075277721484,1.0,1.0
Workbook QC flags honored and P27 omitted; raw RCADS scores,Negative Valence,LOT,Social Phobia,Social Phobia Raw,31,-0.07912225280328418,-0.42164116158348636,0.2831564959898901,0.6722259133995967,-0.1601950136437254,0.3893183667139821,P23,-0.2275366634071055,-0.2275366634071055,-0.0019951101168039047,0,,False,0.9907727376092484,1.0,1.0,0.9343640801135571,1.0,1.0
Workbook QC flags honored and P27 omitted; raw RCADS scores,Negative Valence,LOT,Panic Disorder,Panic Disorder Raw,31,-0.16661036117189756,-0.4919097361463444,0.1995080634549986,0.370354027906216,-0.14957920341656195,0.42189902028148685,P13,-0.10686903353947547,-0.2179989816605519,-0.10686903353947547,0,,False,0.9042319675020141,1.0,1.0,0.93848099977864,1.0,1.0
Workbook QC flags honored and P27 omitted; raw RCADS scores,Negative Valence,LOT,Major Depression,Major Depression Raw,31,-0.240483159356397,-0.5481167029783318,0.12446278702896674,0.19252273731638586,-0.16391651661093762,0.3782500860508792,P26,-0.14986878585023897,-0.31215893448574406,-0.14986878585023897,0,,False,0.9042319675020141,1.0,1.0,0.9233858779801496,1.0,1.0
Workbook QC flags honored and P27 omitted; raw RCADS scores,Negative Valence,LOT,Separation Anxiety,Separation Anxiety Raw,31,-0.21179799137312433,-0.5266163319583256,0.15410768290511104,0.2526998978404138,-0.25897028956025747,0.15949722725317178,P23,-0.3604527475381021,-0.3604527475381021,-0.14788844666581383,0,,False,0.9042319675020141,1.0,1.0,0.8892075277721484,1.0,1.0
Workbook QC flags honored and P27 omitted; raw RCADS scores,Negative Valence,LOT,Generalized Anxiety,Generalized Anxiety Raw,31,-0.38587359252397835,-0.6511778435092668,-0.03652795848622812,0.03203417805565399,-0.42199739008081916,0.018045563566140416,P16,-0.4721472776882716,-0.4721472776882716,-0.32351050539862763,0,,False,0.9042319675020141,1.0,1.0,0.649640288381055,1.0,1.0
Workbook QC flags honored and P27 omitted; raw RCADS scores,Negative Valence,LOT,Obsessive Compulsive,Obsessive Compulsive Raw,31,-0.28311297653056516,-0.5793351837369298,0.07916926869668499,0.12275827694887861,-0.3646815722355803,0.043686274498631945,P30,-0.4034238262873676,-0.4034238262873676,-0.2084122705584813,0,,False,0.9042319675020141,1.0,1.0,0.875761597867186,1.0,1.0
Workbook QC flags honored and P27 omitted; raw RCADS scores,Negative Valence,ROT,Social Phobia,Social Phobia Raw,31,-0.0641613545334522,-0.40919837311492985,0.296929438940157,0.7316672165790468,0.005056660784208505,0.9784617836843092,P26,0.06324136467200275,-0.14375344266187662,0.06324136467200275,1,P26,False,0.9907727376092484,1.0,1.0,0.9898610526165484,1.0,1.0
Workbook QC flags honored and P27 omitted; raw RCADS scores,Negative Valence,ROT,Panic Disorder,Panic Disorder Raw,31,-0.13597872393410007,-0.46777993541274004,0.22941524589673923,0.46576714995267465,0.0022386003232410627,0.9904640788394377,P8,-0.042315510224398944,-0.18042644562167273,-0.042315510224398944,1,P26,False,0.9440151919593346,1.0,1.0,0.9922847770763401,1.0,1.0
Workbook QC flags honored and P27 omitted; raw RCADS scores,Negative Valence,ROT,Major Depression,Major Depression Raw,31,-0.1287845320873465,-0.46204013137435734,0.23634064488758305,0.4899053355298093,-0.04417033451320693,0.813480259023286,P26,0.039710638981791994,-0.20968492367350483,0.039710638981791994,1,P26,False,0.9440151919593346,1.0,1.0,0.9588833612899182,1.0,1.0
Workbook QC flags honored and P27 omitted; raw RCADS scores,Negative Valence,ROT,Separation Anxiety,Separation Anxiety Raw,31,-0.296818510352972,-0.5891906740015779,0.06428250291065539,0.10491405917385856,-0.26470697318975683,0.1501288241704269,P26,-0.223118636862442,-0.3544148341581015,-0.223118636862442,1,P26,False,0.9042319675020141,1.0,1.0,0.8892075277721484,1.0,1.0
Workbook QC flags honored and P27 omitted; raw RCADS scores,Negative Valence,ROT,Generalized Anxiety,Generalized Anxiety Raw,31,-0.22134054763465252,-0.5338137430950799,0.14431844418534076,0.2314465737659582,-0.164007719289052,0.37798116282836614,P26,-0.11680761037313883,-0.271931280885232,-0.11680761037313883,1,P26,False,0.9042319675020141,1.0,1.0,0.9233858779801496,1.0,1.0
Workbook QC flags honored and P27 omitted; raw RCADS scores,Negative Valence,ROT,Obsessive Compulsive,Obsessive Compulsive Raw,31,-0.10230223803383587,-0.44066822837429487,0.2615178482207222,0.5839474117623871,-0.2443489322386548,0.18525235699445294,P11,-0.2823367145752781,-0.2823367145752781,0.0017828100696407577,1,P26,False,0.9833320388452739,1.0,1.0,0.8892075277721484,1.0,1.0
Workbook QC flags honored and P27 omitted; raw RCADS scores,Negative Valence,O,Social Phobia,Social Phobia Raw,31,-0.4158391285251453,-0.6712688057447229,-0.07212678061125538,0.019984565733939384,-0.42597310446172443,0.016878670573145634,P23,-0.5029017383882957,-0.5029017383882957,-0.3715679786517324,0,,False,0.9042319675020141,1.0,1.0,0.649640288381055,1.0,1.0
Workbook QC flags honored and P27 omitted; raw RCADS scores,Negative Valence,O,Panic Disorder,Panic Disorder Raw,31,-0.20820210156830715,-0.5238923964381135,0.15777798803100462,0.26103232226542394,-0.0724492468248926,0.6985242160833542,P8,-0.06812874692677053,-0.2717150287805631,-0.06812874692677053,0,,False,0.9042319675020141,1.0,1.0,0.9588833612899182,1.0,1.0
Workbook QC flags honored and P27 omitted; raw RCADS scores,Negative Valence,O,Major Depression,Major Depression Raw,31,-0.23672858212465722,-0.5453254738475716,0.12838039804748094,0.1997718779913773,-0.23280602915447132,0.20754472225218581,P26,-0.15361429097854248,-0.3024380360874943,-0.15361429097854248,0,,False,0.9042319675020141,1.0,1.0,0.8892075277721484,1.0,1.0
Workbook QC flags honored and P27 omitted; raw RCADS scores,Negative Valence,O,Separation Anxiety,Separation Anxiety Raw,31,-0.42619318859805677,-0.678124714197887,-0.08463431889513283,0.016815951244404853,-0.42369506235016813,0.01753935943125151,P23,-0.5019159942773801,-0.5019159942773801,-0.36197312532895165,0,,False,0.9042319675020141,1.0,1.0,0.649640288381055,1.0,1.0
Workbook QC flags honored and P27 omitted; raw RCADS scores,Negative Valence,O,Generalized Anxiety,Generalized Anxiety Raw,31,-0.463599491397968,-0.7025331554696435,-0.13073554835613513,0.008620565051601315,-0.3990649748993288,0.026154952203846546,P16,-0.39130744140842233,-0.5234191385444618,-0.39130744140842233,0,,False,0.9042319675020141,1.0,1.0,0.8474204514046282,1.0,1.0
Workbook QC flags honored and P27 omitted; raw RCADS scores,Negative Valence,O,Obsessive Compulsive,Obsessive Compulsive Raw,31,-0.28438970901310096,-0.5802569403617871,0.07778929088967938,0.12100701666518933,-0.4565682310087427,0.009828683623891644,P30,-0.5573367164328764,-0.5573367164328764,-0.23157389002302053,0,,False,0.9042319675020141,1.0,1.0,0.6368986988281786,1.0,1.0
Workbook QC flags honored and P27 omitted; raw RCADS scores,Negative Valence,Frontal,Social Phobia,Social Phobia Raw,31,0.01951366181174349,-0.3371577261562997,0.37128653090406666,0.9170166604053678,-0.039037421254089655,0.8348397332155115,P23,-0.12798046361847848,-0.12798046361847848,0.10300719759459018,0,,False,0.9907727376092484,1.0,1.0,0.9588833612899182,1.0,1.0
Workbook QC flags honored and P27 omitted; raw RCADS scores,Negative Valence,Frontal,Panic Disorder,Panic Disorder Raw,31,0.16315407013800032,-0.20291709976804184,0.4892118580519027,0.3805026239957656,0.1357405832365263,0.46655601079150055,P16,0.09231524354146375,0.09231524354146375,0.2051130624910497,0,,False,0.9042319675020141,1.0,1.0,0.93848099977864,1.0,1.0
Workbook QC flags honored and P27 omitted; raw RCADS scores,Negative Valence,Frontal,Major Depression,Major Depression Raw,31,0.019749904961357135,-0.33694824060518946,0.371490267712417,0.9160155199447286,-0.04295463723302692,0.8185278477072115,P25,0.09972620898583674,-0.055587761809438696,0.09972620898583674,0,,False,0.9907727376092484,1.0,1.0,0.9588833612899182,1.0,1.0
Workbook QC flags honored and P27 omitted; raw RCADS scores,Negative Valence,Frontal,Separation Anxiety,Separation Anxiety Raw,31,-0.004961171599689819,-0.3586707690248434,0.3499942178686413,0.9788684170058083,-0.09240158274657921,0.6210319028086897,P23,-0.1373171050235522,-0.1373171050235522,0.044657823658328204,0,,False,0.9907727376092484,1.0,1.0,0.93848099977864,1.0,1.0
Workbook QC flags honored and P27 omitted; raw RCADS scores,Negative Valence,Frontal,Generalized Anxiety,Generalized Anxiety Raw,31,-0.3717999057811646,-0.6416117668242438,-0.020109021209918757,0.03944497734510917,-0.22666235362419543,0.22013200624026308,P16,-0.14803484653561724,-0.43668347757582926,-0.14803484653561724,0,,False,0.9042319675020141,1.0,1.0,0.8892075277721484,1.0,1.0
Workbook QC flags honored and P27 omitted; raw RCADS scores,Negative Valence,Frontal,Obsessive Compulsive,Obsessive Compulsive Raw,31,-0.03639023181554952,-0.3857562108691518,0.3221032546390919,0.8459017053546004,-0.11439786693585263,0.5400199099418477,P30,-0.16821864966619243,-0.16821864966619243,0.016689770035845507,0,,False,0.9907727376092484,1.0,1.0,0.93848099977864,1.0,1.0
Workbook QC flags honored and P27 omitted; raw RCADS scores,Negative Valence,PO,Social Phobia,Social Phobia Raw,31,-0.038742486117246074,-0.3877594377796779,0.3199904684132882,0.836070705610322,-0.0645229916065005,0.73021059691587,P23,-0.159965483220306,-0.159965483220306,0.019745197733994573,0,,False,0.9907727376092484,1.0,1.0,0.9588833612899182,1.0,1.0
Workbook QC flags honored and P27 omitted; raw RCADS scores,Negative Valence,PO,Panic Disorder,Panic Disorder Raw,31,0.07250994680227466,-0.28926224084104596,0.4161576518788861,0.6982833901211958,0.10053350542555319,0.5905004170267156,P35,-0.03825540381414007,-0.03825540381414007,0.13058926763712914,0,,False,0.9907727376092484,1.0,1.0,0.93848099977864,1.0,1.0
Workbook QC flags honored and P27 omitted; raw RCADS scores,Negative Valence,PO,Major Depression,Major Depression Raw,31,-0.128807041731803,-0.4620581340836278,0.23631903395735276,0.4898288301985416,-0.060379631582273684,0.746953457893236,P25,-0.03221842282965818,-0.18598767965593369,-0.03221842282965818,0,,False,0.9440151919593346,1.0,1.0,0.9588833612899182,1.0,1.0
Workbook QC flags honored and P27 omitted; raw RCADS scores,Negative Valence,PO,Separation Anxiety,Separation Anxiety Raw,31,-0.2523770964066089,-0.5569138934291911,0.11197681075186003,0.1707731192918543,-0.2837609581020226,0.12186712955774585,P23,-0.38211026040085794,-0.38211026040085794,-0.17243101421840568,0,,False,0.9042319675020141,1.0,1.0,0.8892075277721484,1.0,1.0
Workbook QC flags honored and P27 omitted; raw RCADS scores,Negative Valence,PO,Generalized Anxiety,Generalized Anxiety Raw,31,-0.2717192428317886,-0.5710756148370574,0.09142319649246991,0.13922531167036972,-0.1812070306751698,0.3292799331346824,P16,-0.17419137336366167,-0.3090636551745318,-0.17419137336366167,0,,False,0.9042319675020141,1.0,1.0,0.9233858779801496,1.0,1.0
Workbook QC flags honored and P27 omitted; raw RCADS scores,Negative Valence,PO,Obsessive Compulsive,Obsessive Compulsive Raw,31,-0.1802123274414897,-0.5024667035214674,0.18600544102114244,0.33198658330684877,-0.2590835412178702,0.1593083211476356,P30,-0.39057533799833016,-0.39057533799833016,-0.08783173132525927,0,,False,0.9042319675020141,1.0,1.0,0.8892075277721484,1.0,1.0
Workbook QC flags honored and P27 omitted; raw RCADS scores,Negative Valence,CP,Social Phobia,Social Phobia Raw,31,0.2777562656755039,-0.08494406510656932,0.5754595483496361,0.13031067475221222,0.24939450987716347,0.17605549050931874,P25,0.15275412346759393,0.15275412346759393,0.3213517273673225,1,P25,False,0.9042319675020141,1.0,1.0,0.8892075277721484,1.0,1.0
Workbook QC flags honored and P27 omitted; raw RCADS scores,Negative Valence,CP,Panic Disorder,Panic Disorder Raw,31,0.10237936370986606,-0.2614452353059454,0.44073103278812376,0.5836623989824944,0.25988114661625794,0.1579824372175343,P25,0.24214403536961768,0.0554526103967041,0.24214403536961768,1,P25,False,0.9833320388452739,1.0,1.0,0.8892075277721484,1.0,1.0
Workbook QC flags honored and P27 omitted; raw RCADS scores,Negative Valence,CP,Major Depression,Major Depression Raw,31,-0.08475794503520662,-0.4262950847841533,0.2779292634405303,0.6503063272361184,0.18478598658736106,0.31965382064168274,P25,0.29800021205870364,-0.1259879780223042,0.29800021205870364,1,P25,False,0.9907727376092484,1.0,1.0,0.9233858779801496,1.0,1.0
Workbook QC flags honored and P27 omitted; raw RCADS scores,Negative Valence,CP,Separation Anxiety,Separation Anxiety Raw,31,-0.14932987852629034,-0.4783583516899618,0.21646413065103945,0.42268194042947965,-0.07314271627611703,0.6957746067285129,P25,-0.024791543189211604,-0.1946029930005008,-0.024791543189211604,1,P25,False,0.9189977470926403,1.0,1.0,0.9588833612899182,1.0,1.0
Workbook QC flags honored and P27 omitted; raw RCADS scores,Negative Valence,CP,Generalized Anxiety,Generalized Anxiety Raw,31,-0.049833327952955794,-0.3971604102039766,0.3099804097011046,0.7900670761201722,0.12019042599584707,0.5195538998389606,P25,0.08509726100000103,-0.07265401613876377,0.08509726100000103,1,P25,False,0.9907727376092484,1.0,1.0,0.93848099977864,1.0,1.0
Workbook QC flags honored and P27 omitted; raw RCADS scores,Negative Valence,CP,Obsessive Compulsive,Obsessive Compulsive Raw,31,-0.022487010863903558,-0.3738482888433161,0.33451856975193456,0.904425919704939,0.02680880244829462,0.8861664669524167,P25,0.1780799119814323,-0.11084286649304645,0.1780799119814323,1,P25,False,0.9907727376092484,1.0,1.0,0.9635591621452463,1.0,1.0
Workbook QC flags honored and P27 omitted; raw RCADS scores,Angry Caucasian,LOT,Social Phobia,Social Phobia Raw,20,0.33278033029905457,-0.12869190670684294,0.675783708648577,0.15167118628669704,0.2360493394660518,0.3163802480999167,P23,0.48443773149056857,0.2244583094078833,0.48443773149056857,1,P29,False,0.9042319675020141,1.0,1.0,0.9233858779801496,1.0,1.0
Workbook QC flags honored and P27 omitted; raw RCADS scores,Angry Caucasian,LOT,Panic Disorder,Panic Disorder Raw,20,-0.20373014495245026,-0.5928065568438023,0.26245194595700577,0.38894552185567877,-0.416277109357625,0.06790028144887446,P29,-0.34526394118605597,-0.34526394118605597,-0.14530274982220792,1,P29,False,0.9042319675020141,1.0,1.0,0.875761597867186,1.0,1.0
Workbook QC flags honored and P27 omitted; raw RCADS scores,Angry Caucasian,LOT,Major Depression,Major Depression Raw,20,-0.1503010239230708,-0.5558513925290903,0.3130404969824819,0.5270632507478333,-0.28896141799663516,0.21659420562293658,P29,-0.40448258184945296,-0.40448258184945296,0.018355887532320404,1,P29,False,0.9440151919593346,1.0,1.0,0.8892075277721484,1.0,1.0
Workbook QC flags honored and P27 omitted; raw RCADS scores,Angry Caucasian,LOT,Separation Anxiety,Separation Anxiety Raw,20,0.05054116496524543,-0.4009470037542379,0.48227560444094086,0.8324130200792575,0.12633675570213024,0.5955919702239705,P25,0.21259682657275158,-0.05652132723809173,0.21259682657275158,1,P29,False,0.9907727376092484,1.0,1.0,0.93848099977864,1.0,1.0
Workbook QC flags honored and P27 omitted; raw RCADS scores,Angry Caucasian,LOT,Generalized Anxiety,Generalized Anxiety Raw,20,0.38840549512187067,-0.065346959245647,0.7090555751744078,0.09057919152090127,0.17684591248818732,0.45574964489380554,P29,0.23300944693454204,0.23300944693454204,0.5029060976437222,1,P29,False,0.9042319675020141,1.0,1.0,0.93848099977864,1.0,1.0
Workbook QC flags honored and P27 omitted; raw RCADS scores,Angry Caucasian,LOT,Obsessive Compulsive,Obsessive Compulsive Raw,20,0.08018304756034353,-0.3756674156216579,0.5047924484099124,0.7368393496367733,0.015352490523740516,0.9487783625778491,P29,-0.2753026011805886,-0.2753026011805886,0.3993368670666288,1,P29,False,0.9907727376092484,1.0,1.0,0.9842589436746378,1.0,1.0
Workbook QC flags honored and P27 omitted; raw RCADS scores,Angry Caucasian,ROT,Social Phobia,Social Phobia Raw,20,0.42073525713337545,-0.026769598487847178,0.7277589059540532,0.06471075333904511,0.4260954530297741,0.06102686199936138,P24,0.5071609199843432,0.3427276845546669,0.5071609199843432,0,,False,0.9042319675020141,1.0,1.0,0.875761597867186,1.0,1.0
Workbook QC flags honored and P27 omitted; raw RCADS scores,Angry Caucasian,ROT,Panic Disorder,Panic Disorder Raw,20,-0.2282893231998344,-0.6092608833485806,0.23830576767569298,0.33301028594444826,-0.208898184440414,0.3767628437982592,P35,-0.08730852991527266,-0.33368388269562116,-0.08730852991527266,0,,False,0.9042319675020141,1.0,1.0,0.9233858779801496,1.0,1.0
Workbook QC flags honored and P27 omitted; raw RCADS scores,Angry Caucasian,ROT,Major Depression,Major Depression Raw,20,-0.20604962578818625,-0.5943745944615092,0.26019616581278693,0.3834509381701424,-0.24054903382965964,0.30696981453683536,P19,-0.3530387868410585,-0.3530387868410585,-0.07797050437939385,0,,False,0.9042319675020141,1.0,1.0,0.9233858779801496,1.0,1.0
Workbook QC flags honored and P27 omitted; raw RCADS scores,Angry Caucasian,ROT,Separation Anxiety,Separation Anxiety Raw,20,0.25382533413275027,-0.21257219113836573,0.6260287033805354,0.28020471162499094,0.11863329498858571,0.6183796666190282,P14,-0.03058743299252544,-0.03058743299252544,0.41073577766221797,0,,False,0.9042319675020141,1.0,1.0,0.93848099977864,1.0,1.0
Workbook QC flags honored and P27 omitted; raw RCADS scores,Angry Caucasian,ROT,Generalized Anxiety,Generalized Anxiety Raw,20,0.11247350129641177,-0.3473347794858354,0.5286808531091568,0.6368468443450026,-0.05259641362795226,0.8256962739985567,P16,-0.12070043533332772,-0.12070043533332772,0.17572119897375396,0,,False,0.9907727376092484,1.0,1.0,0.9588833612899182,1.0,1.0
Workbook QC flags honored and P27 omitted; raw RCADS scores,Angry Caucasian,ROT,Obsessive Compulsive,Obsessive Compulsive Raw,20,-0.28539285193444586,-0.646291957007514,0.17984037965177382,0.22257834671588228,-0.11974942608517603,0.615056517940154,P30,-0.01451700026604702,-0.37116675034581553,-0.01451700026604702,0,,False,0.9042319675020141,1.0,1.0,0.93848099977864,1.0,1.0
Workbook QC flags honored and P27 omitted; raw RCADS scores,Angry Caucasian,O,Social Phobia,Social Phobia Raw,20,0.012439827051255476,-0.4324616052049361,0.4524698162572576,0.9584871372731619,0.18929196231942175,0.4241182103398151,P25,0.3881959826926084,-0.07954608787022888,0.3881959826926084,1,P25,False,0.9907727376092484,1.0,1.0,0.93848099977864,1.0,1.0
Workbook QC flags honored and P27 omitted; raw RCADS scores,Angry Caucasian,O,Panic Disorder,Panic Disorder Raw,20,-0.05603901914427751,-0.4864954769810509,0.3963096195980927,0.8144718113795828,-0.06532815949772947,0.7843638492499264,P35,0.1701495033834036,-0.12822197191716825,0.1701495033834036,1,P25,False,0.9907727376092484,1.0,1.0,0.9588833612899182,1.0,1.0
Workbook QC flags honored and P27 omitted; raw RCADS scores,Angry Caucasian,O,Major Depression,Major Depression Raw,20,0.2520856724837606,-0.2143460910960646,0.6248972037794278,0.28362662677810513,0.07564435026089925,0.7512710585186649,P25,-0.03041583025528103,-0.03041583025528103,0.34927389690185223,1,P25,False,0.9042319675020141,1.0,1.0,0.9588833612899182,1.0,1.0
Workbook QC flags honored and P27 omitted; raw RCADS scores,Angry Caucasian,O,Separation Anxiety,Separation Anxiety Raw,20,0.3651756172159641,-0.09225305576816804,0.6953322393854098,0.11337469739305284,0.30428669818500875,0.19210386780763908,P25,0.235577556878677,0.235577556878677,0.44404931576594103,1,P25,False,0.9042319675020141,1.0,1.0,0.8892075277721484,1.0,1.0
Workbook QC flags honored and P27 omitted; raw RCADS scores,Angry Caucasian,O,Generalized Anxiety,Generalized Anxiety Raw,20,0.40385234465913,-0.04708273734062833,0.7180484876365731,0.07741248902138617,0.48327719188582224,0.030877793480297833,P25,0.4695616964352651,0.35471341940306267,0.4695616964352651,1,P25,False,0.9042319675020141,1.0,1.0,0.875761597867186,1.0,1.0
Workbook QC flags honored and P27 omitted; raw RCADS scores,Angry Caucasian,O,Obsessive Compulsive,Obsessive Compulsive Raw,20,0.19365864850794082,-0.2721881033581591,0.5859635408430517,0.4133057750996159,0.31549368026286767,0.17542062233531683,P30,0.5347843160660066,0.1090288770975534,0.5347843160660066,1,P25,False,0.9184947170719983,1.0,1.0,0.8892075277721484,1.0,1.0
Workbook QC flags honored and P27 omitted; raw RCADS scores,Angry Caucasian,Frontal,Social Phobia,Social Phobia Raw,20,0.30410453565213913,-0.15993975094428967,0.6580674810560554,0.19238353773548733,0.2315244320002489,0.32601573998919,P18,0.13598010695109836,0.13598010695109836,0.42234222526648857,0,,False,0.9042319675020141,1.0,1.0,0.9233858779801496,1.0,1.0
Workbook QC flags honored and P27 omitted; raw RCADS scores,Angry Caucasian,Frontal,Panic Disorder,Panic Disorder Raw,20,0.2805955360908743,-0.18488191431556794,0.6432450006923992,0.2307918104218043,0.25447597013650436,0.27893152459335924,P35,0.1772122260774092,0.1772122260774092,0.38209009207359196,0,,False,0.9042319675020141,1.0,1.0,0.906217489216125,1.0,1.0
Workbook QC flags honored and P27 omitted; raw RCADS scores,Angry Caucasian,Frontal,Major Depression,Major Depression Raw,20,-0.07261060843541697,-0.4990946300469008,0.3821906089427272,0.7609623099288103,-0.06278481071654639,0.7925799596405539,P25,0.08338472802866179,-0.2179118737715346,0.08338472802866179,0,,False,0.9907727376092484,1.0,1.0,0.9588833612899182,1.0,1.0
Workbook QC flags honored and P27 omitted; raw RCADS scores,Angry Caucasian,Frontal,Separation Anxiety,Separation Anxiety Raw,20,0.06423191936960151,-0.3893558989678667,0.49274688418969126,0.7879025370889894,0.07703460713544526,0.7468417566027236,P25,0.20234550415467978,-0.025073338482295336,0.20234550415467978,0,,False,0.9907727376092484,1.0,1.0,0.9588833612899182,1.0,1.0
Workbook QC flags honored and P27 omitted; raw RCADS scores,Angry Caucasian,Frontal,Generalized Anxiety,Generalized Anxiety Raw,20,-0.02462527347312183,-0.4621103489125273,0.4224995689865029,0.9179220239761403,0.05259641362795226,0.8256962739985567,P26,-0.12284953836615742,-0.12284953836615742,0.043605139711519074,0,,False,0.9907727376092484,1.0,1.0,0.9588833612899182,1.0,1.0
Workbook QC flags honored and P27 omitted; raw RCADS scores,Angry Caucasian,Frontal,Obsessive Compulsive,Obsessive Compulsive Raw,20,-0.2890960876845684,-0.6486361775917566,0.17593183473874835,0.21637047031240872,-0.28555632374157364,0.2223018819430371,P26,-0.37846698589721817,-0.37846698589721817,-0.24201417167246575,0,,False,0.9042319675020141,1.0,1.0,0.8892075277721484,1.0,1.0
Workbook QC flags honored and P27 omitted; raw RCADS scores,Angry Caucasian,PO,Social Phobia,Social Phobia Raw,20,-0.00728205172289953,-0.4483580184421774,0.4366458037264763,0.9756925228352866,-0.047511528390930556,0.8423344563016415,P22,0.09320746407172825,-0.10138992004517167,0.09320746407172825,0,,False,0.9907727376092484,1.0,1.0,0.9588833612899182,1.0,1.0
Workbook QC flags honored and P27 omitted; raw RCADS scores,Angry Caucasian,PO,Panic Disorder,Panic Disorder Raw,20,0.4633000055102494,0.026138041514674158,0.7517060938890702,0.039656261904747955,0.4489411891064897,0.04707735028606861,P35,0.38520431637884167,0.38520431637884167,0.524706784119244,0,,False,0.9042319675020141,1.0,1.0,0.875761597867186,1.0,1.0
Workbook QC flags honored and P27 omitted; raw RCADS scores,Angry Caucasian,PO,Major Depression,Major Depression Raw,20,0.07114183552236722,-0.3834506402565748,0.49798517744555454,0.7656667278796971,0.051438158177411486,0.829480158476094,P37,-0.07185137656769879,-0.07185137656769879,0.1531402097639573,0,,False,0.9907727376092484,1.0,1.0,0.9588833612899182,1.0,1.0
Workbook QC flags honored and P27 omitted; raw RCADS scores,Angry Caucasian,PO,Separation Anxiety,Separation Anxiety Raw,20,-0.09059245901843807,-0.512564999421446,0.36662601004942075,0.704066002718887,-0.1170926028458768,0.6229786289128403,P14,-0.27988247091463914,-0.27988247091463914,-0.019656710423056778,0,,False,0.9907727376092484,1.0,1.0,0.93848099977864,1.0,1.0
Workbook QC flags honored and P27 omitted; raw RCADS scores,Angry Caucasian,PO,Generalized Anxiety,Generalized Anxiety Raw,20,0.013719355493362236,-0.4314206243778096,0.4534869729182525,0.9542213167429467,0.005335868049212549,0.9821877145458664,P29,0.09584369766486034,-0.06810273107631527,0.09584369766486034,0,,False,0.9907727376092484,1.0,1.0,0.9898610526165484,1.0,1.0
Workbook QC flags honored and P27 omitted; raw RCADS scores,Angry Caucasian,PO,Obsessive Compulsive,Obsessive Compulsive Raw,20,-0.1763235951064958,-0.5740528394653811,0.28872553235596654,0.45710302234312145,-0.2310549823822948,0.32702527195616615,P29,-0.10625881432378574,-0.22195723675491705,-0.10625881432378574,0,,False,0.943653329209688,1.0,1.0,0.9233858779801496,1.0,1.0
Workbook QC flags honored and P27 omitted; raw RCADS scores,Angry Caucasian,CP,Social Phobia,Social Phobia Raw,20,0.394436170293526,-0.05825233587716233,0.7125789948505121,0.08525642763680198,0.4381618729385818,0.05331611206232532,P25,0.2824151747116886,0.2824151747116886,0.4492592943864576,1,P25,False,0.9042319675020141,1.0,1.0,0.875761597867186,1.0,1.0
Workbook QC flags honored and P27 omitted; raw RCADS scores,Angry Caucasian,CP,Panic Disorder,Panic Disorder Raw,20,0.10957776777305345,-0.34991031955996543,0.5265651732476704,0.6456009269655492,0.3623433962839181,0.11641243656444983,P25,0.3763570611625241,0.054879616987883725,0.3763570611625241,1,P25,False,0.9907727376092484,1.0,1.0,0.8892075277721484,1.0,1.0
Workbook QC flags honored and P27 omitted; raw RCADS scores,Angry Caucasian,CP,Major Depression,Major Depression Raw,20,-0.1348872160264905,-0.5448836756218617,0.32716199529073564,0.5707183728095804,0.33510447165578366,0.14865816411037816,P25,0.5547351150582105,-0.21665706858473985,0.5547351150582105,1,P25,False,0.9783743533878521,1.0,1.0,0.8892075277721484,1.0,1.0
Workbook QC flags honored and P27 omitted; raw RCADS scores,Angry Caucasian,CP,Separation Anxiety,Separation Anxiety Raw,20,-0.22733831407216307,-0.6086297678056878,0.23925164497396442,0.33508313891045893,0.002311038214063358,0.9922847770763401,P25,0.10252533710177514,-0.3747764966515264,0.10252533710177514,1,P25,False,0.9042319675020141,1.0,1.0,0.9922847770763401,1.0,1.0
Workbook QC flags honored and P27 omitted; raw RCADS scores,Angry Caucasian,CP,Generalized Anxiety,Generalized Anxiety Raw,20,0.02017417427270142,-0.4261510678630483,0.45860080172070433,0.9327221503931096,0.3056690125334617,0.189990530142387,P25,0.34783331151513175,-0.09185062113106832,0.34783331151513175,1,P25,False,0.9907727376092484,1.0,1.0,0.8892075277721484,1.0,1.0
Workbook QC flags honored and P27 omitted; raw RCADS scores,Angry Caucasian,CP,Obsessive Compulsive,Obsessive Compulsive Raw,20,-0.12967795215064443,-0.5411450248742449,0.3318883029294566,0.5858185841296322,0.14661628450172196,0.5373557395072419,P25,0.055098227236528345,-0.24226754217593932,0.055098227236528345,1,P25,False,0.9833320388452739,1.0,1.0,0.93848099977864,1.0,1.0
Workbook QC flags honored and P27 omitted; raw RCADS scores,Happy Caucasian,LOT,Social Phobia,Social Phobia Raw,20,0.19211062972137574,-0.27367616991883437,0.584906764605916,0.4171216656157839,0.27451105292537653,0.24148856219711856,P25,0.47473422928238945,0.0624200275616306,0.47473422928238945,1,P25,False,0.9184947170719983,1.0,1.0,0.906217489216125,1.0,1.0
Workbook QC flags honored and P27 omitted; raw RCADS scores,Happy Caucasian,LOT,Panic Disorder,Panic Disorder Raw,20,0.3030888784389954,-0.16102971236279653,0.6574327270817224,0.19394786422538918,0.27422634393814344,0.2419967655798488,P35,0.2192084303739791,0.2192084303739791,0.3799900531941192,1,P25,False,0.9042319675020141,1.0,1.0,0.906217489216125,1.0,1.0
Workbook QC flags honored and P27 omitted; raw RCADS scores,Happy Caucasian,LOT,Major Depression,Major Depression Raw,20,0.4531843552939204,0.013338528213325901,0.7460830373115529,0.04478159540597012,0.40999237841407393,0.07259528530903706,P25,0.32111560497121255,0.32111560497121255,0.5845621732431052,1,P25,False,0.9042319675020141,1.0,1.0,0.875761597867186,1.0,1.0
Workbook QC flags honored and P27 omitted; raw RCADS scores,Happy Caucasian,LOT,Separation Anxiety,Separation Anxiety Raw,20,0.30285759610853036,-0.16127775686469806,0.6572881125299677,0.19430527660478214,0.31661223532668004,0.17381156374110582,P14,0.43643062683062633,0.17657902780507345,0.43643062683062633,1,P25,False,0.9042319675020141,1.0,1.0,0.8892075277721484,1.0,1.0
Workbook QC flags honored and P27 omitted; raw RCADS scores,Happy Caucasian,LOT,Generalized Anxiety,Generalized Anxiety Raw,20,0.4714044693653329,0.036497240605918274,0.7561811243285327,0.035888021805383245,0.5259641362795225,0.01721847693575744,P16,0.5898897729157139,0.38973697998872003,0.5898897729157139,1,P25,False,0.9042319675020141,1.0,1.0,0.649640288381055,1.0,1.0
Workbook QC flags honored and P27 omitted; raw RCADS scores,Happy Caucasian,LOT,Obsessive Compulsive,Obsessive Compulsive Raw,20,0.19552525315288452,-0.2703908211512021,0.5872360319489479,0.40872979837335144,0.2579218407988407,0.2722485741665087,P30,0.5103646901755422,0.05804287832021358,0.5103646901755422,1,P25,False,0.9184947170719983,1.0,1.0,0.906217489216125,1.0,1.0
Workbook QC flags honored and P27 omitted; raw RCADS scores,Happy Caucasian,ROT,Social Phobia,Social Phobia Raw,20,0.060774425432576204,-0.39229676483718623,0.4901141051699222,0.7990893408244989,0.12141835033237809,0.6101009452791014,P24,0.21533301851899822,-0.054384741041007476,0.21533301851899822,0,,False,0.9907727376092484,1.0,1.0,0.93848099977864,1.0,1.0
Workbook QC flags honored and P27 omitted; raw RCADS scores,Happy Caucasian,ROT,Panic Disorder,Panic Disorder Raw,20,0.025715325608067018,-0.42160311704017106,0.4629677358529267,0.9143013233965813,0.07292445711374451,0.7599581062096813,P24,0.21064382624196373,-0.07906519431841617,0.21064382624196373,0,,False,0.9907727376092484,1.0,1.0,0.9588833612899182,1.0,1.0
Workbook QC flags honored and P27 omitted; raw RCADS scores,Happy Caucasian,ROT,Major Depression,Major Depression Raw,20,-0.06535515184962104,-0.4936005073535306,0.3883985085844766,0.7842767684050789,-0.06127192371132839,0.7974772964227572,P31,-0.2262682170576733,-0.2262682170576733,0.03181838413764462,0,,False,0.9907727376092484,1.0,1.0,0.9588833612899182,1.0,1.0
Workbook QC flags honored and P27 omitted; raw RCADS scores,Happy Caucasian,ROT,Separation Anxiety,Separation Anxiety Raw,20,-0.28904560240945804,-0.648604265225811,0.1759852177037519,0.21645432689361632,-0.28965012282927416,0.21545161558024314,P23,-0.42282953246951194,-0.42282953246951194,-0.19276126396283563,0,,False,0.9042319675020141,1.0,1.0,0.8892075277721484,1.0,1.0
Workbook QC flags honored and P27 omitted; raw RCADS scores,Happy Caucasian,ROT,Generalized Anxiety,Generalized Anxiety Raw,20,-0.0053071341415401145,-0.4467786489730928,0.43824286890401404,0.9822836201178617,-0.12196269826771539,0.6084881137557879,P16,-0.2374369503950358,-0.2374369503950358,0.12649069526889484,0,,False,0.9907727376092484,1.0,1.0,0.93848099977864,1.0,1.0
Workbook QC flags honored and P27 omitted; raw RCADS scores,Happy Caucasian,ROT,Obsessive Compulsive,Obsessive Compulsive Raw,20,-0.1928974918576306,-0.5854440935268637,0.2729200602109565,0.4151796719537212,-0.25178084458934447,0.28422887348206793,P30,-0.30304528706576095,-0.30304528706576095,-0.1054654187698278,0,,False,0.9184947170719983,1.0,1.0,0.906217489216125,1.0,1.0
Workbook QC flags honored and P27 omitted; raw RCADS scores,Happy Caucasian,O,Social Phobia,Social Phobia Raw,20,-0.1782925606360241,-0.5754142178165033,0.2868610299229684,0.45201201323742046,0.04072416719222619,0.8646427563845133,P25,0.13432155582911223,-0.26689054105238597,0.13432155582911223,1,P25,False,0.943653329209688,1.0,1.0,0.9615863732056308,1.0,1.0
Workbook QC flags honored and P27 omitted; raw RCADS scores,Happy Caucasian,O,Panic Disorder,Panic Disorder Raw,20,0.30604398263340904,-0.15785526835853056,0.6592781787375495,0.18941996933910465,0.28789967964697055,0.21836346540086363,P25,0.4628410604661251,0.1748570659702262,0.4628410604661251,1,P25,False,0.9042319675020141,1.0,1.0,0.8892075277721484,1.0,1.0
Workbook QC flags honored and P27 omitted; raw RCADS scores,Happy Caucasian,O,Major Depression,Major Depression Raw,20,0.4157017074896454,-0.032864766913407645,0.7248766189657136,0.06832039322534256,0.22390727677226177,0.34262445600306546,P25,0.22096307436534335,0.22096307436534335,0.5172950698216655,1,P25,False,0.9042319675020141,1.0,1.0,0.9233858779801496,1.0,1.0
Workbook QC flags honored and P27 omitted; raw RCADS scores,Happy Caucasian,O,Separation Anxiety,Separation Anxiety Raw,20,0.3761263496207713,-0.07965200987058857,0.7018316556799906,0.10216515951140345,0.38902476603399855,0.09002164267339242,P25,0.25364993488546267,0.25364993488546267,0.42705383183742346,1,P25,False,0.9042319675020141,1.0,1.0,0.8892075277721484,1.0,1.0
Workbook QC flags honored and P27 omitted; raw RCADS scores,Happy Caucasian,O,Generalized Anxiety,Generalized Anxiety Raw,20,0.164407418681992,-0.299934724270713,0.5657665884653712,0.4885317175779197,0.33234835277952446,0.1522358494738793,P29,0.3219331114743328,0.09959000698683244,0.3219331114743328,1,P25,False,0.9440151919593346,1.0,1.0,0.8892075277721484,1.0,1.0
Workbook QC flags honored and P27 omitted; raw RCADS scores,Happy Caucasian,O,Obsessive Compulsive,Obsessive Compulsive Raw,20,0.06603414815737495,-0.3878192887039055,0.49411612443245123,0.7820870523918875,0.1450810354493479,0.5416711547634422,P25,-0.11283032566418552,-0.11283032566418552,0.22052320882097032,1,P25,False,0.9907727376092484,1.0,1.0,0.93848099977864,1.0,1.0
Workbook QC flags honored and P27 omitted; raw RCADS scores,Happy Caucasian,Frontal,Social Phobia,Social Phobia Raw,20,0.20741054036408732,-0.2588702530715364,0.595293240525034,0.38024742001936807,0.15761761005880137,0.5069028338175416,P31,0.11899571990415454,0.11899571990415454,0.29309261306881196,0,,False,0.9042319675020141,1.0,1.0,0.93848099977864,1.0,1.0
Workbook QC flags honored and P27 omitted; raw RCADS scores,Happy Caucasian,Frontal,Panic Disorder,Panic Disorder Raw,20,0.3183864304912766,-0.1444922409350455,0.6669402575443788,0.17128006695904613,0.45425859743770025,0.04421429447263172,P35,0.5922954377247301,0.24242263110256654,0.5922954377247301,0,,False,0.9042319675020141,1.0,1.0,0.875761597867186,1.0,1.0
Workbook QC flags honored and P27 omitted; raw RCADS scores,Happy Caucasian,Frontal,Major Depression,Major Depression Raw,20,0.2663286946566071,-0.1997316582705502,0.6341152062982273,0.25636813317542306,0.21634284174617188,0.35959725766365314,P15,0.37665484114327236,0.1661797712547078,0.37665484114327236,0,,False,0.9042319675020141,1.0,1.0,0.9233858779801496,1.0,1.0
Workbook QC flags honored and P27 omitted; raw RCADS scores,Happy Caucasian,Frontal,Separation Anxiety,Separation Anxiety Raw,20,0.3604177699424338,-0.09768264756029141,0.6924914594740766,0.11851086559617878,0.3720771524642006,0.10621189252519551,P14,0.23300537342084862,0.23300537342084862,0.4492005434543971,0,,False,0.9042319675020141,1.0,1.0,0.8892075277721484,1.0,1.0
Workbook QC flags honored and P27 omitted; raw RCADS scores,Happy Caucasian,Frontal,Generalized Anxiety,Generalized Anxiety Raw,20,0.3673421485379896,-0.08977159264533432,0.6966224062104137,0.11108976468907383,0.41162410665353943,0.07135364934450161,P29,0.4861955198765557,0.32389682746027015,0.4861955198765557,0,,False,0.9042319675020141,1.0,1.0,0.875761597867186,1.0,1.0
Workbook QC flags honored and P27 omitted; raw RCADS scores,Happy Caucasian,Frontal,Obsessive Compulsive,Obsessive Compulsive Raw,20,0.2981850345396265,-0.1662764343802156,0.6543608858350097,0.201620725051387,0.32470517457711195,0.16246941082332186,P30,0.1260398579336597,0.1260398579336597,0.41959172087414875,0,,False,0.9042319675020141,1.0,1.0,0.8892075277721484,1.0,1.0
Workbook QC flags honored and P27 omitted; raw RCADS scores,Happy Caucasian,PO,Social Phobia,Social Phobia Raw,20,0.046534436607062996,-0.4043121248972993,0.47918757014749014,0.8455391886555499,0.09653135927046208,0.6855862261599738,P22,0.1806494820446986,-0.03568663542598901,0.1806494820446986,0,,False,0.9907727376092484,1.0,1.0,0.9588833612899182,1.0,1.0
Workbook QC flags honored and P27 omitted; raw RCADS scores,Happy Caucasian,PO,Panic Disorder,Panic Disorder Raw,20,0.43457489858383935,-0.009837769519962547,0.7356281840017825,0.055526028337658004,0.4200752581656325,0.06517568033951504,P35,0.320092952763206,0.320092952763206,0.5271076918435669,0,,False,0.9042319675020141,1.0,1.0,0.875761597867186,1.0,1.0
Workbook QC flags honored and P27 omitted; raw RCADS scores,Happy Caucasian,PO,Major Depression,Major Depression Raw,20,0.0664891643783779,-0.38743093503316955,0.4944614867887935,0.7806205382941199,0.06278481071654639,0.7925799596405539,P21,-0.043304318276050704,-0.043304318276050704,0.17570071501902948,0,,False,0.9907727376092484,1.0,1.0,0.9588833612899182,1.0,1.0
Workbook QC flags honored and P27 omitted; raw RCADS scores,Happy Caucasian,PO,Separation Anxiety,Separation Anxiety Raw,20,0.09957835331321974,-0.3587509662382178,0.5192194744916871,0.6761705808513339,0.06702010820783738,0.7789102115783193,P14,-0.16146686063016588,-0.16146686063016588,0.22606062630110552,0,,False,0.9907727376092484,1.0,1.0,0.9588833612899182,1.0,1.0
Workbook QC flags honored and P27 omitted; raw RCADS scores,Happy Caucasian,PO,Generalized Anxiety,Generalized Anxiety Raw,20,0.3246441206362881,-0.1376519900795006,0.6707970160301735,0.16255301721257814,0.31786528236023326,0.172021031775172,P22,0.43934535692588506,0.2521357529627837,0.43934535692588506,0,,False,0.9042319675020141,1.0,1.0,0.8892075277721484,1.0,1.0
Workbook QC flags honored and P27 omitted; raw RCADS scores,Happy Caucasian,PO,Obsessive Compulsive,Obsessive Compulsive Raw,20,0.19572007325363747,-0.2702030489836404,0.5873687321032799,0.40825379173209686,0.16120115049927544,0.4971657654863203,P30,0.07052867273888122,0.07052867273888122,0.29297856890256196,0,,False,0.9184947170719983,1.0,1.0,0.93848099977864,1.0,1.0
Workbook QC flags honored and P27 omitted; raw RCADS scores,Happy Caucasian,CP,Social Phobia,Social Phobia Raw,20,-0.21391478022616622,-0.5996697800551875,0.2525089361404069,0.3651457155552257,0.175717239922013,0.4586767336669886,P25,0.28952183532796005,-0.27376020088330044,0.28952183532796005,1,P25,False,0.9042319675020141,1.0,1.0,0.93848099977864,1.0,1.0
Workbook QC flags honored and P27 omitted; raw RCADS scores,Happy Caucasian,CP,Panic Disorder,Panic Disorder Raw,20,0.12649683781763704,-0.3347631412474742,0.5388539348195988,0.5951221653796943,0.2506778213284968,0.2864147121560577,P25,0.2850345074104155,0.08992777441920859,0.2850345074104155,1,P25,False,0.9833320388452739,1.0,1.0,0.906217489216125,1.0,1.0
Workbook QC flags honored and P27 omitted; raw RCADS scores,Happy Caucasian,CP,Major Depression,Major Depression Raw,20,0.4281942425218654,-0.017675844368013095,0.7320101839533633,0.05962848989310117,0.33888668916882864,0.14384457620202704,P25,0.28183688564597664,0.28183688564597664,0.48158188637828864,1,P25,False,0.9042319675020141,1.0,1.0,0.8892075277721484,1.0,1.0
Workbook QC flags honored and P27 omitted; raw RCADS scores,Happy Caucasian,CP,Separation Anxiety,Separation Anxiety Raw,20,0.36928373963450467,-0.08754293510158595,0.6977768147205825,0.10907044013586681,0.42446068531630343,0.062133140681893156,P14,0.45515750412394207,0.3201069205505269,0.45515750412394207,1,P25,False,0.9042319675020141,1.0,1.0,0.875761597867186,1.0,1.0
Workbook QC flags honored and P27 omitted; raw RCADS scores,Happy Caucasian,CP,Generalized Anxiety,Generalized Anxiety Raw,20,0.2258953106171504,-0.24068517236160783,0.6076712291328342,0.33824282452619525,0.358265426161414,0.1208882636391048,P25,0.3504349884163413,0.2031415422407565,0.3504349884163413,1,P25,False,0.9042319675020141,1.0,1.0,0.8892075277721484,1.0,1.0
Workbook QC flags honored and P27 omitted; raw RCADS scores,Happy Caucasian,CP,Obsessive Compulsive,Obsessive Compulsive Raw,20,0.2445827622996702,-0.22196157732265528,0.6199991988882181,0.2986795602519756,0.27173908227020716,0.24646573321769313,P30,0.3535277607993168,0.2236010030900034,0.3535277607993168,1,P25,False,0.9042319675020141,1.0,1.0,0.906217489216125,1.0,1.0
