Variant,Condition,ROI,RCADS Scale,Score Column,N,Pearson r,Pearson CI 95% Low,Pearson CI 95% High,Pearson p,Spearman rho,Spearman p,Most Influential PID,Pearson r Without Most Influential PID,Leave-One-Out r Minimum,Leave-One-Out r Maximum,BCA MAD-Outlier Count,BCA MAD-Outlier PIDs,Descriptive Only (N < 20),Pearson_q_bh,Pearson_q_by,Pearson_p_holm,Spearman_q_bh,Spearman_q_by,Spearman_p_holm
All audit data; RCADS T scores,Angry Neutral,LOT,Social Phobia,Social Phobia T,13,0.3149752526971152,-0.28556974636705584,0.7379003571833268,0.29453920338589823,0.2692307692307692,0.37373304228189164,P8,0.1376445758148226,0.1376445758148226,0.4654673932755332,3,P11; P4; P8,True,0.7875559048622089,1.0,1.0,0.9844634883820393,1.0,1.0
All audit data; RCADS T scores,Angry Neutral,LOT,Panic Disorder,Panic Disorder T,13,0.5141588186661312,-0.05138296722552232,0.8300079019675897,0.07224859507248631,0.2889067231876921,0.3383958355073424,P8,0.08371179678651619,0.08371179678651619,0.679230089708113,3,P11; P4; P8,True,0.5348892207357069,1.0,1.0,0.947493832951765,1.0,1.0
All audit data; RCADS T scores,Angry Neutral,LOT,Major Depression,Major Depression T,13,0.43640191868101336,-0.1508571400173471,0.7959904796833182,0.1359937672295306,0.21517425595870956,0.4801957872242605,P8,0.2727931218839503,0.2727931218839503,0.5185622233686238,3,P11; P4; P8,True,0.6433143351611045,1.0,1.0,0.987801668201174,1.0,1.0
All audit data; RCADS T scores,Angry Neutral,LOT,Separation Anxiety,Separation Anxiety T,13,0.4498332055960672,-0.134484206750282,0.8020333508798508,0.12300055053157548,0.37345291387552554,0.20878224360202818,P8,0.1541753432590804,0.1541753432590804,0.5833458349614821,3,P11; P4; P8,True,0.6129586208055512,1.0,1.0,0.9045360698982794,1.0,1.0
All audit data; RCADS T scores,Angry Neutral,LOT,Generalized Anxiety,Generalized Anxiety T,13,0.516678584295156,-0.04796011342249459,0.8310723059656575,0.07062421124311057,0.39834977480056055,0.1776064247525439,P8,0.25364990868325105,0.25364990868325105,0.6010589974283455,3,P11; P4; P8,True,0.5348892207357069,1.0,1.0,0.885299717228065,1.0,1.0
All audit data; RCADS T scores,Angry Neutral,LOT,Obsessive Compulsive,Obsessive Compulsive T,13,0.4699711939447332,-0.109322993327194,0.8109605228613024,0.10511707621656305,0.3779342700813232,0.2029366669647055,P11,0.1810396486469041,0.1810396486469041,0.5978990500789338,3,P11; P4; P8,True,0.5918689559693144,1.0,1.0,0.9007052068022545,1.0,1.0
All audit data; RCADS T scores,Angry Neutral,ROT,Social Phobia,Social Phobia T,13,0.5070767147514909,-0.06093267924953949,0.8270038958117018,0.0769537139725843,0.6098901098901099,0.026877834421252016,P4,0.6976447223945651,0.43997263922522833,0.6976447223945651,0,,True,0.554066740602607,1.0,1.0,0.5066092385423435,1.0,1.0
All audit data; RCADS T scores,Angry Neutral,ROT,Panic Disorder,Panic Disorder T,13,0.6195292698400662,0.10406760218044088,0.8726381957300797,0.023930908449000865,0.8056052858118338,0.000886674246426557,P4,0.7269017593153742,0.5567231501284932,0.7269017593153742,0,,True,0.3462114282877582,1.0,1.0,0.14364122792110223,0.913486618321789,0.2863957815957779
All audit data; RCADS T scores,Angry Neutral,ROT,Major Depression,Major Depression T,13,0.29922740618732596,-0.3014594931863886,0.7298778225802707,0.32062439633212414,0.27310578640913136,0.3666243713942686,P6,0.18316873822096247,0.18316873822096247,0.39724048424750297,0,,True,0.7875559048622089,1.0,1.0,0.9844634883820393,1.0,1.0
All audit data; RCADS T scores,Angry Neutral,ROT,Separation Anxiety,Separation Anxiety T,13,0.41690926398307004,-0.1740593681113465,0.7870911645429736,0.1564110986162099,0.3568550065921688,0.23133304975131475,P8,0.2885787665378011,0.2885787665378011,0.5298889726628557,0,,True,0.6756959460220268,1.0,1.0,0.9045360698982794,1.0,1.0
All audit data; RCADS T scores,Angry Neutral,ROT,Generalized Anxiety,Generalized Anxiety T,13,0.32508630671349076,-0.27519050719919047,0.7429890600599421,0.27845490427156416,0.475806675456225,0.10028439562199336,P4,0.5808403517204591,0.1705514537063275,0.5808403517204591,0,,True,0.7875559048622089,1.0,1.0,0.8249890895342142,1.0,1.0
All audit data; RCADS T scores,Angry Neutral,ROT,Obsessive Compulsive,Obsessive Compulsive T,13,0.15887328820377042,-0.42972914841928317,0.6527214157451142,0.6041650381257518,0.12965628243665833,0.6729021239768895,P1,0.28671638669460286,0.09126687045459989,0.28671638669460286,0,,True,0.9105221075290739,1.0,1.0,0.987801668201174,1.0,1.0
All audit data; RCADS T scores,Angry Neutral,O,Social Phobia,Social Phobia T,13,-0.08489252399608685,-0.6074639819806726,0.48896383297378826,0.7827476853423625,0.005494505494505494,0.9857869107140623,P4,0.02512288359345288,-0.13994682366604666,0.02512288359345288,1,P4,True,0.9507113676090497,1.0,1.0,0.9919098107806094,1.0,1.0
All audit data; RCADS T scores,Angry Neutral,O,Panic Disorder,Panic Disorder T,13,-0.20488459813850327,-0.6791964932806355,0.3901433650020247,0.5019227523191632,0.0333353911370414,0.9139082725605309,P4,0.24153633491413837,-0.24321675045661656,0.24153633491413837,1,P4,True,0.8559103776389939,1.0,1.0,0.987801668201174,1.0,1.0
All audit data; RCADS T scores,Angry Neutral,O,Major Depression,Major Depression T,13,-0.04768345224071313,-0.5833426617516155,0.5168818246433254,0.8770674046591769,0.1986223901157319,0.5153593167094807,P4,0.2306324854625312,-0.10952810745828166,0.2306324854625312,1,P4,True,0.9654185072138425,1.0,1.0,0.987801668201174,1.0,1.0
All audit data; RCADS T scores,Angry Neutral,O,Separation Anxiety,Separation Anxiety T,13,-0.20670374836846617,-0.6802184737591321,0.3885317130192083,0.49804949954739935,-0.10235376158069957,0.7393364826335795,P4,0.05218680850158411,-0.2415333418812497,0.05218680850158411,1,P4,True,0.853799142081256,1.0,1.0,0.987801668201174,1.0,1.0
All audit data; RCADS T scores,Angry Neutral,O,Generalized Anxiety,Generalized Anxiety T,13,0.07021566453390768,-0.500118106347199,0.5980632169689089,0.8196955059517246,0.2600338807725881,0.3908932727563341,P4,0.24876490615437036,0.03595391682244696,0.24876490615437036,1,P4,True,0.9507113676090497,1.0,1.0,0.987801668201174,1.0,1.0
All audit data; RCADS T scores,Angry Neutral,O,Obsessive Compulsive,Obsessive Compulsive T,13,-0.08798603596250289,-0.6094269225463532,0.4865886009972062,0.7750106817431333,-0.09379390644354006,0.7605369827695672,P4,0.0694869747636157,-0.13627339909577924,0.0694869747636157,1,P4,True,0.9507113676090497,1.0,1.0,0.987801668201174,1.0,1.0
All audit data; RCADS T scores,Angry Neutral,Frontal,Social Phobia,Social Phobia T,13,0.15468140036890013,-0.43322658061687414,0.6502479081326528,0.6138601083717804,0.16483516483516483,0.5904789886520052,P6,0.024268032144130664,0.024268032144130664,0.2562953837094554,2,P1; P4,True,0.9105221075290739,1.0,1.0,0.987801668201174,1.0,1.0
All audit data; RCADS T scores,Angry Neutral,Frontal,Panic Disorder,Panic Disorder T,13,0.07875916822993273,-0.49364806262090577,0.6035531925123292,0.7981413738029834,0.333353911370414,0.265691879935396,P1,0.1978540882791216,-0.0395042545722563,0.1978540882791216,2,P1; P4,True,0.9507113676090497,1.0,1.0,0.9145245889174439,1.0,1.0
All audit data; RCADS T scores,Angry Neutral,Frontal,Major Depression,Major Depression T,13,-0.06718140942737028,-0.5961014389836781,0.5024007430257412,0.8273794629207458,0.01655186584297766,0.957199579153088,P6,-0.2682057285790041,-0.2682057285790041,0.0825443099440893,2,P1; P4,True,0.9507113676090497,1.0,1.0,0.987801668201174,1.0,1.0
All audit data; RCADS T scores,Angry Neutral,Frontal,Separation Anxiety,Separation Anxiety T,13,-0.10556630994705524,-0.6204621311018264,0.4729270217655197,0.7314225757110426,-0.15491380131132906,0.6133210732173398,P1,0.09813300626925534,-0.2521888320618926,0.09813300626925534,2,P1; P4,True,0.9507113676090497,1.0,1.0,0.987801668201174,1.0,1.0
All audit data; RCADS T scores,Angry Neutral,Frontal,Generalized Anxiety,Generalized Anxiety T,13,-0.016781788127825666,-0.5625653194781955,0.5391891362908819,0.9566055364810856,0.04702740396951061,0.8787474759008751,P7,0.14201229655739925,-0.15955948834182354,0.14201229655739925,2,P1; P4,True,0.9828367874610893,1.0,1.0,0.987801668201174,1.0,1.0
All audit data; RCADS T scores,Angry Neutral,Frontal,Obsessive Compulsive,Obsessive Compulsive T,13,-0.24384655608345537,-0.7006900394289546,0.3548094820140931,0.4220656703852793,-0.24551934333750192,0.418787993709676,P1,0.04891766697804072,-0.3390889958239023,0.04891766697804072,2,P1; P4,True,0.8302191086895871,1.0,1.0,0.987801668201174,1.0,1.0
All audit data; RCADS T scores,Angry Neutral,PO,Social Phobia,Social Phobia T,13,0.1214358551677459,-0.46035126029414164,0.6302514302271164,0.6926998334493939,0.19230769230769232,0.5290679872349875,P7,0.18980588201475224,0.05651565033993883,0.18980588201475224,1,P4,True,0.9507113676090497,1.0,1.0,0.987801668201174,1.0,1.0
All audit data; RCADS T scores,Angry Neutral,PO,Panic Disorder,Panic Disorder T,13,0.29877539008269915,-0.3019107090708634,0.7296457840194682,0.3213915880432439,0.427804186258698,0.14476922075686519,P8,0.21585051876033584,0.21585051876033584,0.3611688317064221,1,P4,True,0.7875559048622089,1.0,1.0,0.8528223186404421,1.0,1.0
All audit data; RCADS T scores,Angry Neutral,PO,Major Depression,Major Depression T,13,0.09437952561373543,-0.48165254258779233,0.6134636554060935,0.759081465208372,0.16276001412261362,0.5952288234977063,P7,0.21943403487770363,0.017366942119200684,0.21943403487770363,1,P4,True,0.9507113676090497,1.0,1.0,0.987801668201174,1.0,1.0
All audit data; RCADS T scores,Angry Neutral,PO,Separation Anxiety,Separation Anxiety T,13,0.23772501504947516,-0.3604765880360718,0.697367090936081,0.43416919191748865,0.01383158940279724,0.9642293357429421,P7,0.37830993750580866,0.12062773506145563,0.37830993750580866,1,P4,True,0.8396568351839072,1.0,1.0,0.987801668201174,1.0,1.0
All audit data; RCADS T scores,Angry Neutral,PO,Generalized Anxiety,Generalized Anxiety T,13,-0.0017483702527890804,-0.5522017218455698,0.549766536357901,0.9954771627933642,0.19917488740028028,0.5141674591224712,P4,0.14836518139378965,-0.1395481878064728,0.14836518139378965,1,P4,True,0.9954771627933642,1.0,1.0,0.987801668201174,1.0,1.0
All audit data; RCADS T scores,Angry Neutral,PO,Obsessive Compulsive,Obsessive Compulsive T,13,0.027867742794777547,-0.5312751384770472,0.5700993311261828,0.9279928647048838,-0.15724272550828777,0.6079292395803791,P4,-0.17878913725683448,-0.17878913725683448,0.09665620195914895,1,P4,True,0.9828367874610893,1.0,1.0,0.987801668201174,1.0,1.0
All audit data; RCADS T scores,Angry Neutral,CP,Social Phobia,Social Phobia T,13,0.20978734066056515,-0.3857915011814817,0.6819466104478472,0.4915153191935477,0.0879120879120879,0.7751954088891221,P8,0.09020075759883146,0.09020075759883146,0.29653707587409117,2,P11; P4,True,0.853799142081256,1.0,1.0,0.987801668201174,1.0,1.0
All audit data; RCADS T scores,Angry Neutral,CP,Panic Disorder,Panic Disorder T,13,0.3472913422955631,-0.2518946028846645,0.7539974111671693,0.24497170048328606,0.2666831290963312,0.3784460937891163,P8,0.0974259250422958,0.0974259250422958,0.4605060774225684,2,P11; P4,True,0.7559126757769971,1.0,1.0,0.9844634883820393,1.0,1.0
All audit data; RCADS T scores,Angry Neutral,CP,Major Depression,Major Depression T,13,0.25358788539218574,-0.3456996815771781,0.705937361903695,0.4031599686309067,0.29517494086643487,0.3275390514585236,P8,0.12234455121844948,0.12234455121844948,0.382358837397227,2,P11; P4,True,0.8302191086895871,1.0,1.0,0.9458362907705355,1.0,1.0
All audit data; RCADS T scores,Angry Neutral,CP,Separation Anxiety,Separation Anxiety T,13,0.26686842788139803,-0.3330954180754338,0.7130120269727727,0.37810224571157625,0.160446437072448,0.6005419005682278,P8,0.06940838589836354,0.06940838589836354,0.3958007688550449,2,P11; P4,True,0.8017218136719042,1.0,1.0,0.987801668201174,1.0,1.0
All audit data; RCADS T scores,Angry Neutral,CP,Generalized Anxiety,Generalized Anxiety T,13,0.278488493457654,-0.3218883430738661,0.7191285113743003,0.3568707366429613,0.2683328344142665,0.3753906317584065,P8,0.08112736471004364,0.08112736471004364,0.4503067114031047,2,P11; P4,True,0.8014192172330504,1.0,1.0,0.9844634883820393,1.0,1.0
All audit data; RCADS T scores,Angry Neutral,CP,Obsessive Compulsive,Obsessive Compulsive T,13,0.3695479319925168,-0.22782633922115406,0.7648067428093025,0.21396013718471524,0.3200027396309014,0.28647643009961093,P11,0.10909075057864528,0.10909075057864528,0.4511510518531311,2,P11; P4,True,0.7476056371126593,1.0,1.0,0.9261514292354571,1.0,1.0
All audit data; RCADS T scores,Neutral Angry,LOT,Social Phobia,Social Phobia T,35,-0.04462086063886567,-0.3723309381169127,0.29298225612798956,0.7990937201659034,0.12677053989404313,0.468033206685719,P25,0.2599759260661023,-0.09798512183048477,0.2599759260661023,1,P25,False,0.9507113676090497,1.0,1.0,0.987801668201174,1.0,1.0
All audit data; RCADS T scores,Neutral Angry,LOT,Panic Disorder,Panic Disorder T,35,0.10934312076837308,-0.23237059395775242,0.42702947266658736,0.5317946281009671,0.12046296066404698,0.4906326586520533,P35,0.20353578503859746,0.030495391436867487,0.20353578503859746,1,P25,False,0.8844948430947059,1.0,1.0,0.987801668201174,1.0,1.0
All audit data; RCADS T scores,Neutral Angry,LOT,Major Depression,Major Depression T,35,0.1031635524494366,-0.23827461049270823,0.42190545274627234,0.5553679610804045,-0.0060338282681981735,0.9725578152968349,P25,-0.12589206449914592,-0.12589206449914592,0.1885368714121726,1,P25,False,0.886400095517493,1.0,1.0,0.987801668201174,1.0,1.0
All audit data; RCADS T scores,Neutral Angry,LOT,Separation Anxiety,Separation Anxiety T,35,0.12411061018837927,-0.2181588609436713,0.43919240629067685,0.4774957910133029,0.23028933984581423,0.18322153700830882,P27,0.3435157862584963,0.03555492269836201,0.3435157862584963,1,P25,False,0.853799142081256,1.0,1.0,0.8875582426048279,1.0,1.0
All audit data; RCADS T scores,Neutral Angry,LOT,Generalized Anxiety,Generalized Anxiety T,35,0.09484111754985208,-0.24618626064398066,0.41497226663335535,0.5878636094536009,0.08308226018082894,0.6351488599806145,P27,0.22659972619329133,0.017760927232632433,0.22659972619329133,1,P25,False,0.9029082457249613,1.0,1.0,0.987801668201174,1.0,1.0
All audit data; RCADS T scores,Neutral Angry,LOT,Obsessive Compulsive,Obsessive Compulsive T,35,0.21010511778837634,-0.13241252892233848,0.5077973168877106,0.22572884283015332,0.19089933759448194,0.2719860187441978,P30,0.2866790415713247,0.1651414829165574,0.2866790415713247,1,P25,False,0.7476056371126593,1.0,1.0,0.9179528132616677,1.0,1.0
All audit data; RCADS T scores,Neutral Angry,ROT,Social Phobia,Social Phobia T,35,-0.22205094996413652,-0.5170378748739032,0.12008133890380193,0.1998294002540248,0.01724864646788419,0.9216578990411077,P27,0.07946021272031895,-0.2565445572413422,0.07946021272031895,1,P27,False,0.7274688278910566,1.0,1.0,0.987801668201174,1.0,1.0
All audit data; RCADS T scores,Neutral Angry,ROT,Panic Disorder,Panic Disorder T,35,-0.1568329049382669,-0.46573810230750723,0.18614217885891857,0.368266606165132,0.09977598026963705,0.5684936834477037,P27,0.053114877329666195,-0.20391826069374647,0.053114877329666195,1,P27,False,0.8014192172330504,1.0,1.0,0.987801668201174,1.0,1.0
All audit data; RCADS T scores,Neutral Angry,ROT,Major Depression,Major Depression T,35,-0.28977316081487114,-0.5681552771166357,0.04812014950966177,0.09131405325587956,-0.061320533795409346,0.7263899851034965,P27,0.05226650354688642,-0.3278927010374471,0.05226650354688642,1,P27,False,0.5917150650980996,1.0,1.0,0.987801668201174,1.0,1.0
All audit data; RCADS T scores,Neutral Angry,ROT,Separation Anxiety,Separation Anxiety T,35,-0.5730402287614422,-0.7609692818403407,-0.2963942126280056,0.0003207920368884819,-0.06389124977429603,0.7153867084854539,P27,0.06063219250344039,-0.6286977209633097,0.06063219250344039,1,P27,False,0.014848088564552591,0.09442644293479312,0.10201186773053723,0.987801668201174,1.0,1.0
All audit data; RCADS T scores,Neutral Angry,ROT,Generalized Anxiety,Generalized Anxiety T,35,-0.41745251816564055,-0.6590197831412499,-0.09781322171921776,0.012592546208296702,-0.02267159981205671,0.8971421850238871,P27,0.06334023505295568,-0.5355454932188305,0.06334023505295568,1,P27,False,0.22666583174934066,1.0,1.0,0.987801668201174,1.0,1.0
All audit data; RCADS T scores,Neutral Angry,ROT,Obsessive Compulsive,Obsessive Compulsive T,35,-0.04152173732067357,-0.36965339688965837,0.29581803412607494,0.8127912294927203,-0.0618446078893366,0.7241423667193752,P27,0.006613547940347242,-0.08759824334005986,0.006613547940347242,1,P27,False,0.9507113676090497,1.0,1.0,0.987801668201174,1.0,1.0
All audit data; RCADS T scores,Neutral Angry,O,Social Phobia,Social Phobia T,35,-0.03972800017786278,-0.3681011727778642,0.29745663788933646,0.8207444987895147,-0.09157208246771038,0.6008529387128896,P4,-0.1083973610784933,-0.1083973610784933,0.01713230631753946,2,P29; P4,False,0.9507113676090497,1.0,1.0,0.987801668201174,1.0,1.0
All audit data; RCADS T scores,Neutral Angry,O,Panic Disorder,Panic Disorder T,35,0.015360405520651994,-0.3195217074145265,0.346831587833561,0.9302119751519065,-0.17408023638017073,0.31724597133741106,P4,-0.21709239264769187,-0.21709239264769187,0.07292390717821066,2,P29; P4,False,0.9828367874610893,1.0,1.0,0.9261514292354571,1.0,1.0
All audit data; RCADS T scores,Neutral Angry,O,Major Depression,Major Depression T,35,-0.09863929330035666,-0.41814103862535235,0.24258118685460375,0.5729294276237143,-0.2301274037173257,0.18353827856334404,P4,-0.23436071657534735,-0.23436071657534735,-0.058493289315670834,2,P29; P4,False,0.8924477622600167,1.0,1.0,0.8875582426048279,1.0,1.0
All audit data; RCADS T scores,Neutral Angry,O,Separation Anxiety,Separation Anxiety T,35,0.010844247561751511,-0.32357162272634543,0.3428517915650295,0.9507004414074793,-0.08411177717539191,0.6309480596554472,P4,-0.10469187110964956,-0.10469187110964956,0.08051068571600475,2,P29; P4,False,0.9828367874610893,1.0,1.0,0.987801668201174,1.0,1.0
All audit data; RCADS T scores,Neutral Angry,O,Generalized Anxiety,Generalized Anxiety T,35,-0.1252393943653937,-0.4401173780981037,0.2170665519866207,0.4734680481575838,-0.18010544198522072,0.3005203531089758,P16,-0.2536600063813411,-0.2536600063813411,-0.0377773028148705,2,P29; P4,False,0.853799142081256,1.0,1.0,0.9261514292354571,1.0,1.0
All audit data; RCADS T scores,Neutral Angry,O,Obsessive Compulsive,Obsessive Compulsive T,35,-0.12336266919469673,-0.4385791447503062,0.2188821611162247,0.4801744171017656,-0.2761827694784073,0.10827547824728379,P4,-0.26491761439070854,-0.26491761439070854,-0.04003056171620564,2,P29; P4,False,0.853799142081256,1.0,1.0,0.8249890895342142,1.0,1.0
All audit data; RCADS T scores,Neutral Angry,Frontal,Social Phobia,Social Phobia T,35,-0.07239271165046371,-0.39608388265387806,0.2673024020540018,0.6794087803814268,-0.01640724907920691,0.9254685719925484,P27,-0.023392520588562705,-0.11644795836703949,-0.023392520588562705,3,P1; P16; P27,False,0.9507113676090497,1.0,1.0,0.987801668201174,1.0,1.0
All audit data; RCADS T scores,Neutral Angry,Frontal,Panic Disorder,Panic Disorder T,35,0.011068565528755483,-0.3233707518449457,0.34304975008569105,0.9496819360162082,0.10653091264332193,0.5424622125597304,P1,-0.09902537253935137,-0.09902537253935137,0.04812681299835149,3,P1; P16; P27,False,0.9828367874610893,1.0,1.0,0.987801668201174,1.0,1.0
All audit data; RCADS T scores,Neutral Angry,Frontal,Major Depression,Major Depression T,35,0.04553303850310907,-0.2921464568548786,0.37311799223255876,0.7950730863479363,0.10860890882756714,0.5345699135815171,P1,-0.0775352424063237,-0.0775352424063237,0.11585833168457456,3,P1; P16; P27,False,0.9507113676090497,1.0,1.0,0.987801668201174,1.0,1.0
All audit data; RCADS T scores,Neutral Angry,Frontal,Separation Anxiety,Separation Anxiety T,35,0.008420240856932708,-0.3257403363542336,0.3407107455557875,0.9617111018467533,0.056448972328059344,0.74738817785642,P1,-0.1938079574149914,-0.1938079574149914,0.16722566779730258,3,P1; P16; P27,False,0.9828367874610893,1.0,1.0,0.987801668201174,1.0,1.0
All audit data; RCADS T scores,Neutral Angry,Frontal,Generalized Anxiety,Generalized Anxiety T,35,0.0368832215117657,-0.30005131561551024,0.36563566277554305,0.8333938118958734,0.12758055546412037,0.465171423160205,P16,-0.09443404794368596,-0.09443404794368596,0.144083926202946,3,P1; P16; P27,False,0.9507113676090497,1.0,1.0,0.987801668201174,1.0,1.0
All audit data; RCADS T scores,Neutral Angry,Frontal,Obsessive Compulsive,Obsessive Compulsive T,35,0.16233875586880275,-0.18068250046718612,0.4701506980057554,0.35147586873226844,0.039111772569283644,0.8234809006333879,P1,-0.028141382057326678,-0.028141382057326678,0.2265284190114199,3,P1; P16; P27,False,0.8014192172330504,1.0,1.0,0.987801668201174,1.0,1.0
All audit data; RCADS T scores,Neutral Angry,PO,Social Phobia,Social Phobia T,35,0.23414890975691993,-0.10748458321405754,0.526326553810108,0.17578632687874052,0.1099425921204976,0.5295338314666261,P13,0.1656305981173763,0.1656305981173763,0.28058214537737813,2,P16; P4,False,0.7119346238588992,1.0,1.0,0.987801668201174,1.0,1.0
All audit data; RCADS T scores,Neutral Angry,PO,Panic Disorder,Panic Disorder T,35,0.15980575078110187,-0.18319689190890198,0.46812256206513575,0.35914227138420507,0.1054050905810411,0.5467611278088846,P13,0.038851639416560536,0.038851639416560536,0.24804675517463923,2,P16; P4,False,0.8014192172330504,1.0,1.0,0.987801668201174,1.0,1.0
All audit data; RCADS T scores,Neutral Angry,PO,Major Depression,Major Depression T,35,0.13483096924032845,-0.20775019777415635,0.4479502342141465,0.43997361116066447,0.13611194000354018,0.4356008338015359,P13,0.0722266440450159,0.0722266440450159,0.1841843401512495,2,P16; P4,False,0.8434997042370136,1.0,1.0,0.987801668201174,1.0,1.0
All audit data; RCADS T scores,Neutral Angry,PO,Separation Anxiety,Separation Anxiety T,35,0.11451654175429049,-0.22740841784280513,0.43130357498186245,0.5124389708984938,0.08635850244218035,0.621820143917146,P27,0.2434670123755746,0.03993517072882686,0.2434670123755746,2,P16; P4,False,0.8692682019429947,1.0,1.0,0.987801668201174,1.0,1.0
All audit data; RCADS T scores,Neutral Angry,PO,Generalized Anxiety,Generalized Anxiety T,35,0.23979190263741165,-0.10157117666895281,0.5306354614156092,0.16530560066611155,0.09702318180439176,0.5792628712312056,P16,0.03177397708675196,0.03177397708675196,0.334911388878407,2,P16; P4,False,0.6847519185901613,1.0,1.0,0.987801668201174,1.0,1.0
All audit data; RCADS T scores,Neutral Angry,PO,Obsessive Compulsive,Obsessive Compulsive T,35,0.025515006018733993,-0.3103705534314946,0.3557367961631055,0.8843238048395309,-0.028380744716339397,0.8714339109324282,P30,0.11944765634303292,-0.049879585639100714,0.11944765634303292,2,P16; P4,False,0.9659998841360268,1.0,1.0,0.987801668201174,1.0,1.0
All audit data; RCADS T scores,Neutral Angry,CP,Social Phobia,Social Phobia T,35,-0.1930647971548157,-0.4944963483616063,0.14982095441830579,0.26648220182205246,-0.17781531480713134,0.30681032130973146,P25,-0.010470785013537034,-0.2676996655602556,-0.010470785013537034,1,P25,False,0.7708949409852233,1.0,1.0,0.9261514292354571,1.0,1.0
All audit data; RCADS T scores,Neutral Angry,CP,Panic Disorder,Panic Disorder T,35,0.04881418250916591,-0.2891357793550624,0.3759451677588698,0.7806542478158314,0.02434590209682258,0.8895909420901097,P35,0.10765199288339927,0.005343830404212738,0.10765199288339927,1,P25,False,0.9507113676090497,1.0,1.0,0.987801668201174,1.0,1.0
All audit data; RCADS T scores,Neutral Angry,CP,Major Depression,Major Depression T,35,0.20383548484043568,-0.13884226354792148,0.5029199491486205,0.2401978907948853,0.0788607322494738,0.6524904502519846,P25,0.05677621370470483,0.05677621370470483,0.2459039638123405,1,P25,False,0.7559126757769971,1.0,1.0,0.987801668201174,1.0,1.0
All audit data; RCADS T scores,Neutral Angry,CP,Separation Anxiety,Separation Anxiety T,35,0.11983992241420877,-0.22228380139661316,0.4356867753303851,0.49289487624798367,0.02092262904696727,0.9050396782095643,P27,0.22372069312346654,0.02789425988136339,0.22372069312346654,1,P25,False,0.853799142081256,1.0,1.0,0.987801668201174,1.0,1.0
All audit data; RCADS T scores,Neutral Angry,CP,Generalized Anxiety,Generalized Anxiety T,35,0.17025930111862447,-0.17279112207141153,0.4764716433100889,0.3281482936925871,0.07604139067397903,0.6641733165273271,P27,0.23797534433168543,0.11699028623571478,0.23797534433168543,1,P25,False,0.7875559048622089,1.0,1.0,0.987801668201174,1.0,1.0
All audit data; RCADS T scores,Neutral Angry,CP,Obsessive Compulsive,Obsessive Compulsive T,35,0.17301704802161302,-0.1700331548365518,0.4786650426303718,0.3202565685902917,0.053372743794906925,0.7607416274954734,P30,0.25159178076875754,0.09863658352269791,0.25159178076875754,1,P25,False,0.7875559048622089,1.0,1.0,0.987801668201174,1.0,1.0
All audit data; RCADS T scores,Neutral Fear,LOT,Social Phobia,Social Phobia T,12,-0.16177746508374455,-0.6731782827973242,0.4543036813867603,0.6154454986076148,-0.25874125874125875,0.41677476889913845,P4,-0.37564659672420553,-0.37564659672420553,0.015996596066057953,1,P4,True,0.9105221075290739,1.0,1.0,0.987801668201174,1.0,1.0
All audit data; RCADS T scores,Neutral Fear,LOT,Panic Disorder,Panic Disorder T,12,-0.084554118281032,-0.6279824203674337,0.5143045082564264,0.7938884319674713,-0.16313697954690864,0.612439283185475,P4,-0.42282483966788925,-0.42282483966788925,0.03709010836197234,1,P4,True,0.9507113676090497,1.0,1.0,0.987801668201174,1.0,1.0
All audit data; RCADS T scores,Neutral Fear,LOT,Major Depression,Major Depression T,12,0.06781405120255599,-0.526581372254541,0.6176765649796793,0.8341329215726132,0.1335695190804731,0.6789884575548799,P6,0.31499422701151814,-0.13332914528581088,0.31499422701151814,1,P4,True,0.9507113676090497,1.0,1.0,0.987801668201174,1.0,1.0
All audit data; RCADS T scores,Neutral Fear,LOT,Separation Anxiety,Separation Anxiety T,12,0.012713753294446475,-0.5653126354631398,0.5823661684184746,0.968718989887523,-0.144626434700972,0.6538245602386141,P4,-0.2362610532861207,-0.2362610532861207,0.12023214222135317,1,P4,True,0.9828367874610893,1.0,1.0,0.987801668201174,1.0,1.0
All audit data; RCADS T scores,Neutral Fear,LOT,Generalized Anxiety,Generalized Anxiety T,12,-0.08013015204596144,-0.6252772541264847,0.5175730034965564,0.8044831908943783,-0.014084856304079975,0.965347215766319,P6,0.1127436509945989,-0.2568925353007539,0.1127436509945989,1,P4,True,0.9507113676090497,1.0,1.0,0.987801668201174,1.0,1.0
All audit data; RCADS T scores,Neutral Fear,LOT,Obsessive Compulsive,Obsessive Compulsive T,12,0.324008557932228,-0.30697471033419005,0.7571237449500596,0.304217631899359,0.182457263513851,0.5703270385763173,P11,-0.03939465546407499,-0.03939465546407499,0.4309829799705707,1,P4,True,0.7875559048622089,1.0,1.0,0.987801668201174,1.0,1.0
All audit data; RCADS T scores,Neutral Fear,ROT,Social Phobia,Social Phobia T,12,0.18202211998297113,-0.43759152853778394,0.6844266230874911,0.5712625720821325,0.013986013986013986,0.9655902689187795,P12,-0.05908319392848788,-0.05908319392848788,0.2779193936380262,2,P10; P12,True,0.8924477622600167,1.0,1.0,0.987801668201174,1.0,1.0
All audit data; RCADS T scores,Neutral Fear,ROT,Panic Disorder,Panic Disorder T,12,-0.01190706330881752,-0.5818327362737984,0.5658613576059561,0.9707029999615696,0.0709291215421342,0.826613457894019,P12,-0.18522263441106437,-0.18522263441106437,0.1330860171608684,2,P10; P12,True,0.9828367874610893,1.0,1.0,0.987801668201174,1.0,1.0
All audit data; RCADS T scores,Neutral Fear,ROT,Major Depression,Major Depression T,12,0.6545119956848499,0.12910581346308064,0.8929854958603396,0.020919609210592285,0.5588829877314532,0.05889573034572001,P12,0.5541040439618412,0.5541040439618412,0.7410912323837233,2,P10; P12,True,0.32275968496342383,1.0,1.0,0.6155553752262349,1.0,1.0
All audit data; RCADS T scores,Neutral Fear,ROT,Separation Anxiety,Separation Anxiety T,12,0.3594180621464412,-0.2702225176106758,0.7737233036300647,0.25119306332607916,0.17990117487194077,0.5758312401599606,P10,0.1705913373133427,0.1705913373133427,0.4596901065329845,2,P10; P12,True,0.7677976652608457,1.0,1.0,0.987801668201174,1.0,1.0
All audit data; RCADS T scores,Neutral Fear,ROT,Generalized Anxiety,Generalized Anxiety T,12,0.44812292059706493,-0.16932559319146018,0.8129510352051679,0.14401286880651362,0.4436729735785192,0.14852484474790698,P12,0.32569515807175276,0.32569515807175276,0.5036687400456871,2,P10; P12,True,0.6571854858212735,1.0,1.0,0.857763877481694,1.0,1.0
All audit data; RCADS T scores,Neutral Fear,ROT,Obsessive Compulsive,Obsessive Compulsive T,12,0.4832628136471819,-0.1254247770652018,0.8276261886445445,0.11147510481481399,0.17894846998473848,0.577888141330583,P12,0.3478716045009447,0.3478716045009447,0.556776232455172,2,P10; P12,True,0.6019655659999955,1.0,1.0,0.987801668201174,1.0,1.0
All audit data; RCADS T scores,Neutral Fear,O,Social Phobia,Social Phobia T,12,0.16411917989847513,-0.45239250083705296,0.6744916044620041,0.6102708048111742,0.23076923076923078,0.470531995381542,P3,0.3303371227654387,0.02140646400308583,0.3303371227654387,3,P12; P3; P4,True,0.9105221075290739,1.0,1.0,0.987801668201174,1.0,1.0
All audit data; RCADS T scores,Neutral Fear,O,Panic Disorder,Panic Disorder T,12,0.2934723240701823,-0.3372263922053975,0.7423450407813399,0.35454913129890453,0.3262739590938173,0.3006519247123434,P4,0.1673532739300586,0.1673532739300586,0.3652058098584217,3,P12; P3; P4,True,0.8014192172330504,1.0,1.0,0.9261514292354571,1.0,1.0
All audit data; RCADS T scores,Neutral Fear,O,Major Depression,Major Depression T,12,0.2797077908710475,-0.350449673598876,0.7355374414280045,0.37859085645617696,0.37961863317608147,0.22356045012638107,P12,0.1150698893918533,0.1150698893918533,0.4174348730650322,3,P12; P3; P4,True,0.8017218136719042,1.0,1.0,0.9045360698982794,1.0,1.0
All audit data; RCADS T scores,Neutral Fear,O,Separation Anxiety,Separation Anxiety T,12,0.3326474004041593,-0.298178554405811,0.7612257783450332,0.29074653000888984,0.2716154993164596,0.39310778803190116,P1,0.4211525146706859,0.25849634350026823,0.4211525146706859,3,P12; P3; P4,True,0.7875559048622089,1.0,1.0,0.987801668201174,1.0,1.0
All audit data; RCADS T scores,Neutral Fear,O,Generalized Anxiety,Generalized Anxiety T,12,0.15854713245973895,-0.45693082889173264,0.6713612806145132,0.6226102806289922,0.24648498532139956,0.43994311321635415,P12,0.015985710240217856,0.015985710240217856,0.2637454670675703,3,P12; P3; P4,True,0.9149069390358646,1.0,1.0,0.987801668201174,1.0,1.0
All audit data; RCADS T scores,Neutral Fear,O,Obsessive Compulsive,Obsessive Compulsive T,12,0.20765739493538457,-0.415796766240893,0.6983349980907951,0.5172330606398844,0.13684294763538826,0.6715058784279897,P12,0.05702156599284399,0.05702156599284399,0.34400062569856804,3,P12; P3; P4,True,0.872830789829805,1.0,1.0,0.987801668201174,1.0,1.0
All audit data; RCADS T scores,Neutral Fear,Frontal,Social Phobia,Social Phobia T,12,-0.062298029570962726,-0.6142388035501265,0.530573136921135,0.8474790221611193,-0.11188811188811189,0.729194990751066,P3,-0.15256861689762208,-0.15256861689762208,0.006248079401165563,1,P1,True,0.9507113676090497,1.0,1.0,0.987801668201174,1.0,1.0
All audit data; RCADS T scores,Neutral Fear,Frontal,Panic Disorder,Panic Disorder T,12,-0.015764587269738013,-0.5843791379762556,0.563232778116872,0.9612171885864698,-0.08511494585056102,0.7925475751726175,P1,-0.2788193227148278,-0.2788193227148278,0.04528334242898188,1,P1,True,0.9828367874610893,1.0,1.0,0.987801668201174,1.0,1.0
All audit data; RCADS T scores,Neutral Fear,Frontal,Major Depression,Major Depression T,12,0.20008361943753114,-0.42231129051109345,0.6942640652457214,0.532960591768683,0.3198638483242909,0.3108020599617978,P6,0.3176230254248192,0.09239302212254598,0.3176230254248192,1,P1,True,0.8844948430947059,1.0,1.0,0.9261514292354571,1.0,1.0
All audit data; RCADS T scores,Neutral Fear,Frontal,Separation Anxiety,Separation Anxiety T,12,0.26323858101933384,-0.36594790047171555,0.7272693944049264,0.40842833921584554,0.1375714866667782,0.6698442351987368,P1,0.07246165553698058,0.07246165553698058,0.33069436799642254,1,P1,True,0.8302191086895871,1.0,1.0,0.987801668201174,1.0,1.0
All audit data; RCADS T scores,Neutral Fear,Frontal,Generalized Anxiety,Generalized Anxiety T,12,0.06191127689759915,-0.5308520341424595,0.6139969783697895,0.8484161970819286,0.10563642228059981,0.743864672402831,P1,-0.028969724204756804,-0.028969724204756804,0.1472672007318831,1,P1,True,0.9507113676090497,1.0,1.0,0.987801668201174,1.0,1.0
All audit data; RCADS T scores,Neutral Fear,Frontal,Obsessive Compulsive,Obsessive Compulsive T,12,0.4406162291219764,-0.17839660199600063,0.8097548424495109,0.15167609056933773,0.364914527027702,0.2434852010203052,P1,0.19143046343797876,0.19143046343797876,0.5177371910793135,1,P1,True,0.664095315465749,1.0,1.0,0.9045360698982794,1.0,1.0
All audit data; RCADS T scores,Neutral Fear,PO,Social Phobia,Social Phobia T,12,0.054739098846643276,-0.5360009102966977,0.609493562539967,0.8658272354791241,0.013986013986013986,0.9655902689187795,P6,0.2185587315941298,-0.10658505166742152,0.2185587315941298,1,P4,True,0.9593693577309582,1.0,1.0,0.987801668201174,1.0,1.0
All audit data; RCADS T scores,Neutral Fear,PO,Panic Disorder,Panic Disorder T,12,0.1142627462551872,-0.49189517994180226,0.6458146935000799,0.7236443681445481,0.04255747292528051,0.8955212175519336,P4,-0.2516672115020287,-0.2516672115020287,0.23541134059392657,1,P4,True,0.9507113676090497,1.0,1.0,0.987801668201174,1.0,1.0
All audit data; RCADS T scores,Neutral Fear,PO,Major Depression,Major Depression T,12,0.007831013430759193,-0.5686261409646096,0.5791298867949792,0.9807299410697214,-0.19683929127648667,0.5397591699292582,P6,0.17556984230270706,-0.11495594363342247,0.17556984230270706,1,P4,True,0.9868214313869247,1.0,1.0,0.987801668201174,1.0,1.0
All audit data; RCADS T scores,Neutral Fear,PO,Separation Anxiety,Separation Anxiety T,12,0.06950609260900595,-0.5253516214038843,0.6187269044254766,0.83004688369465,-0.2504506552138783,0.4323797420792088,P4,-0.2943276609911517,-0.2943276609911517,0.1512488960421914,1,P4,True,0.9507113676090497,1.0,1.0,0.987801668201174,1.0,1.0
All audit data; RCADS T scores,Neutral Fear,PO,Generalized Anxiety,Generalized Anxiety T,12,-0.06879538323401099,-0.6182859686160233,0.5258684574054266,0.8317626800952487,-0.08450913782447984,0.7939959959092632,P6,0.0705472793513803,-0.1387973416044879,0.0705472793513803,1,P4,True,0.9507113676090497,1.0,1.0,0.987801668201174,1.0,1.0
All audit data; RCADS T scores,Neutral Fear,PO,Obsessive Compulsive,Obsessive Compulsive T,12,0.17445047833420366,-0.4438925075650738,0.6802474785433136,0.587638320561737,0.12631656704805072,0.6956619043380248,P11,0.010051504365796396,0.010051504365796396,0.2852482695391114,1,P4,True,0.9029082457249613,1.0,1.0,0.987801668201174,1.0,1.0
All audit data; RCADS T scores,Neutral Fear,CP,Social Phobia,Social Phobia T,12,-0.12454677344030926,-0.651855338763378,0.4839461503481103,0.6997495600024974,0.027972027972027972,0.9312343512018808,P12,-0.4129012869477839,-0.4129012869477839,0.15316318572224102,2,P12; P13,True,0.9507113676090497,1.0,1.0,0.987801668201174,1.0,1.0
All audit data; RCADS T scores,Neutral Fear,CP,Panic Disorder,Panic Disorder T,12,-0.2575342989880516,-0.7243739208830521,0.3712357157381787,0.41902900333016124,-0.0709291215421342,0.826613457894019,P13,0.034581049878204984,-0.45902085383378344,0.034581049878204984,2,P12; P13,True,0.8302191086895871,1.0,1.0,0.987801668201174,1.0,1.0
All audit data; RCADS T scores,Neutral Fear,CP,Major Depression,Major Depression T,12,-0.008542983374118844,-0.579602904732717,0.5681441489355552,0.9789782975411332,0.1792643545553718,0.5772058207934941,P6,0.33113149167782474,-0.34380604053311764,0.33113149167782474,2,P12; P13,True,0.9868214313869247,1.0,1.0,0.987801668201174,1.0,1.0
All audit data; RCADS T scores,Neutral Fear,CP,Separation Anxiety,Separation Anxiety T,12,-0.1308788787100744,-0.6555417090094159,0.47900129178910883,0.6851588836811713,-0.04232968820516253,0.8960777530753089,P13,0.13348920318186538,-0.32743311851563794,0.13348920318186538,2,P12; P13,True,0.9507113676090497,1.0,1.0,0.987801668201174,1.0,1.0
All audit data; RCADS T scores,Neutral Fear,CP,Generalized Anxiety,Generalized Anxiety T,12,-0.017547536255013305,-0.585552313889128,0.5620138748845154,0.9568343342289056,0.07746670967243986,0.81087645719889,P6,0.28934964491207876,-0.27147695589169724,0.28934964491207876,2,P12; P13,True,0.9828367874610893,1.0,1.0,0.987801668201174,1.0,1.0
All audit data; RCADS T scores,Neutral Fear,CP,Obsessive Compulsive,Obsessive Compulsive T,12,0.14342913900530663,-0.4690848272352228,0.6627749559290665,0.6565340454137425,0.30526503703278923,0.3346151968129817,P13,0.3851332027563638,-0.0886380041448074,0.3851332027563638,2,P12; P13,True,0.9313994175846089,1.0,1.0,0.947493832951765,1.0,1.0
All audit data; RCADS T scores,Neutral Happy,LOT,Social Phobia,Social Phobia T,35,0.22348642479864236,-0.11859241803453763,0.5181436612065646,0.19686272576325062,0.24372477692018474,0.15827134511429233,P20,0.1331925881385557,0.1331925881385557,0.26585273472721194,4,P27; P4; P7; P20,False,0.7274688278910566,1.0,1.0,0.8582487826103593,1.0,1.0
All audit data; RCADS T scores,Neutral Happy,LOT,Panic Disorder,Panic Disorder T,35,0.2782077674679523,-0.06066294668858621,0.5595751091902336,0.10560770443842585,0.39643009368063126,0.018390736001159126,P7,0.3277649478866199,0.23415346606405926,0.3277649478866199,4,P27; P4; P7; P20,False,0.5918689559693144,1.0,1.0,0.5066092385423435,1.0,1.0
All audit data; RCADS T scores,Neutral Happy,LOT,Major Depression,Major Depression T,35,-0.05436929050769143,-0.38071784516475615,0.2840232955362936,0.7564081096451228,-0.04756901820742281,0.7861178805865479,P27,-0.17884344132452104,-0.17884344132452104,0.014548383721202436,4,P27; P4; P7; P20,False,0.9507113676090497,1.0,1.0,0.987801668201174,1.0,1.0
All audit data; RCADS T scores,Neutral Happy,LOT,Separation Anxiety,Separation Anxiety T,35,0.2765570462052914,-0.06244448720364411,0.5583455287987618,0.10777860617959739,0.02232683233871004,0.8986982408187278,P27,0.10105997556738641,0.10105997556738641,0.34345847595229007,4,P27; P4; P7; P20,False,0.5918689559693144,1.0,1.0,0.987801668201174,1.0,1.0
All audit data; RCADS T scores,Neutral Happy,LOT,Generalized Anxiety,Generalized Anxiety T,35,0.08580670692071793,-0.25472360527908916,0.4074036307911011,0.6240568936016238,0.09110885141863784,0.6027035167938717,P27,-0.07700093517279098,-0.07700093517279098,0.1925938786878253,4,P27; P4; P7; P20,False,0.9149069390358646,1.0,1.0,0.987801668201174,1.0,1.0
All audit data; RCADS T scores,Neutral Happy,LOT,Obsessive Compulsive,Obsessive Compulsive T,35,0.1774420594239558,-0.16559653147954934,0.482176562097995,0.3078433124500581,0.17734435504339444,0.3081140731502426,P20,0.08005533982935095,0.08005533982935095,0.21757522450750688,4,P27; P4; P7; P20,False,0.7875559048622089,1.0,1.0,0.9261514292354571,1.0,1.0
All audit data; RCADS T scores,Neutral Happy,ROT,Social Phobia,Social Phobia T,35,0.27691358175548264,-0.062059879124069045,0.5586112079461881,0.1073068893012134,0.12074052527518932,0.48962655354726936,P27,0.07187864542299294,0.07187864542299294,0.30211231211473255,2,P27; P20,False,0.5918689559693144,1.0,1.0,0.987801668201174,1.0,1.0
All audit data; RCADS T scores,Neutral Happy,ROT,Panic Disorder,Panic Disorder T,35,0.17498036052944554,-0.1680664051047196,0.4802242598905358,0.31471100087324605,0.0685344180413445,0.6956563828800011,P27,-0.044318627569481975,-0.044318627569481975,0.2490909769436805,2,P27; P20,False,0.7875559048622089,1.0,1.0,0.987801668201174,1.0,1.0
All audit data; RCADS T scores,Neutral Happy,ROT,Major Depression,Major Depression T,35,0.30802706110168504,-0.028104367363998347,0.5815754900822356,0.07183113183414798,0.0009822511134276097,0.9955318495349241,P27,-0.07203176171936337,-0.07203176171936337,0.33477477565430025,2,P27; P20,False,0.5348892207357069,1.0,1.0,0.9955318495349241,1.0,1.0
All audit data; RCADS T scores,Neutral Happy,ROT,Separation Anxiety,Separation Anxiety T,35,0.5972815185641475,0.3296489637737564,0.7760596054382117,0.00015184000562107976,-0.1415436918076712,0.4173267752439792,P27,-0.1288950999529306,-0.1288950999529306,0.6468140587057352,2,P27; P20,False,0.009839232364245968,0.06257261393110751,0.04858880179874552,0.987801668201174,1.0,1.0
All audit data; RCADS T scores,Neutral Happy,ROT,Generalized Anxiety,Generalized Anxiety T,35,0.4510620560566784,0.1386578481292912,0.6818207953367487,0.0065371354872264574,0.01492664335452181,0.9321781180858814,P27,-0.04196032776989242,-0.04196032776989242,0.5470309038972005,2,P27; P20,False,0.14235906116389777,0.9053326767820616,1.0,0.987801668201174,1.0,1.0
All audit data; RCADS T scores,Neutral Happy,ROT,Obsessive Compulsive,Obsessive Compulsive T,35,0.047421788015358984,-0.2904142150744702,0.37474616386293236,0.7867645792835756,-0.0523843596505568,0.765046734203346,P30,0.10147512618160766,0.006360077755181173,0.10147512618160766,2,P27; P20,False,0.9507113676090497,1.0,1.0,0.987801668201174,1.0,1.0
All audit data; RCADS T scores,Neutral Happy,O,Social Phobia,Social Phobia T,35,0.13157930066144147,-0.21091554182356848,0.4453001687767561,0.45118078763682823,0.16645645005998808,0.33922618710618746,P4,0.2121948140228048,0.08852806986389851,0.2121948140228048,5,P24; P27; P29; P4; P20,False,0.8495220561030828,1.0,1.0,0.947493832951765,1.0,1.0
All audit data; RCADS T scores,Neutral Happy,O,Panic Disorder,Panic Disorder T,35,0.24803652221642,-0.09288788545418403,0.5369040224316329,0.15081070176009298,0.33605788559082267,0.04840818655932205,P24,0.2912291862610096,0.21946496769770302,0.2912291862610096,5,P24; P27; P29; P4; P20,False,0.664095315465749,1.0,1.0,0.5601518730435838,1.0,1.0
All audit data; RCADS T scores,Neutral Happy,O,Major Depression,Major Depression T,35,0.03406430649498201,-0.30261749510837355,0.36318800890044267,0.845968836803841,-0.004349969216607985,0.9802143122481248,P27,-0.025033909703950814,-0.025033909703950814,0.0665198534679513,5,P24; P27; P29; P4; P20,False,0.9507113676090497,1.0,1.0,0.9893751936710046,1.0,1.0
All audit data; RCADS T scores,Neutral Happy,O,Separation Anxiety,Separation Anxiety T,35,0.14329519171263153,-0.1994768988933,0.45482275469377437,0.41152748587993265,-0.014603714234124807,0.9336421375962987,P27,0.04376590198765789,0.04376590198765789,0.18353472512720564,5,P24; P27; P29; P4; P20,False,0.8302191086895871,1.0,1.0,0.987801668201174,1.0,1.0
All audit data; RCADS T scores,Neutral Happy,O,Generalized Anxiety,Generalized Anxiety T,35,0.1082600244001014,-0.23340721747613524,0.4261328550386439,0.5358911179459764,0.14166229447782017,0.4169326330446631,P4,0.22771333342480593,0.0307058729143149,0.22771333342480593,5,P24; P27; P29; P4; P20,False,0.8844948430947059,1.0,1.0,0.987801668201174,1.0,1.0
All audit data; RCADS T scores,Neutral Happy,O,Obsessive Compulsive,Obsessive Compulsive T,35,0.10464751433863048,-0.23685911834026302,0.4231377957506319,0.5496629333567952,0.11154621057665734,0.5235090815859708,P29,0.03058891519657899,0.03058891519657899,0.15847711231566997,5,P24; P27; P29; P4; P20,False,0.8844948430947059,1.0,1.0,0.987801668201174,1.0,1.0
All audit data; RCADS T scores,Neutral Happy,Frontal,Social Phobia,Social Phobia T,35,0.10418337937726706,-0.2373019940690321,0.4227524855806362,0.5514443157565759,0.030711004686720632,0.8609763625201828,P20,-0.005682374128254911,-0.005682374128254911,0.15803150389769471,1,P20,False,0.8844948430947059,1.0,1.0,0.987801668201174,1.0,1.0
All audit data; RCADS T scores,Neutral Happy,Frontal,Panic Disorder,Panic Disorder T,35,0.053606901806444694,-0.2847260790593984,0.3800638658265722,0.7597227341604291,0.11624112793049395,0.5060654849124755,P8,0.18966556321963896,-0.05001909261328974,0.18966556321963896,1,P20,False,0.9507113676090497,1.0,1.0,0.987801668201174,1.0,1.0
All audit data; RCADS T scores,Neutral Happy,Frontal,Major Depression,Major Depression T,35,-0.026696101132639788,-0.35676869458082183,0.30930211363405696,0.8790075914447023,-0.05360284647562098,0.7597403767705209,P11,-0.08054602908250885,-0.08054602908250885,0.02155062974287733,1,P20,False,0.9654185072138425,1.0,1.0,0.987801668201174,1.0,1.0
All audit data; RCADS T scores,Neutral Happy,Frontal,Separation Anxiety,Separation Anxiety T,35,-0.1753690075143271,-0.480532685751785,0.16767675361709222,0.3136204119967388,-0.24798230132177315,0.1509029043717795,P20,-0.3369636453351679,-0.3369636453351679,-0.11578170431173417,1,P20,False,0.7875559048622089,1.0,1.0,0.857763877481694,1.0,1.0
All audit data; RCADS T scores,Neutral Happy,Frontal,Generalized Anxiety,Generalized Anxiety T,35,-0.011844763809702695,-0.3437345103635305,0.3226754538886667,0.9461582585112001,-0.006055147775890922,0.9724608896632891,P27,0.05995758605834856,-0.0694660787757182,0.05995758605834856,1,P20,False,0.9828367874610893,1.0,1.0,0.987801668201174,1.0,1.0
All audit data; RCADS T scores,Neutral Happy,Frontal,Obsessive Compulsive,Obsessive Compulsive T,35,0.17130544305784115,-0.17174552943220717,0.47730415087178196,0.32514055004051556,0.06283299203368672,0.7199096223854817,P11,0.08935946164302262,0.08935946164302262,0.2288631447991453,1,P20,False,0.7875559048622089,1.0,1.0,0.987801668201174,1.0,1.0
All audit data; RCADS T scores,Neutral Happy,PO,Social Phobia,Social Phobia T,35,0.1019844619749277,-0.23939826472082462,0.420925447106086,0.5599204942503017,0.03211333366784942,0.8546941766214895,P20,-0.010136177123327175,-0.010136177123327175,0.15809616001306948,2,P4; P20,False,0.8892854908681261,1.0,1.0,0.987801668201174,1.0,1.0
All audit data; RCADS T scores,Neutral Happy,PO,Panic Disorder,Panic Disorder T,35,0.25330426208490486,-0.08731257914188872,0.5408925667773551,0.14204691632681338,0.3705361862481726,0.0284393595637819,P20,0.20121241487114291,0.20121241487114291,0.30508563348431533,2,P4; P20,False,0.6571854858212735,1.0,1.0,0.5066092385423435,1.0,1.0
All audit data; RCADS T scores,Neutral Happy,PO,Major Depression,Major Depression T,35,0.06006385568274766,-0.2787624175991072,0.385592355749062,0.7317886814023096,0.08657841956926217,0.6209296174486979,P27,-0.008569277221389032,-0.008569277221389032,0.12800430172338337,2,P4; P20,False,0.9507113676090497,1.0,1.0,0.987801668201174,1.0,1.0
All audit data; RCADS T scores,Neutral Happy,PO,Separation Anxiety,Separation Anxiety T,35,0.17405341784420225,-0.16899531105558024,0.47948834381327,0.3173216942407965,-0.05532560969466513,0.7522563794347701,P27,0.05770738978687638,0.05770738978687638,0.21433555194003887,2,P4; P20,False,0.7875559048622089,1.0,1.0,0.987801668201174,1.0,1.0
All audit data; RCADS T scores,Neutral Happy,PO,Generalized Anxiety,Generalized Anxiety T,35,0.16140693303698803,-0.1816079974639783,0.4694049804201814,0.35428455106312434,0.17742991157261773,0.30787696868748343,P27,0.07489744777520504,0.07489744777520504,0.22654881788760095,2,P4; P20,False,0.8014192172330504,1.0,1.0,0.9261514292354571,1.0,1.0
All audit data; RCADS T scores,Neutral Happy,PO,Obsessive Compulsive,Obsessive Compulsive T,35,0.23888384812261468,-0.1025243767379629,0.5299430975511688,0.16696111595253932,0.20332473826631212,0.24140342064360937,P20,0.17496109693606166,0.17496109693606166,0.2857982904364089,2,P4; P20,False,0.6847519185901613,1.0,1.0,0.9045360698982794,1.0,1.0
All audit data; RCADS T scores,Neutral Happy,CP,Social Phobia,Social Phobia T,35,0.06404859831727897,-0.27506901210558654,0.3889924971045827,0.7147150213321231,0.2280186923315422,0.18769820346431196,P25,0.3049824843638149,-0.07862428143198633,0.3049824843638149,2,P25; P20,False,0.9507113676090497,1.0,1.0,0.8931070513271235,1.0,1.0
All audit data; RCADS T scores,Neutral Happy,CP,Panic Disorder,Panic Disorder T,35,0.24891120443821083,-0.09196361120281232,0.5375671958392473,0.14932895812054522,0.5377207624968733,0.0008642489903788388,P8,0.32189511800786663,0.19573531010163187,0.32189511800786663,2,P25; P20,False,0.664095315465749,1.0,1.0,0.14364122792110223,0.913486618321789,0.2800166728827438
All audit data; RCADS T scores,Neutral Happy,CP,Major Depression,Major Depression T,35,0.23258569542066193,-0.10911844279358927,0.5251302457077432,0.17877145754772408,0.46165802331097655,0.005244229400788563,P20,0.3747592931996457,0.12642380241789491,0.3747592931996457,2,P25; P20,False,0.7150858301908963,1.0,1.0,0.3398260651710989,1.0,1.0
All audit data; RCADS T scores,Neutral Happy,CP,Separation Anxiety,Separation Anxiety T,35,0.19572193548879976,-0.1471203356297512,0.49657973302654784,0.2598292616973434,0.13775234291996571,0.4300361648766212,P20,0.12493427813472603,0.12493427813472603,0.22139338641363077,2,P25; P20,False,0.7708949409852233,1.0,1.0,0.987801668201174,1.0,1.0
All audit data; RCADS T scores,Neutral Happy,CP,Generalized Anxiety,Generalized Anxiety T,35,0.20358054183641372,-0.13910310694042283,0.502721216200226,0.24079913338529269,0.48229956121921885,0.0033454998604459532,P25,0.22372310104844345,0.1926679352986175,0.22372310104844345,2,P25; P20,False,0.7559126757769971,1.0,1.0,0.3253196714444471,1.0,1.0
All audit data; RCADS T scores,Neutral Happy,CP,Obsessive Compulsive,Obsessive Compulsive T,35,0.29967868178272244,-0.03729210960562937,0.5754562073553973,0.08029371087261089,0.39436527359570117,0.019064337444353027,P20,0.2552055960268649,0.2552055960268649,0.33653736548061625,2,P25; P20,False,0.5609988621079992,1.0,1.0,0.5066092385423435,1.0,1.0
All audit data; RCADS T scores,Neutral Sad,LOT,Social Phobia,Social Phobia T,35,-0.35194628343694706,-0.6132659973559473,-0.021184341938837066,0.038136565983900146,-0.20586189442970723,0.23545480718588935,P27,-0.28323745598392225,-0.3974196769282707,-0.28323745598392225,2,P6; P20,False,0.41503832518973754,1.0,1.0,0.9045360698982794,1.0,1.0
All audit data; RCADS T scores,Neutral Sad,LOT,Panic Disorder,Panic Disorder T,35,-0.29571414770582877,-0.5725393873165515,0.04163538584221283,0.08457363465812816,-0.31565236071198294,0.06472583923346276,P35,-0.3767705379128786,-0.3767705379128786,-0.24550530984954155,2,P6; P20,False,0.5708720339423651,1.0,1.0,0.6360672638831677,1.0,1.0
All audit data; RCADS T scores,Neutral Sad,LOT,Major Depression,Major Depression T,35,-0.2693770484537748,-0.552982888375532,0.07016844519918325,0.117614819084458,-0.23503865928446374,0.1741031699394213,P20,-0.39076292378865346,-0.39076292378865346,-0.16934506067835073,2,P6; P20,False,0.6117152531412091,1.0,1.0,0.885299717228065,1.0,1.0
All audit data; RCADS T scores,Neutral Sad,LOT,Separation Anxiety,Separation Anxiety T,35,-0.4687516876274042,-0.6936441609351808,-0.16059105206483593,0.004507410983625367,-0.273257960573143,0.1122180384305477,P27,-0.32977389078823,-0.5076682551832605,-0.32977389078823,2,P6; P20,False,0.1327637416995108,0.8443112273270728,1.0,0.8249890895342142,1.0,1.0
All audit data; RCADS T scores,Neutral Sad,LOT,Generalized Anxiety,Generalized Anxiety T,35,-0.35144781802493436,-0.6129109817059245,-0.020615766725909455,0.038429474554605325,-0.2820572324444074,0.1006738406629009,P27,-0.2189420012092664,-0.38528995085508816,-0.2189420012092664,2,P6; P20,False,0.41503832518973754,1.0,1.0,0.8249890895342142,1.0,1.0
All audit data; RCADS T scores,Neutral Sad,LOT,Obsessive Compulsive,Obsessive Compulsive T,35,-0.2684413117793064,-0.5522822647050086,0.07117208381610718,0.1189446325552351,-0.3664081220840833,0.03039565512274066,P11,-0.3518760163772436,-0.3518760163772436,-0.21245874374713855,2,P6; P20,False,0.6117152531412091,1.0,1.0,0.5066092385423435,1.0,1.0
All audit data; RCADS T scores,Neutral Sad,ROT,Social Phobia,Social Phobia T,35,0.31969298669942825,-0.01516968418060737,0.5900749611080236,0.061191699144907394,0.2832704541880168,0.09915574068440415,P27,0.20403271001791684,0.20403271001791684,0.35588488502121046,1,P27,False,0.5348892207357069,1.0,1.0,0.8249890895342142,1.0,1.0
All audit data; RCADS T scores,Neutral Sad,ROT,Panic Disorder,Panic Disorder T,35,0.14044050468836722,-0.20227266621518758,0.45250903243002266,0.4210029246346307,-0.0772595390240208,0.6591157645746886,P27,-0.10810607879586262,-0.10810607879586262,0.19714395836984286,1,P27,False,0.8302191086895871,1.0,1.0,0.987801668201174,1.0,1.0
All audit data; RCADS T scores,Neutral Sad,ROT,Major Depression,Major Depression T,35,0.3147930842885126,-0.020616173285636127,0.5865123126990155,0.0654977112921155,0.060197961094349224,0.7312119546243063,P27,0.014626681899351304,0.014626681899351304,0.35467175191077366,1,P27,False,0.5348892207357069,1.0,1.0,0.987801668201174,1.0,1.0
All audit data; RCADS T scores,Neutral Sad,ROT,Separation Anxiety,Separation Anxiety T,35,0.5869752870381415,0.31542902017181634,0.7696688438806271,0.00021020129241597653,0.12048064243152964,0.4905685348983799,P27,-0.02820904354377051,-0.02820904354377051,0.6347945328044413,1,P27,False,0.011350869790462733,0.07218587455682333,0.06705421228069651,0.987801668201174,1.0,1.0
All audit data; RCADS T scores,Neutral Sad,ROT,Generalized Anxiety,Generalized Anxiety T,35,0.40215201382600135,0.07956896534468362,0.6484905928932679,0.016627071474121718,-0.006477599946301918,0.9705403621469479,P27,-0.12758133095797725,-0.12758133095797725,0.47774330402595544,1,P27,False,0.26935855788077184,1.0,1.0,0.987801668201174,1.0,1.0
All audit data; RCADS T scores,Neutral Sad,ROT,Obsessive Compulsive,Obsessive Compulsive T,35,-0.0013447253979785682,-0.334441398375632,0.3320506193766198,0.9938830212090126,-0.026545174162546304,0.8796866421353478,P27,-0.13210092703570908,-0.13210092703570908,0.055073618299720045,1,P27,False,0.9954771627933642,1.0,1.0,0.987801668201174,1.0,1.0
All audit data; RCADS T scores,Neutral Sad,O,Social Phobia,Social Phobia T,35,-0.14371024620803882,-0.4551588063332875,0.19906994577144474,0.41015993983897314,-0.04838034984894345,0.7825566961451876,P29,-0.06579437050087725,-0.18751734928101552,-0.06579437050087725,2,P29; P35,False,0.8302191086895871,1.0,1.0,0.987801668201174,1.0,1.0
All audit data; RCADS T scores,Neutral Sad,O,Panic Disorder,Panic Disorder T,35,0.11902617128566977,-0.22306839459562292,0.4350177120680474,0.49585756929613856,-0.03208592877500317,0.854816862858103,P35,-0.12567867182636355,-0.12567867182636355,0.18055610265571573,2,P29; P35,False,0.853799142081256,1.0,1.0,0.987801668201174,1.0,1.0
All audit data; RCADS T scores,Neutral Sad,O,Major Depression,Major Depression T,35,-0.018247261437872392,-0.34936934800226777,0.3169264612174752,0.9171374223549765,-0.034378788969966344,0.8445640326964624,P29,0.07049156305857329,-0.10461529045182383,0.07049156305857329,2,P29; P35,False,0.9828367874610893,1.0,1.0,0.987801668201174,1.0,1.0
All audit data; RCADS T scores,Neutral Sad,O,Separation Anxiety,Separation Anxiety T,35,0.01718153963445316,-0.31788511614738696,0.3484330649273771,0.9219617628029874,0.05139384047778537,0.7693680973553201,P27,-0.0707943535186549,-0.0707943535186549,0.06042814547516542,2,P29; P35,False,0.9828367874610893,1.0,1.0,0.987801668201174,1.0,1.0
All audit data; RCADS T scores,Neutral Sad,O,Generalized Anxiety,Generalized Anxiety T,35,-0.06596082788096606,-0.3906210460843858,0.27329303034831803,0.7065690965901346,-0.039006417067948496,0.8239489450118642,P29,0.11053431903787019,-0.15816166450340796,0.11053431903787019,2,P29; P35,False,0.9507113676090497,1.0,1.0,0.987801668201174,1.0,1.0
All audit data; RCADS T scores,Neutral Sad,O,Obsessive Compulsive,Obsessive Compulsive T,35,-0.2124163167050852,-0.5095904782707582,0.13003501707005413,0.22054802915973254,-0.14854001712233356,0.3944369119659835,P29,-0.08791720997525837,-0.25944826639636104,-0.08791720997525837,2,P29; P35,False,0.7476056371126593,1.0,1.0,0.987801668201174,1.0,1.0
All audit data; RCADS T scores,Neutral Sad,Frontal,Social Phobia,Social Phobia T,35,-0.015669816777335914,-0.34710381565490334,0.31924379085939103,0.9288097334691257,0.09227324695827477,0.5980565004209806,P27,-0.12648296097883713,-0.12648296097883713,0.09325210590439832,4,P18; P27; P4; P6,False,0.9828367874610893,1.0,1.0,0.987801668201174,1.0,1.0
All audit data; RCADS T scores,Neutral Sad,Frontal,Panic Disorder,Panic Disorder T,35,0.029239416271147577,-0.30699850156056846,0.35898800524441876,0.8675778451085517,0.026456818463599107,0.8800842113333167,P35,-0.05654614788690373,-0.05654614788690373,0.10496798357422724,4,P18; P27; P4; P6,False,0.9593693577309582,1.0,1.0,0.987801668201174,1.0,1.0
All audit data; RCADS T scores,Neutral Sad,Frontal,Major Depression,Major Depression T,35,0.13088233491347018,-0.21159307120651472,0.44473143502179635,0.45360282625257203,0.1971518306236845,0.2562948794766644,P6,0.25986182911043126,0.01190453570691796,0.25986182911043126,4,P18; P27; P4; P6,False,0.8495220561030828,1.0,1.0,0.9145245889174439,1.0,1.0
All audit data; RCADS T scores,Neutral Sad,Frontal,Separation Anxiety,Separation Anxiety T,35,0.09339898747596213,-0.24755260463345594,0.41376707733394286,0.5935785689488172,-0.06557629372438735,0.7082046386316827,P27,-0.19087870806642332,-0.19087870806642332,0.13816469374999274,4,P18; P27; P4; P6,False,0.9029082457249613,1.0,1.0,0.987801668201174,1.0,1.0
All audit data; RCADS T scores,Neutral Sad,Frontal,Generalized Anxiety,Generalized Anxiety T,35,0.20992872058270798,-0.1325938255769036,0.5076603517287046,0.2261276309785204,0.17559928550083675,0.3129753454187902,P27,0.046973918959216335,0.046973918959216335,0.2941759692357192,4,P18; P27; P4; P6,False,0.7476056371126593,1.0,1.0,0.9261514292354571,1.0,1.0
All audit data; RCADS T scores,Neutral Sad,Frontal,Obsessive Compulsive,Obsessive Compulsive T,35,-0.07745541225504259,-0.40036776476693986,0.26256848397527066,0.6583039093422082,-0.009460248238779799,0.9569860652196397,P18,-0.1499663377694753,-0.1499663377694753,-0.024524981904415176,4,P18; P27; P4; P6,False,0.9313994175846089,1.0,1.0,0.987801668201174,1.0,1.0
All audit data; RCADS T scores,Neutral Sad,PO,Social Phobia,Social Phobia T,35,-0.09884305540367785,-0.4183108153955417,0.24238751744847295,0.5721331266597618,-0.1534147905354903,0.3789258631554895,P4,-0.19638943933332187,-0.19638943933332187,-0.05672399365127124,1,P4,False,0.8924477622600167,1.0,1.0,0.9844634883820393,1.0,1.0
All audit data; RCADS T scores,Neutral Sad,PO,Panic Disorder,Panic Disorder T,35,-0.2104218034645398,-0.5080431725041534,0.1320869897561982,0.22501410091580468,-0.2141876473489247,0.21663285854032083,P8,-0.28340286307931817,-0.28340286307931817,-0.1687962382375945,1,P4,False,0.7476056371126593,1.0,1.0,0.9045360698982794,1.0,1.0
All audit data; RCADS T scores,Neutral Sad,PO,Major Depression,Major Depression T,35,-0.052235301693500456,-0.3788864807028961,0.28598952946858397,0.7656965909425338,0.04700773185689275,0.7885840438513805,P6,0.006040194274938866,-0.08855897986436707,0.006040194274938866,1,P4,False,0.9507113676090497,1.0,1.0,0.987801668201174,1.0,1.0
All audit data; RCADS T scores,Neutral Sad,PO,Separation Anxiety,Separation Anxiety T,35,-0.1221167589986816,-0.4375569295739856,0.22008619043334518,0.4846537233924689,-0.0732994118289726,0.6756107866463161,P27,-0.0873235551004185,-0.14492310326513963,-0.0873235551004185,1,P4,False,0.853799142081256,1.0,1.0,0.987801668201174,1.0,1.0
All audit data; RCADS T scores,Neutral Sad,PO,Generalized Anxiety,Generalized Anxiety T,35,0.007261220130325513,-0.3267760494408209,0.3396858009659004,0.9669783529820831,-0.004787791264657939,0.978223343583673,P27,0.05449760187291246,-0.015279224178311597,0.05449760187291246,1,P4,False,0.9828367874610893,1.0,1.0,0.9893751936710046,1.0,1.0
All audit data; RCADS T scores,Neutral Sad,PO,Obsessive Compulsive,Obsessive Compulsive T,35,-0.017543357097057913,-0.3487510114763695,0.3175597251767909,0.9203235613438412,0.059303048661007704,0.7350632962955395,P30,0.02572227336947615,-0.040195944109684495,0.02572227336947615,1,P4,False,0.9828367874610893,1.0,1.0,0.987801668201174,1.0,1.0
All audit data; RCADS T scores,Neutral Sad,CP,Social Phobia,Social Phobia T,35,-0.22245448773839063,-0.5173488308075731,0.11966293195274462,0.1989922871733817,-0.1531343247392645,0.37980844459183616,P27,-0.15521183771742086,-0.27424237422290254,-0.15521183771742086,1,P4,False,0.7274688278910566,1.0,1.0,0.9844634883820393,1.0,1.0
All audit data; RCADS T scores,Neutral Sad,CP,Panic Disorder,Panic Disorder T,35,-0.04251966224939878,-0.3705161666774876,0.2949055555812232,0.8083744260585723,0.028708462588160732,0.8699618682083551,P4,0.08059584825527592,-0.1502596921565639,0.08059584825527592,1,P4,False,0.9507113676090497,1.0,1.0,0.987801668201174,1.0,1.0
All audit data; RCADS T scores,Neutral Sad,CP,Major Depression,Major Depression T,35,-0.007651338554018003,-0.34003087845514895,0.32642752507775286,0.9652052680421472,0.1754019845406446,0.3135279838995511,P27,0.10037262149973537,-0.0498400027296214,0.10037262149973537,1,P4,False,0.9828367874610893,1.0,1.0,0.9261514292354571,1.0,1.0
All audit data; RCADS T scores,Neutral Sad,CP,Separation Anxiety,Separation Anxiety T,35,-0.19585379509733242,-0.4966830300962955,0.1469861850618725,0.25950199407050345,-0.011514466992290712,0.9476575753357248,P27,-0.010428756360969937,-0.24054895658333042,-0.010428756360969937,1,P4,False,0.7708949409852233,1.0,1.0,0.987801668201174,1.0,1.0
All audit data; RCADS T scores,Neutral Sad,CP,Generalized Anxiety,Generalized Anxiety T,35,-0.07911562691384232,-0.40176951449207665,0.261012515029815,0.6514381553897463,0.09829053831562473,0.5742935224225101,P27,0.07174619770551538,-0.12526012276243562,0.07174619770551538,1,P4,False,0.9313994175846089,1.0,1.0,0.987801668201174,1.0,1.0
All audit data; RCADS T scores,Neutral Sad,CP,Obsessive Compulsive,Obsessive Compulsive T,35,0.014173273634361175,-0.32058746787923137,0.345786600835808,0.9355938992336139,0.20996103180694867,0.2260545478704071,P30,0.11108290759165332,-0.017375395389987284,0.11108290759165332,1,P4,False,0.9828367874610893,1.0,1.0,0.9045360698982794,1.0,1.0
All audit data; RCADS T scores,Positive Valence,LOT,Social Phobia,Social Phobia T,35,0.0613466210874002,-0.2775745321603082,0.3866878925754823,0.7262780501243412,-0.007572576498095497,0.9655632279719845,P27,-0.14069412523754668,-0.14069412523754668,0.20459490733714733,2,P25; P27,False,0.9507113676090497,1.0,1.0,0.987801668201174,1.0,1.0
All audit data; RCADS T scores,Positive Valence,LOT,Panic Disorder,Panic Disorder T,35,0.054609789408401395,-0.28380152388747265,0.3809240781353713,0.7553633797912944,-0.03180447325943296,0.8560770762894898,P27,-0.08218132397893867,-0.08218132397893867,0.11934918330529129,2,P25; P27,False,0.9507113676090497,1.0,1.0,0.987801668201174,1.0,1.0
All audit data; RCADS T scores,Positive Valence,LOT,Major Depression,Major Depression T,35,0.41362930362323364,0.09323421296702668,0.6563976448783634,0.0135137857604056,0.2856947524198019,0.096174482311897,P27,0.28137352850346703,0.28137352850346703,0.4575523633895376,2,P25; P27,False,0.23044560980902182,1.0,1.0,0.8249890895342142,1.0,1.0
All audit data; RCADS T scores,Positive Valence,LOT,Separation Anxiety,Separation Anxiety T,35,0.35782664857948326,0.02790797656920734,0.6174461404336561,0.03481580475941734,-0.015446236209170468,0.9298229723933844,P27,-0.06155804676031995,-0.06155804676031995,0.43360595325681567,2,P25; P27,False,0.4028685979304007,1.0,1.0,0.987801668201174,1.0,1.0
All audit data; RCADS T scores,Positive Valence,LOT,Generalized Anxiety,Generalized Anxiety T,35,0.32922224369576947,-0.004520224529472845,0.59697352441309,0.053459391920337,0.19869333748330448,0.2525204503899241,P27,0.05236163560959993,0.05236163560959993,0.4909793839149669,2,P25; P27,False,0.509436558299682,1.0,1.0,0.9145245889174439,1.0,1.0
All audit data; RCADS T scores,Positive Valence,LOT,Obsessive Compulsive,Obsessive Compulsive T,35,0.12663662119501667,-0.21571328645314608,0.44126139799697456,0.4685072353761272,0.061138619214800786,0.7271706963675016,P30,0.18880428713917333,0.06518836132311726,0.18880428713917333,2,P25; P27,False,0.853799142081256,1.0,1.0,0.987801668201174,1.0,1.0
All audit data; RCADS T scores,Positive Valence,ROT,Social Phobia,Social Phobia T,35,0.2811541131442864,-0.057477728861860644,0.5617666932410118,0.1018153295302414,0.21511726570515727,0.21459732568313197,P27,0.10350252614507763,0.10350252614507763,0.3142326578194841,1,P27,False,0.5918689559693144,1.0,1.0,0.9045360698982794,1.0,1.0
All audit data; RCADS T scores,Positive Valence,ROT,Panic Disorder,Panic Disorder T,35,0.20641060267904557,-0.13620487894011016,0.504925531452235,0.23418143528289204,0.20250724345276125,0.2433414178411066,P27,0.12412295856134956,0.12412295856134956,0.24612276503194508,1,P27,False,0.7559126757769971,1.0,1.0,0.9045360698982794,1.0,1.0
All audit data; RCADS T scores,Positive Valence,ROT,Major Depression,Major Depression T,35,0.3756235141884744,0.04844052372172522,0.6300085841815798,0.026171930418280955,0.3374734182562002,0.04741157432795531,P27,0.3173471607212202,0.3173471607212202,0.3961308698372296,1,P27,False,0.3533210606467929,1.0,1.0,0.5601518730435838,1.0,1.0
All audit data; RCADS T scores,Positive Valence,ROT,Separation Anxiety,Separation Anxiety T,35,0.6453869348868626,0.397668033827636,0.805411285467614,2.8376727785407793e-05,0.2023456943401331,0.24372562507940101,P27,0.16056654629226122,0.16056654629226122,0.6783697773032504,1,P27,False,0.0022985149506180315,0.014617409498583653,0.009108929619115901,0.9045360698982794,1.0,1.0
All audit data; RCADS T scores,Positive Valence,ROT,Generalized Anxiety,Generalized Anxiety T,35,0.492120533259168,0.1900400805843104,0.7090797884583041,0.002674898828377277,0.27741025856988644,0.10665235895540695,P27,0.1950455381360165,0.1950455381360165,0.6086123139944357,1,P27,False,0.08666672203942379,0.5511571571938438,0.8425931309388422,0.8249890895342142,1.0,1.0
All audit data; RCADS T scores,Positive Valence,ROT,Obsessive Compulsive,Obsessive Compulsive T,35,0.090164921709432,-0.25061179262468125,0.4110602770416749,0.6064820060570063,0.257544668470662,0.13526791253428458,P27,0.2626115956575683,0.07231837178509644,0.2626115956575683,1,P27,False,0.9105221075290739,1.0,1.0,0.8249890895342142,1.0,1.0
All audit data; RCADS T scores,Positive Valence,O,Social Phobia,Social Phobia T,35,-0.06656926579291234,-0.3911387959864232,0.27272745865533865,0.7039838632801235,0.05356896707912,0.7598877728520186,P25,0.011462474270909684,-0.10663582449847381,0.011462474270909684,3,P25; P27; P4,False,0.9507113676090497,1.0,1.0,0.987801668201174,1.0,1.0
All audit data; RCADS T scores,Positive Valence,O,Panic Disorder,Panic Disorder T,35,-0.13109559524634784,-0.4449054853000745,0.21138579303345212,0.45286097948813786,-0.050802720560421684,0.7719502594655886,P4,0.025358515084840653,-0.1541572606345904,0.025358515084840653,3,P25; P27; P4,False,0.8495220561030828,1.0,1.0,0.987801668201174,1.0,1.0
All audit data; RCADS T scores,Positive Valence,O,Major Depression,Major Depression T,35,0.0776323436317177,-0.26240274635107613,0.4005172231568903,0.6575708944013156,0.11337984280707268,0.5166615337049976,P4,0.252079750342173,0.007215831106450203,0.252079750342173,3,P25; P27; P4,False,0.9313994175846089,1.0,1.0,0.987801668201174,1.0,1.0
All audit data; RCADS T scores,Positive Valence,O,Separation Anxiety,Separation Anxiety T,35,0.054794704453368426,-0.2836309832481269,0.3810826246795728,0.7545603967830119,0.1273612385610692,0.4659453520828961,P4,0.29689642578760567,-0.00102566382321706,0.29689642578760567,3,P25; P27; P4,False,0.9507113676090497,1.0,1.0,0.987801668201174,1.0,1.0
All audit data; RCADS T scores,Positive Valence,O,Generalized Anxiety,Generalized Anxiety T,35,0.060442251615116675,-0.2784121175636181,0.3859156176220768,0.7301617439143905,0.039006417067948496,0.8239489450118642,P4,0.11040681093402606,0.02184152906413591,0.11040681093402606,3,P25; P27; P4,False,0.9507113676090497,1.0,1.0,0.987801668201174,1.0,1.0
All audit data; RCADS T scores,Positive Valence,O,Obsessive Compulsive,Obsessive Compulsive T,35,0.014574504741992303,-0.3202273531203561,0.3461398813549227,0.9337745712976617,-0.035158235991883134,0.8410842563877607,P4,0.08540855022541873,-0.03651221344000775,0.08540855022541873,3,P25; P27; P4,False,0.9828367874610893,1.0,1.0,0.987801668201174,1.0,1.0
All audit data; RCADS T scores,Positive Valence,Frontal,Social Phobia,Social Phobia T,35,-0.03389619062228573,-0.3630418908040802,0.3027703841303783,0.846720008106294,0.09605953520732252,0.583054195012446,P25,0.18569418564368848,-0.09871303453956495,0.18569418564368848,1,P25,False,0.9507113676090497,1.0,1.0,0.987801668201174,1.0,1.0
All audit data; RCADS T scores,Positive Valence,Frontal,Panic Disorder,Panic Disorder T,35,-0.04111035763038598,-0.3692975681147229,0.2961940107033048,0.8146136537007436,0.04756598213136435,0.7861312149265549,P35,0.08727134942794428,-0.09942016411164671,0.08727134942794428,1,P25,False,0.9507113676090497,1.0,1.0,0.987801668201174,1.0,1.0
All audit data; RCADS T scores,Positive Valence,Frontal,Major Depression,Major Depression T,35,0.2690257248340926,-0.0705453433101763,0.5527198852710971,0.11811278862880156,0.19378411252050415,0.2646702504405468,P25,0.17529742696681855,0.17529742696681855,0.32496159005006026,1,P25,False,0.6117152531412091,1.0,1.0,0.9145245889174439,1.0,1.0
All audit data; RCADS T scores,Positive Valence,Frontal,Separation Anxiety,Separation Anxiety T,35,0.15560427937436244,-0.18735761731928915,0.4647513347531196,0.37207735380736173,0.016710019171738963,0.9240971396807298,P27,0.021951915251510114,0.021951915251510114,0.21915827481139394,1,P25,False,0.8014192172330504,1.0,1.0,0.987801668201174,1.0,1.0
All audit data; RCADS T scores,Positive Valence,Frontal,Generalized Anxiety,Generalized Anxiety T,35,0.13312781782395317,-0.2094090296056202,0.44656287495044467,0.44582457521490276,0.13743777277371025,0.4311002058947604,P16,0.2436844876782606,0.034814370597599294,0.2436844876782606,1,P25,False,0.8495220561030828,1.0,1.0,0.987801668201174,1.0,1.0
All audit data; RCADS T scores,Positive Valence,Frontal,Obsessive Compulsive,Obsessive Compulsive T,35,0.15514721385317407,-0.1878095092080322,0.4643840476447644,0.37350093148824265,0.08740139790753278,0.617601777544036,P30,0.26496733449017074,0.0770183224010198,0.26496733449017074,1,P25,False,0.8014192172330504,1.0,1.0,0.987801668201174,1.0,1.0
All audit data; RCADS T scores,Positive Valence,PO,Social Phobia,Social Phobia T,35,-0.08487379003865379,-0.4066195490519144,0.25560218032781923,0.6278460705855229,-0.02986960729804335,0.8647497302792628,P24,-0.009565084113858612,-0.13861120408259908,-0.009565084113858612,3,P24; P25; P4,False,0.9163158868004928,1.0,1.0,0.987801668201174,1.0,1.0
All audit data; RCADS T scores,Positive Valence,PO,Panic Disorder,Panic Disorder T,35,-0.17091227863623093,-0.4769913396214589,0.17213857808712835,0.32626891727367857,-0.09991670802742217,0.5679456065506098,P35,-0.08324666677189156,-0.24269017737444284,-0.08324666677189156,3,P24; P25; P4,False,0.7875559048622089,1.0,1.0,0.987801668201174,1.0,1.0
All audit data; RCADS T scores,Positive Valence,PO,Major Depression,Major Depression T,35,0.06519359723931586,-0.27400587315433605,0.3899678786600548,0.7098336398466316,0.1324635787250948,0.4481178889203711,P24,0.14524667517898127,-0.003998709876813815,0.14524667517898127,3,P24; P25; P4,False,0.9507113676090497,1.0,1.0,0.987801668201174,1.0,1.0
All audit data; RCADS T scores,Positive Valence,PO,Separation Anxiety,Separation Anxiety T,35,0.038803234029346864,-0.29830064924947514,0.3673002036208744,0.8248517591193318,0.025556499909718408,0.8841369515831765,P27,-0.0935657790715084,-0.0935657790715084,0.12524072256627053,3,P24; P25; P4,False,0.9507113676090497,1.0,1.0,0.987801668201174,1.0,1.0
All audit data; RCADS T scores,Positive Valence,PO,Generalized Anxiety,Generalized Anxiety T,35,0.15894617089543994,-0.18404913659352953,0.46743357147058795,0.3617664782110448,0.22573027638960813,0.19228723827577582,P24,0.2501661807992807,0.08889353778877676,0.2501661807992807,3,P24; P25; P4,False,0.8014192172330504,1.0,1.0,0.8931070513271235,1.0,1.0
All audit data; RCADS T scores,Positive Valence,PO,Obsessive Compulsive,Obsessive Compulsive T,35,0.07404634108627275,-0.2657579638894526,0.39748467802326676,0.672487942919979,0.15192876276010545,0.383615860598561,P24,0.15273551450477868,0.02882200129365739,0.15273551450477868,3,P24; P25; P4,False,0.9473308413307531,1.0,1.0,0.9864407843962997,1.0,1.0
All audit data; RCADS T scores,Positive Valence,CP,Social Phobia,Social Phobia T,35,-0.19329124426860206,-0.4946740340546753,0.14959100106888965,0.2659109071398556,-0.020894701818819056,0.9051658585690326,P25,0.04252266982943021,-0.22907807032593466,0.04252266982943021,1,P25,False,0.7708949409852233,1.0,1.0,0.987801668201174,1.0,1.0
All audit data; RCADS T scores,Positive Valence,CP,Panic Disorder,Panic Disorder T,35,0.017715829458661292,-0.31740458893646145,0.34890254447684554,0.9195427710506272,-0.008302937709320996,0.9622441254257714,P25,-0.05107747076380324,-0.05107747076380324,0.04893668598897682,1,P25,False,0.9828367874610893,1.0,1.0,0.987801668201174,1.0,1.0
All audit data; RCADS T scores,Positive Valence,CP,Major Depression,Major Depression T,35,0.2838553517725601,-0.05455141969773162,0.5637725042852268,0.09843011354382104,0.3773247491438346,0.025447781139045843,P25,0.24201568618247177,0.24201568618247177,0.3061097431661064,1,P25,False,0.5918689559693144,1.0,1.0,0.5066092385423435,1.0,1.0
All audit data; RCADS T scores,Positive Valence,CP,Separation Anxiety,Separation Anxiety T,35,0.12498902007310589,-0.2173089097587202,0.43991226884448265,0.4743598959031538,0.0640316701034703,0.7147872741375602,P25,0.02236218219976818,0.02236218219976818,0.14854382024888038,1,P25,False,0.853799142081256,1.0,1.0,0.987801668201174,1.0,1.0
All audit data; RCADS T scores,Positive Valence,CP,Generalized Anxiety,Generalized Anxiety T,35,0.15642073065348427,-0.18655004622959945,0.46540715116565723,0.36954242933790415,0.34232707542304264,0.044118589289568154,P25,0.26681905075004453,0.12756460964384217,0.26681905075004453,1,P25,False,0.8014192172330504,1.0,1.0,0.5601518730435838,1.0,1.0
All audit data; RCADS T scores,Positive Valence,CP,Obsessive Compulsive,Obsessive Compulsive T,35,0.2018886641724707,-0.14083293728624047,0.5014015635019663,0.24481476593651955,0.27011126687739934,0.11657920558784642,P30,0.2977670423058325,0.17452364232725204,0.2977670423058325,1,P25,False,0.7559126757769971,1.0,1.0,0.8249890895342142,1.0,1.0
All audit data; RCADS T scores,Negative Valence,LOT,Social Phobia,Social Phobia T,35,-0.18870812357009245,-0.4910728958910868,0.15423787490695198,0.27763030097712044,-0.2602722588975045,0.13103524132591463,P23,-0.3130227412936636,-0.3130227412936636,-0.10239501528801005,0,,False,0.7875559048622089,1.0,1.0,0.8249890895342142,1.0,1.0
All audit data; RCADS T scores,Negative Valence,LOT,Panic Disorder,Panic Disorder T,35,-0.17814437744328251,-0.48273299583404905,0.16489109135186847,0.30590145282854636,-0.21123236443543755,0.2231917379548745,P4,-0.2446046410617808,-0.2446046410617808,-0.12021082463331847,0,,False,0.7875559048622089,1.0,1.0,0.9045360698982794,1.0,1.0
All audit data; RCADS T scores,Negative Valence,LOT,Major Depression,Major Depression T,35,-0.28571413863155415,-0.5651508357055676,0.05253437442436757,0.0961509211710553,-0.192661539819444,0.2675015569991677,P27,-0.18927998951715125,-0.33595883470357923,-0.18927998951715125,0,,False,0.5918689559693144,1.0,1.0,0.9145245889174439,1.0,1.0
All audit data; RCADS T scores,Negative Valence,LOT,Separation Anxiety,Separation Anxiety T,35,-0.3703142327634654,-0.6262747536139099,-0.04228603618259366,0.02854184469766419,-0.3134181747169862,0.06674779929638179,P27,-0.1967300784492176,-0.46635778371908665,-0.1967300784492176,0,,False,0.3699023072817279,1.0,1.0,0.6360672638831677,1.0,1.0
All audit data; RCADS T scores,Negative Valence,LOT,Generalized Anxiety,Generalized Anxiety T,35,-0.45066332109203394,-0.6815528928389075,-0.13816696724932137,0.006590697276106378,-0.39386624021318395,0.01923018512281359,P27,-0.3416168748770452,-0.5422701177899297,-0.3416168748770452,0,,False,0.14235906116389777,0.9053326767820616,1.0,0.5066092385423435,1.0,1.0
All audit data; RCADS T scores,Negative Valence,LOT,Obsessive Compulsive,Obsessive Compulsive T,35,-0.24234454931657531,-0.5325796997419423,0.09888825885640026,0.16071492849915683,-0.3322382702365503,0.05118130013679105,P30,-0.3573645460159861,-0.3573645460159861,-0.18657613621561897,0,,False,0.676255023814634,1.0,1.0,0.5718186635972518,1.0,1.0
All audit data; RCADS T scores,Negative Valence,ROT,Social Phobia,Social Phobia T,35,-0.28323246962730353,-0.5633102744124089,0.055226717218654194,0.0992030049134871,-0.10222978272428923,0.5589718772878947,P27,-0.09479186685106963,-0.3150561920880495,-0.09479186685106963,2,P26; P27,False,0.5918689559693144,1.0,1.0,0.987801668201174,1.0,1.0
All audit data; RCADS T scores,Negative Valence,ROT,Panic Disorder,Panic Disorder T,35,-0.2287221204929185,-0.5221685323729127,0.11314871609972371,0.18630321773154232,-0.11441166707928763,0.5128278351349633,P27,-0.1497128321352739,-0.2729435245272742,-0.1497128321352739,2,P26; P27,False,0.7152361438341542,1.0,1.0,0.987801668201174,1.0,1.0
All audit data; RCADS T scores,Negative Valence,ROT,Major Depression,Major Depression T,35,-0.3424043233725754,-0.606451665684341,-0.010337319217192996,0.04406770876312582,-0.13092004126113713,0.45347161349931775,P27,-0.10020809783142912,-0.3837993966955813,-0.10020809783142912,2,P26; P27,False,0.46057863352428274,1.0,1.0,0.987801668201174,1.0,1.0
All audit data; RCADS T scores,Negative Valence,ROT,Separation Anxiety,Separation Anxiety T,35,-0.6878380361456652,-0.8306770736488893,-0.4600422040030562,4.979934182471988e-06,-0.38390917996247326,0.02279903178502831,P27,-0.34780803393757004,-0.713357871419176,-0.34780803393757004,2,P26; P27,False,0.0015677529527132242,0.00997012740607191,0.0016134986751209241,0.5066092385423435,1.0,1.0
All audit data; RCADS T scores,Negative Valence,ROT,Generalized Anxiety,Generalized Anxiety T,35,-0.5094079110880247,-0.7203662199105294,-0.212180854433981,0.0017750643021188749,-0.22319556336714216,0.1974613457593411,P27,-0.22334616739456498,-0.5849107534072595,-0.22334616739456498,2,P26; P27,False,0.0639023148762795,0.4063868734910128,0.5609203194695644,0.8931070513271235,1.0,1.0
All audit data; RCADS T scores,Negative Valence,ROT,Obsessive Compulsive,Obsessive Compulsive T,35,-0.10741738170226521,-0.4254348595325141,0.23421316779166942,0.539088608460911,-0.360054224013261,0.03362104156892474,P27,-0.17817859676055517,-0.17817859676055517,-0.07406393100438291,2,P26; P27,False,0.8844948430947059,1.0,1.0,0.5066092385423435,1.0,1.0
All audit data; RCADS T scores,Negative Valence,O,Social Phobia,Social Phobia T,35,-0.1762419359721495,-0.4812251568397157,0.16680117807581507,0.31117953045470276,-0.4338805867612494,0.00921332590418237,P4,-0.47104019349355664,-0.47104019349355664,-0.14135572835300675,1,P4,False,0.7875559048622089,1.0,1.0,0.373139699119386,1.0,1.0
All audit data; RCADS T scores,Negative Valence,O,Panic Disorder,Panic Disorder T,35,-0.2266649233402356,-0.5205886469847602,0.11529009328900588,0.19040355193365,-0.17858352462929394,0.3046911863849395,P27,-0.20339646201247757,-0.248492461494824,-0.20339646201247757,1,P4,False,0.7173343119360767,1.0,1.0,0.9261514292354571,1.0,1.0
All audit data; RCADS T scores,Negative Valence,O,Major Depression,Major Depression T,35,-0.14533450206478882,-0.456473043476891,0.19747625609759328,0.4048330722757606,-0.336070202379875,0.04839944309301074,P4,-0.3443452934444696,-0.3443452934444696,-0.10077044409438152,1,P4,False,0.8302191086895871,1.0,1.0,0.5601518730435838,1.0,1.0
All audit data; RCADS T scores,Negative Valence,O,Separation Anxiety,Separation Anxiety T,35,-0.26436978239919784,-0.5492290719092642,0.07553107365317031,0.12486194127520486,-0.4740590312923591,0.0040162922400549025,P4,-0.5753170295227037,-0.5753170295227037,-0.21698713592356733,1,P4,False,0.6129586208055512,1.0,1.0,0.3253196714444471,1.0,1.0
All audit data; RCADS T scores,Negative Valence,O,Generalized Anxiety,Generalized Anxiety T,35,-0.16568748669727015,-0.47282699178435383,0.1773514813153506,0.341493695443946,-0.35387410141427644,0.037020729452140265,P4,-0.5457209492017933,-0.5457209492017933,-0.10619174405055427,1,P4,False,0.7959996929772554,1.0,1.0,0.5066092385423435,1.0,1.0
All audit data; RCADS T scores,Negative Valence,O,Obsessive Compulsive,Obsessive Compulsive T,35,-0.11863539018215255,-0.43469628917844844,0.22344501595638197,0.4972835335931341,-0.4528211358472659,0.006305270672727068,P4,-0.2906041097673959,-0.2906041097673959,-0.09721422385757496,1,P4,False,0.853799142081256,1.0,1.0,0.3404846163272617,1.0,1.0
All audit data; RCADS T scores,Negative Valence,Frontal,Social Phobia,Social Phobia T,35,0.022120872653733307,-0.3134362311426672,0.3527669237389792,0.8996279863115301,-0.13616614406760608,0.4354163293284681,P1,-0.17876049533761285,-0.17876049533761285,0.04838537561541008,1,P1,False,0.9773770739281745,1.0,1.0,0.987801668201174,1.0,1.0
All audit data; RCADS T scores,Negative Valence,Frontal,Panic Disorder,Panic Disorder T,35,-0.05494153958776598,-0.3812085077610285,0.28349554711975106,0.7539229537408905,-0.006754932373684877,0.9692796574991112,P1,0.018037176089377813,-0.06924685527161108,0.018037176089377813,1,P1,False,0.9507113676090497,1.0,1.0,0.987801668201174,1.0,1.0
All audit data; RCADS T scores,Negative Valence,Frontal,Major Depression,Major Depression T,35,-0.09973792509320611,-0.4190561662201478,0.2415366501332013,0.5686419341615888,-0.12979746856007698,0.4573867439002033,P27,-0.07427586528958015,-0.12243126578761306,-0.07427586528958015,1,P1,False,0.8924477622600167,1.0,1.0,0.987801668201174,1.0,1.0
All audit data; RCADS T scores,Negative Valence,Frontal,Separation Anxiety,Separation Anxiety T,35,-0.14681868604130424,-0.4576727580413439,0.19601841624812993,0.4000002659389161,-0.243348430459022,0.15893495974265912,P1,-0.32078829853747837,-0.32078829853747837,-0.11607781977810351,1,P1,False,0.8302191086895871,1.0,1.0,0.8582487826103593,1.0,1.0
All audit data; RCADS T scores,Negative Valence,Frontal,Generalized Anxiety,Generalized Anxiety T,35,-0.10487215707539192,-0.4233242456875886,0.2366447141540595,0.5488017115263253,-0.2579774587309807,0.13458967136475147,P1,-0.49490054192895133,-0.49490054192895133,-0.07087849894398679,1,P1,False,0.8844948430947059,1.0,1.0,0.8249890895342142,1.0,1.0
All audit data; RCADS T scores,Negative Valence,Frontal,Obsessive Compulsive,Obsessive Compulsive T,35,-0.2043310613926197,-0.5033061700909063,0.13833508131358846,0.23903204095530045,-0.2561326911215904,0.1374981815890357,P1,-0.09708597452051594,-0.2526380619250206,-0.09708597452051594,1,P1,False,0.7559126757769971,1.0,1.0,0.8249890895342142,1.0,1.0
All audit data; RCADS T scores,Negative Valence,PO,Social Phobia,Social Phobia T,35,-0.12871881182659692,-0.44296435635190723,0.21369416515959808,0.461165696700778,-0.18286369913919498,0.29305425900569954,P23,-0.2061893715069424,-0.2061893715069424,-0.06499443993135309,1,P4,False,0.853799142081256,1.0,1.0,0.9261514292354571,1.0,1.0
All audit data; RCADS T scores,Negative Valence,PO,Panic Disorder,Panic Disorder T,35,0.06596957769831692,-0.2732848986429667,0.3906284931925443,0.706531895924317,0.008162209951535894,0.9628836112660858,P4,-0.046764643937797126,-0.046764643937797126,0.11994308476149194,1,P4,False,0.9507113676090497,1.0,1.0,0.987801668201174,1.0,1.0
All audit data; RCADS T scores,Negative Valence,PO,Major Depression,Major Depression T,35,-0.15733560188759865,-0.46614162077174737,0.18564457466671652,0.3667141281219466,-0.14032158763251565,0.42140027091709953,P4,-0.2346933061119995,-0.2346933061119995,-0.08040897413684367,1,P4,False,0.8014192172330504,1.0,1.0,0.987801668201174,1.0,1.0
All audit data; RCADS T scores,Negative Valence,PO,Separation Anxiety,Separation Anxiety T,35,-0.31338011605696386,-0.5854830069549269,0.022183069465339284,0.06678266733271933,-0.3780115261371536,0.02516016885352291,P4,-0.4791557111959095,-0.4791557111959095,-0.20369345135771663,1,P4,False,0.5348892207357069,1.0,1.0,0.5066092385423435,1.0,1.0
All audit data; RCADS T scores,Negative Valence,PO,Generalized Anxiety,Generalized Anxiety T,35,-0.3160975912680593,-0.5874618290511423,0.019168089775830566,0.06432872150209973,-0.234601771968239,0.17492819820291855,P27,-0.23039684070134603,-0.4013190785248359,-0.23039684070134603,1,P4,False,0.5348892207357069,1.0,1.0,0.885299717228065,1.0,1.0
All audit data; RCADS T scores,Negative Valence,PO,Obsessive Compulsive,Obsessive Compulsive T,35,-0.1728930524937658,-0.4785665034918369,0.17015727576345593,0.3206088388178157,-0.35299433726790297,0.037526610262395815,P30,-0.33528032650933975,-0.33528032650933975,-0.12606938994639083,1,P4,False,0.7875559048622089,1.0,1.0,0.5066092385423435,1.0,1.0
All audit data; RCADS T scores,Negative Valence,CP,Social Phobia,Social Phobia T,35,0.1794209569752603,-0.16360793749871708,0.48374377711980304,0.3023916807643994,0.10559537227899833,0.5460334149991304,P25,-0.01789359930404033,-0.01789359930404033,0.22928439226448455,1,P25,False,0.7875559048622089,1.0,1.0,0.987801668201174,1.0,1.0
All audit data; RCADS T scores,Negative Valence,CP,Panic Disorder,Panic Disorder T,35,0.06513772003346875,-0.274057774751953,0.3899202958771961,0.7100715950590911,0.13298773110692103,0.4463076992605749,P25,0.17931296240083475,0.00900928420833412,0.17931296240083475,1,P25,False,0.9507113676090497,1.0,1.0,0.987801668201174,1.0,1.0
All audit data; RCADS T scores,Negative Valence,CP,Major Depression,Major Depression T,35,-0.09455461825923092,-0.41473292832778286,0.24645781190655697,0.5889970326076759,0.10622344183781436,0.5436346830207844,P25,0.1474461442948406,-0.13737031291422855,0.1474461442948406,1,P25,False,0.9029082457249613,1.0,1.0,0.987801668201174,1.0,1.0
All audit data; RCADS T scores,Negative Valence,CP,Separation Anxiety,Separation Anxiety T,35,-0.21987220662125848,-0.515357644621573,0.12233826484137561,0.20439143330519668,-0.16499388677977544,0.34354688848338677,P27,-0.16663089867881897,-0.26556558183203904,-0.16663089867881897,1,P25,False,0.735809159898708,1.0,1.0,0.9513606142616865,1.0,1.0
All audit data; RCADS T scores,Negative Valence,CP,Generalized Anxiety,Generalized Anxiety T,35,-0.11844053070029216,-0.4345359844541164,0.22363277665249465,0.4979953553366812,0.019010347668494756,0.9136848384458727,P27,-0.05719588470347442,-0.14294568926472306,-0.05719588470347442,1,P25,False,0.853799142081256,1.0,1.0,0.987801668201174,1.0,1.0
All audit data; RCADS T scores,Negative Valence,CP,Obsessive Compulsive,Obsessive Compulsive T,35,-0.06730250499917872,-0.39176247262635894,0.27204556654934803,0.7008726850943927,-0.07059886745358059,0.6869456841100633,P25,0.09483700706341824,-0.1496892815686523,0.09483700706341824,1,P25,False,0.9507113676090497,1.0,1.0,0.987801668201174,1.0,1.0
All audit data; RCADS T scores,Angry Caucasian,LOT,Social Phobia,Social Phobia T,22,0.26731913470111207,-0.17388708286015817,0.6191472110748938,0.22909704077832163,0.22354330055568067,0.3172926192751103,P20,0.4465686328683948,0.17029673506340856,0.4465686328683948,1,P29,False,0.7497721334563253,1.0,1.0,0.9261514292354571,1.0,1.0
All audit data; RCADS T scores,Angry Caucasian,LOT,Panic Disorder,Panic Disorder T,22,-0.182037063253344,-0.5606189250711622,0.2594865518225454,0.41748181209215574,-0.3116165314267094,0.15802852711421117,P20,-0.07416562764212806,-0.2800218878330313,-0.07416562764212806,1,P29,False,0.8302191086895871,1.0,1.0,0.8582487826103593,1.0,1.0
All audit data; RCADS T scores,Angry Caucasian,LOT,Major Depression,Major Depression T,22,0.11488015170863634,-0.32234068655806153,0.5117044775661782,0.6107006449433106,0.0022675915501423312,0.9920092643391916,P25,0.2644767996458538,0.003309993515695095,0.2644767996458538,1,P29,False,0.9105221075290739,1.0,1.0,0.9950805004516968,1.0,1.0
All audit data; RCADS T scores,Angry Caucasian,LOT,Separation Anxiety,Separation Anxiety T,22,0.17849904267241126,-0.2628939353101563,0.5581062524206757,0.42674284986326005,0.18228193873881976,0.4168449049158698,P27,-0.025972501331789064,-0.025972501331789064,0.3060989849663324,1,P29,False,0.8329197792511822,1.0,1.0,0.987801668201174,1.0,1.0
All audit data; RCADS T scores,Angry Caucasian,LOT,Generalized Anxiety,Generalized Anxiety T,22,0.40162767298586066,-0.02405379360071606,0.7040240033080885,0.0639207328509821,0.28506990008126476,0.19846823362824967,P20,0.5179210660059463,0.308116926938888,0.5179210660059463,1,P29,False,0.5348892207357069,1.0,1.0,0.8931070513271235,1.0,1.0
All audit data; RCADS T scores,Angry Caucasian,LOT,Obsessive Compulsive,Obsessive Compulsive T,22,-0.04252745605921884,-0.45596055986611345,0.38600198112623085,0.8509453598969889,0.015456524436555529,0.9455711346353697,P29,-0.2839290171314162,-0.2839290171314162,0.1876660781440797,1,P29,False,0.9507113676090497,1.0,1.0,0.987801668201174,1.0,1.0
All audit data; RCADS T scores,Angry Caucasian,ROT,Social Phobia,Social Phobia T,22,0.41737854364686855,-0.00513319280097399,0.7134423178661433,0.053276805960022385,0.4900974640030871,0.020586885200273866,P23,0.45995451516453106,0.40868799003336753,0.45995451516453106,1,P27,False,0.509436558299682,1.0,1.0,0.5066092385423435,1.0,1.0
All audit data; RCADS T scores,Angry Caucasian,ROT,Panic Disorder,Panic Disorder T,22,0.29251109645177265,-0.14725796032732802,0.6357193586514377,0.18649257939278924,-0.07762084510083488,0.7313420142938379,P27,-0.13673139703507223,-0.13673139703507223,0.42064889984333614,1,P27,False,0.7152361438341542,1.0,1.0,0.987801668201174,1.0,1.0
All audit data; RCADS T scores,Angry Caucasian,ROT,Major Depression,Major Depression T,22,0.4253230552346965,0.004526255576096465,0.7181525378629044,0.048455031611371054,-0.15136173597200062,0.5013298281242269,P27,-0.2780987511041452,-0.2780987511041452,0.46550160624738607,1,P27,False,0.49060719506513195,1.0,1.0,0.987801668201174,1.0,1.0
All audit data; RCADS T scores,Angry Caucasian,ROT,Separation Anxiety,Separation Anxiety T,22,0.7860085702474127,0.54500972612488,0.9070362290177577,1.4516231043640965e-05,0.24681653816809132,0.2681476418122135,P27,0.2671387241492173,0.2671387241492173,0.8229343013915893,1,P27,False,0.0015677529527132242,0.00997012740607191,0.004674226396052391,0.9145245889174439,1.0,1.0
All audit data; RCADS T scores,Angry Caucasian,ROT,Generalized Anxiety,Generalized Anxiety T,22,0.5360853474328588,0.14790643314554133,0.7811416372470439,0.01011870662582211,0.043157992840988285,0.8487598236322486,P27,0.10461964743674756,0.10461964743674756,0.6899282592420432,1,P27,False,0.20490380917289772,1.0,1.0,0.987801668201174,1.0,1.0
All audit data; RCADS T scores,Angry Caucasian,ROT,Obsessive Compulsive,Obsessive Compulsive T,22,0.06685236803500963,-0.36504506492972977,0.4750706987715265,0.7675412086216531,0.06010870614216039,0.7904566219032108,P27,-0.14107170372728872,-0.14107170372728872,0.19759556705341935,1,P27,False,0.9507113676090497,1.0,1.0,0.987801668201174,1.0,1.0
All audit data; RCADS T scores,Angry Caucasian,O,Social Phobia,Social Phobia T,22,0.31005554382386746,-0.12832823067146543,0.6470767944918794,0.1602328088345553,0.2999441754291411,0.1750313981029511,P25,0.5560848980095332,0.09708630039053902,0.5560848980095332,2,P25; P27,False,0.676255023814634,1.0,1.0,0.885299717228065,1.0,1.0
All audit data; RCADS T scores,Angry Caucasian,O,Panic Disorder,Panic Disorder T,22,0.21604859603302118,-0.2261603226345148,0.5844231571929567,0.334206296118979,0.14957593508482048,0.5064507548973387,P35,0.47109208865087016,0.0378053483117478,0.47109208865087016,2,P25; P27,False,0.7959996929772554,1.0,1.0,0.987801668201174,1.0,1.0
All audit data; RCADS T scores,Angry Caucasian,O,Major Depression,Major Depression T,22,0.39015625133646986,-0.03764445058776478,0.697097001776579,0.07263927689003427,0.1485272465343227,0.5094697315776874,P27,0.162396541518663,0.162396541518663,0.4544488565965842,2,P25; P27,False,0.5348892207357069,1.0,1.0,0.987801668201174,1.0,1.0
All audit data; RCADS T scores,Angry Caucasian,O,Separation Anxiety,Separation Anxiety T,22,0.6858710166287652,0.3717656869083048,0.8590646000706209,0.000425591491254504,0.4002277350569738,0.0649397784628374,P27,0.41671608482609884,0.41671608482609884,0.7189663588581309,2,P25; P27,False,0.017236455395807412,0.10961526561175644,0.13491250272767777,0.6360672638831677,1.0,1.0
All audit data; RCADS T scores,Angry Caucasian,O,Generalized Anxiety,Generalized Anxiety T,22,0.5679473361548096,0.1924122773847214,0.79838208063313,0.005827518935776295,0.4571340031183628,0.03244174834226393,P27,0.3602324796562051,0.3602324796562051,0.6542590367156892,2,P25; P27,False,0.14235906116389777,0.9053326767820616,1.0,0.5066092385423435,1.0,1.0
All audit data; RCADS T scores,Angry Caucasian,O,Obsessive Compulsive,Obsessive Compulsive T,22,0.24838777632134143,-0.19348263328459114,0.6064837940587909,0.2650144742853258,0.4116015211067935,0.0570090565115452,P30,0.5708878152951534,0.17421950752933685,0.5708878152951534,2,P25; P27,False,0.7708949409852233,1.0,1.0,0.6155553752262349,1.0,1.0
All audit data; RCADS T scores,Angry Caucasian,Frontal,Social Phobia,Social Phobia T,22,0.37965688905616857,-0.0499462878649068,0.6907063521501908,0.08137946456504927,0.33163639019146546,0.13161591317668006,P31,0.4826058149910517,0.30475329386953515,0.4826058149910517,0,,False,0.5609988621079992,1.0,1.0,0.8249890895342142,1.0,1.0
All audit data; RCADS T scores,Angry Caucasian,Frontal,Panic Disorder,Panic Disorder T,22,0.3527947421632176,-0.08083758806138382,0.6741319627420373,0.1073023574831141,0.25099295167642227,0.25987105118344467,P31,0.4430508507198769,0.2666073804140859,0.4430508507198769,0,,False,0.5918689559693144,1.0,1.0,0.9145245889174439,1.0,1.0
All audit data; RCADS T scores,Angry Caucasian,Frontal,Major Depression,Major Depression T,22,-0.04283271535413108,-0.4562027632219336,0.385741699923484,0.8498871518718286,-0.03798215846488405,0.8667303925119033,P27,-0.18104038480959822,-0.18104038480959822,0.04345800380265353,0,,False,0.9507113676090497,1.0,1.0,0.987801668201174,1.0,1.0
All audit data; RCADS T scores,Angry Caucasian,Frontal,Separation Anxiety,Separation Anxiety T,22,0.2719441125811245,-0.1690461393525865,0.6222133504496982,0.2208344273906513,0.19020724042311626,0.3965190588943085,P27,0.12183281772907274,0.12183281772907274,0.3339512532206985,0,,False,0.7476056371126593,1.0,1.0,0.987801668201174,1.0,1.0
All audit data; RCADS T scores,Angry Caucasian,Frontal,Generalized Anxiety,Generalized Anxiety T,22,0.1363639684242851,-0.3026441571406606,0.5276373809665516,0.5451083824921236,0.13969560840635684,0.535234291011291,P27,0.0013742981393621914,0.0013742981393621914,0.19624369018854904,0,,False,0.8844948430947059,1.0,1.0,0.987801668201174,1.0,1.0
All audit data; RCADS T scores,Angry Caucasian,Frontal,Obsessive Compulsive,Obsessive Compulsive T,22,-0.06248964049146255,-0.4716713581634352,0.36883622466855215,0.7823458992861851,-0.05209421198987234,0.8179079549689581,P20,-0.2470916954997759,-0.2470916954997759,-0.01039447566456922,0,,False,0.9507113676090497,1.0,1.0,0.987801668201174,1.0,1.0
All audit data; RCADS T scores,Angry Caucasian,PO,Social Phobia,Social Phobia T,22,0.2950339913122586,-0.14455555029603684,0.6373617592226081,0.18254662829667812,0.16242260065691227,0.4701856126146535,P27,0.0900678018661639,0.0900678018661639,0.3650345867830479,1,P27,False,0.7152361438341542,1.0,1.0,0.987801668201174,1.0,1.0
All audit data; RCADS T scores,Angry Caucasian,PO,Panic Disorder,Panic Disorder T,22,0.5675657637969747,0.19186998558169177,0.7981778239784073,0.005868038932858165,0.4725239767452284,0.02637274383189083,P27,0.50460722769231,0.50460722769231,0.6048876561694405,1,P27,False,0.14235906116389777,0.9053326767820616,1.0,0.5066092385423435,1.0,1.0
All audit data; RCADS T scores,Angry Caucasian,PO,Major Depression,Major Depression T,22,0.2383269291913257,-0.20375494641501396,0.5996792203318807,0.28548101685070615,0.06576015495412761,0.7712404553361083,P27,-0.033046044261788046,-0.033046044261788046,0.3180628136892081,1,P27,False,0.7875559048622089,1.0,1.0,0.987801668201174,1.0,1.0
All audit data; RCADS T scores,Angry Caucasian,PO,Separation Anxiety,Separation Anxiety T,22,0.4548721208386084,0.041156601801321274,0.7354395033074757,0.033419737537308494,0.08774441150471138,0.6978053904708603,P27,-0.0004924899789654907,-0.0004924899789654907,0.5251420675893755,1,P27,False,0.40103685044770193,1.0,1.0,0.987801668201174,1.0,1.0
All audit data; RCADS T scores,Angry Caucasian,PO,Generalized Anxiety,Generalized Anxiety T,22,0.32733681333713843,-0.10936485461276563,0.6581195237022702,0.13700212693245745,0.093698273931093,0.6783287247418761,P27,0.022860386292771165,0.022860386292771165,0.4290745429815981,1,P27,False,0.6433143351611045,1.0,1.0,0.987801668201174,1.0,1.0
All audit data; RCADS T scores,Angry Caucasian,PO,Obsessive Compulsive,Obsessive Compulsive T,22,0.01239606559311733,-0.4113622781769969,0.4317480735674778,0.9563371256082214,-0.014311596700514378,0.949597751280741,P20,-0.08303234975016077,-0.08303234975016077,0.08062283188802656,1,P27,False,0.9828367874610893,1.0,1.0,0.987801668201174,1.0,1.0
All audit data; RCADS T scores,Angry Caucasian,CP,Social Phobia,Social Phobia T,22,0.47761748015344346,0.07013117769669996,0.7485019189510929,0.024576737193266786,0.5500862990889155,0.007991920229648126,P27,0.43134992736335187,0.43134992736335187,0.5129165730416447,1,P25,False,0.3462114282877582,1.0,1.0,0.3699117363437133,1.0,1.0
All audit data; RCADS T scores,Angry Caucasian,CP,Panic Disorder,Panic Disorder T,22,0.21474386378161103,-0.22745814966661315,0.58352153860659,0.33720452222799513,0.44986095627783135,0.035669285442362156,P25,0.5038449222289928,0.14749069835765014,0.5038449222289928,1,P25,False,0.7959996929772554,1.0,1.0,0.5066092385423435,1.0,1.0
All audit data; RCADS T scores,Angry Caucasian,CP,Major Depression,Major Depression T,22,-0.02788543595232527,-0.4442707096688479,0.3984069762968424,0.9019621762485314,0.3429732219590276,0.11814279386680773,P25,0.4021447081244204,-0.15276571063310604,0.4021447081244204,1,P25,False,0.9773770739281745,1.0,1.0,0.8249890895342142,1.0,1.0
All audit data; RCADS T scores,Angry Caucasian,CP,Separation Anxiety,Separation Anxiety T,22,0.08115389478323687,-0.3525159441766191,0.48612934468068875,0.719580505196492,0.17775319491922173,0.42870915720080816,P25,0.4151724043280067,-0.1644497534850113,0.4151724043280067,1,P25,False,0.9507113676090497,1.0,1.0,0.987801668201174,1.0,1.0
All audit data; RCADS T scores,Angry Caucasian,CP,Generalized Anxiety,Generalized Anxiety T,22,0.180001448111257,-0.26144834814220014,0.5591740993457905,0.42279676831414165,0.3492390210158921,0.11113951628527675,P25,0.4226614057371991,0.06707891412789548,0.4226614057371991,1,P25,False,0.8302191086895871,1.0,1.0,0.8249890895342142,1.0,1.0
All audit data; RCADS T scores,Angry Caucasian,CP,Obsessive Compulsive,Obsessive Compulsive T,22,-0.06469520158355177,-0.4733914039464775,0.3669214096013697,0.7748520039335408,0.24329714390874446,0.2752504084581406,P25,0.18819168585254475,-0.13750316012873842,0.18819168585254475,1,P25,False,0.9507113676090497,1.0,1.0,0.9193931169117273,1.0,1.0
All audit data; RCADS T scores,Happy Caucasian,LOT,Social Phobia,Social Phobia T,22,-0.10417286596171477,-0.5036604645313022,0.3320178584490211,0.6445465145772418,0.02546695829115349,0.9104302838357817,P27,0.09485240742477771,-0.20490298790374775,0.09485240742477771,0,,False,0.9281469809912282,1.0,1.0,0.987801668201174,1.0,1.0
All audit data; RCADS T scores,Happy Caucasian,LOT,Panic Disorder,Panic Disorder T,22,0.04470623577234846,-0.38414273568099994,0.4576879393303001,0.8433979586099101,0.09915071454486207,0.6606642845362056,P27,0.22184019363405316,-0.08375413241670104,0.22184019363405316,0,,False,0.9507113676090497,1.0,1.0,0.987801668201174,1.0,1.0
All audit data; RCADS T scores,Happy Caucasian,LOT,Major Depression,Major Depression T,22,0.1752373061337964,-0.26602551218993453,0.5557836103699011,0.4353776182435074,0.2641744155915816,0.23482955935787583,P27,0.48565894460021786,0.05387900734791905,0.48565894460021786,0,,False,0.8396568351839072,1.0,1.0,0.9045360698982794,1.0,1.0
All audit data; RCADS T scores,Happy Caucasian,LOT,Separation Anxiety,Separation Anxiety T,22,-0.23699763536632595,-0.5987762378284531,0.20510493905219518,0.28825686476576495,0.13812668649773918,0.5398737751869686,P27,0.22458103106680313,-0.3578202595243212,0.22458103106680313,0,,False,0.7875559048622089,1.0,1.0,0.987801668201174,1.0,1.0
All audit data; RCADS T scores,Happy Caucasian,LOT,Generalized Anxiety,Generalized Anxiety T,22,0.041483711802734066,-0.38689142086980505,0.4551319539114714,0.8545654518528776,0.30835250148232424,0.16266204075994678,P27,0.38666366476032976,-0.0587641713472916,0.38666366476032976,0,,False,0.9514749360836163,1.0,1.0,0.8639754296102091,1.0,1.0
All audit data; RCADS T scores,Happy Caucasian,LOT,Obsessive Compulsive,Obsessive Compulsive T,22,0.053437718904988094,-0.37665672629389363,0.4645792902224465,0.813290845730952,0.05667392293403695,0.8021941008777711,P30,0.22275828681699378,-0.060417727096959556,0.22275828681699378,0,,False,0.9507113676090497,1.0,1.0,0.987801668201174,1.0,1.0
All audit data; RCADS T scores,Happy Caucasian,ROT,Social Phobia,Social Phobia T,22,-0.3688466170824071,-0.6840753010152711,0.06247765858538062,0.09117729235742157,0.028296620323503878,0.9005234451810953,P27,0.07695105012652709,-0.42653741504982323,0.07695105012652709,1,P27,False,0.5917150650980996,1.0,1.0,0.987801668201174,1.0,1.0
All audit data; RCADS T scores,Happy Caucasian,ROT,Panic Disorder,Panic Disorder T,22,-0.29178488168461786,-0.6352460173089134,0.14803463343135848,0.18763911180834292,-0.04305973888805438,0.8491003166175339,P27,0.04138355261492288,-0.3959987880094297,0.04138355261492288,1,P27,False,0.7152361438341542,1.0,1.0,0.987801668201174,1.0,1.0
All audit data; RCADS T scores,Happy Caucasian,ROT,Major Depression,Major Depression T,22,-0.4618335770608758,-0.7394596613711714,-0.0499512932040684,0.030482050850925146,-0.28685033109300495,0.19555681945447578,P27,-0.13986750249346688,-0.5066555050673456,-0.13986750249346688,1,P27,False,0.37985324906537493,1.0,1.0,0.8931070513271235,1.0,1.0
All audit data; RCADS T scores,Happy Caucasian,ROT,Separation Anxiety,Separation Anxiety T,22,-0.7946261724863597,-0.9110227647367118,-0.5609467145796674,1.000291221914295e-05,-0.34305234433454895,0.1180524161122705,P27,-0.28362345883002826,-0.8346237246106512,-0.28362345883002826,1,P27,False,0.0015677529527132242,0.00997012740607191,0.003230940646783173,0.8249890895342142,1.0,1.0
All audit data; RCADS T scores,Happy Caucasian,ROT,Generalized Anxiety,Generalized Anxiety T,22,-0.5249340924278357,-0.7750181259704062,-0.13269276300157626,0.012126936505944551,-0.2305545407031743,0.30194834873542886,P27,-0.01913064449025972,-0.7217741114216039,-0.01913064449025972,1,P27,False,0.22666583174934066,1.0,1.0,0.9261514292354571,1.0,1.0
All audit data; RCADS T scores,Happy Caucasian,ROT,Obsessive Compulsive,Obsessive Compulsive T,22,-0.10570525497087611,-0.5048159585457072,0.33063850293043523,0.6396586922694854,-0.26390584315748516,0.23532344345055134,P30,-0.2329834611032302,-0.2329834611032302,-0.08133712693232562,1,P27,False,0.9252206084612199,1.0,1.0,0.9045360698982794,1.0,1.0
All audit data; RCADS T scores,Happy Caucasian,O,Social Phobia,Social Phobia T,22,-0.3343360646516313,-0.6625519162800838,0.1015927912273953,0.12831231770939142,-0.11431834610695567,0.612458335039938,P27,-0.19539470300065287,-0.3987588431900604,-0.19539470300065287,2,P25; P27,False,0.6204953871319824,1.0,1.0,0.987801668201174,1.0,1.0
All audit data; RCADS T scores,Happy Caucasian,O,Panic Disorder,Panic Disorder T,22,0.13739990593113735,-0.3016848296522829,0.5283987615812524,0.5420292236737967,0.084419751241054,0.7087626331593857,P27,0.32026420685648177,-0.04529701221319544,0.32026420685648177,2,P25; P27,False,0.8844948430947059,1.0,1.0,0.987801668201174,1.0,1.0
All audit data; RCADS T scores,Happy Caucasian,O,Major Depression,Major Depression T,22,0.08380552430251792,-0.3501757223140473,0.4881655603430438,0.71079314555999,-0.013605549300853987,0.9520814601431706,P25,-0.19739773391032966,-0.19739773391032966,0.3536460506158532,2,P25; P27,False,0.9507113676090497,1.0,1.0,0.987801668201174,1.0,1.0
All audit data; RCADS T scores,Happy Caucasian,O,Separation Anxiety,Separation Anxiety T,22,-0.13636221237745544,-0.527636089794882,0.3026457825688381,0.5451136088548958,0.15624166177613122,0.48746651935633767,P27,0.37060935142938567,-0.39641496641007995,0.37060935142938567,2,P25; P27,False,0.8844948430947059,1.0,1.0,0.987801668201174,1.0,1.0
All audit data; RCADS T scores,Happy Caucasian,O,Generalized Anxiety,Generalized Anxiety T,22,-0.1542164989746276,-0.5406710654059074,0.2859864978858143,0.49319647631587615,0.11868448031271782,0.5988530692033547,P27,0.10900339770356436,-0.2965374397018209,0.10900339770356436,2,P25; P27,False,0.853799142081256,1.0,1.0,0.987801668201174,1.0,1.0
All audit data; RCADS T scores,Happy Caucasian,O,Obsessive Compulsive,Obsessive Compulsive T,22,0.0690185009401079,-0.3631573838324164,0.47675398700460064,0.7602191827093561,0.0669782725584073,0.7671150914321154,P25,-0.11752059637733957,-0.11752059637733957,0.18224150510402493,2,P25; P27,False,0.9507113676090497,1.0,1.0,0.987801668201174,1.0,1.0
All audit data; RCADS T scores,Happy Caucasian,Frontal,Social Phobia,Social Phobia T,22,0.20064149531887157,-0.2413863409222605,0.5737179110481666,0.37062038994266433,0.19751040985805704,0.3782880820482645,P20,0.09446884052211024,0.09446884052211024,0.2614655692790829,0,,False,0.8014192172330504,1.0,1.0,0.9844634883820393,1.0,1.0
All audit data; RCADS T scores,Happy Caucasian,Frontal,Panic Disorder,Panic Disorder T,22,0.2784071331240286,-0.16224549510382905,0.6264800984452248,0.2096221487925249,0.3830050458990101,0.07851101695353088,P35,0.4845961695832409,0.17871657929255783,0.4845961695832409,0,,False,0.7463469913052534,1.0,1.0,0.7267876997984002,1.0,1.0
All audit data; RCADS T scores,Happy Caucasian,Frontal,Major Depression,Major Depression T,22,0.05723642086570207,-0.3733822468633613,0.4675619623978679,0.8002690171736173,0.085601581017873,0.7048611161235825,P31,-0.034739833224896294,-0.034739833224896294,0.13635155530492354,0,,False,0.9507113676090497,1.0,1.0,0.987801668201174,1.0,1.0
All audit data; RCADS T scores,Happy Caucasian,Frontal,Separation Anxiety,Separation Anxiety T,22,0.15940580511794747,-0.28109408525549684,0.5444251606366862,0.4785808158127608,0.33625922860515195,0.12599548840861738,P27,0.3778095133639986,0.08035059757806923,0.3778095133639986,0,,False,0.853799142081256,1.0,1.0,0.8249890895342142,1.0,1.0
All audit data; RCADS T scores,Happy Caucasian,Frontal,Generalized Anxiety,Generalized Anxiety T,22,0.2132460158243597,-0.22894613595931113,0.5824853477331721,0.34066611642056044,0.33277083953709397,0.13022036044616928,P27,0.3163381042512048,0.14046654682126888,0.3163381042512048,0,,False,0.7959996929772554,1.0,1.0,0.8249890895342142,1.0,1.0
All audit data; RCADS T scores,Happy Caucasian,Frontal,Obsessive Compulsive,Obsessive Compulsive T,22,0.3381967907782878,-0.09728289573892632,0.6649869881991837,0.12369186102348909,0.33374643505599527,0.12902872060051923,P30,0.22032753569540275,0.22032753569540275,0.4170026413432868,0,,False,0.6129586208055512,1.0,1.0,0.8249890895342142,1.0,1.0
All audit data; RCADS T scores,Happy Caucasian,PO,Social Phobia,Social Phobia T,22,-0.18586499409286317,-0.5633296604415915,0.25578754034096735,0.40758625629001316,0.01810983700704248,0.9362447431839929,P27,0.06292700846804619,-0.25529861629501155,0.06292700846804619,0,,False,0.8302191086895871,1.0,1.0,0.987801668201174,1.0,1.0
All audit data; RCADS T scores,Happy Caucasian,PO,Panic Disorder,Panic Disorder T,22,0.15795880560958347,-0.28246060422288527,0.5433799075462441,0.4826341852395103,0.2583584333283263,0.2456764634291623,P27,0.4454629888424307,-0.024697311771074783,0.4454629888424307,0,,False,0.853799142081256,1.0,1.0,0.9045360698982794,1.0,1.0
All audit data; RCADS T scores,Happy Caucasian,PO,Major Depression,Major Depression T,22,-0.23327833265477835,-0.5962448383100231,0.20887323916255873,0.2961124220693694,-0.0663270528416632,0.7693198085686848,P27,0.04762651938154634,-0.32218245389851097,0.04762651938154634,0,,False,0.7875559048622089,1.0,1.0,0.987801668201174,1.0,1.0
All audit data; RCADS T scores,Happy Caucasian,PO,Separation Anxiety,Separation Anxiety T,22,-0.4053361194349145,-0.7062511034217079,0.01962633293619279,0.06128011269301756,-0.019247161233291527,0.9322494505739679,P27,0.11602281277902304,-0.5608230302623226,0.11602281277902304,0,,False,0.5348892207357069,1.0,1.0,0.987801668201174,1.0,1.0
All audit data; RCADS T scores,Happy Caucasian,PO,Generalized Anxiety,Generalized Anxiety T,22,-0.10612970560517965,-0.5051357617177682,0.33025611048976095,0.6383073706908171,0.15729952653886523,0.48448666243963745,P27,0.31177958514580795,-0.2899832790930241,0.31177958514580795,0,,False,0.9252206084612199,1.0,1.0,0.987801668201174,1.0,1.0
All audit data; RCADS T scores,Happy Caucasian,PO,Obsessive Compulsive,Obsessive Compulsive T,22,0.12094846862762869,-0.3168153083137909,0.5162327143770982,0.5918484858519247,0.0921666827513126,0.6833206418683977,P30,-0.04399530610231296,-0.04399530610231296,0.21021031541041935,0,,False,0.9029082457249613,1.0,1.0,0.987801668201174,1.0,1.0
All audit data; RCADS T scores,Happy Caucasian,CP,Social Phobia,Social Phobia T,22,-0.27142941189858966,-0.6218726590806134,0.16958592846940512,0.22174406538326413,0.029428485136444034,0.8965646290235407,P25,-0.028221691826649194,-0.32840848215086255,-0.028221691826649194,1,P25,False,0.7476056371126593,1.0,1.0,0.987801668201174,1.0,1.0
All audit data; RCADS T scores,Happy Caucasian,CP,Panic Disorder,Panic Disorder T,22,0.06381681908224217,-0.3676844386578908,0.4727067550956218,0.7778342295310846,0.13371182075764257,0.5530277714852105,P27,0.14943653855388167,-0.005646407497309724,0.14943653855388167,1,P25,False,0.9507113676090497,1.0,1.0,0.987801668201174,1.0,1.0
All audit data; RCADS T scores,Happy Caucasian,CP,Major Depression,Major Depression T,22,0.22149041809915607,-0.22073031838962726,0.5881738761023316,0.3218730362231019,0.07369672537962577,0.7444739249975556,P25,-0.1242348646975099,-0.1242348646975099,0.38103877128710434,1,P25,False,0.7875559048622089,1.0,1.0,0.987801668201174,1.0,1.0
All audit data; RCADS T scores,Happy Caucasian,CP,Separation Anxiety,Separation Anxiety T,22,0.05048606520304581,-0.37919365184821907,0.4622552466478417,0.8234421895224988,0.21794579631815403,0.32987500264527936,P25,-0.30021323752900675,-0.30021323752900675,0.391374237053266,1,P25,False,0.9507113676090497,1.0,1.0,0.9458362907705355,1.0,1.0
All audit data; RCADS T scores,Happy Caucasian,CP,Generalized Anxiety,Generalized Anxiety T,22,0.03259569298380123,-0.3944333006530383,0.4480468031235409,0.8854998937913579,0.15673165821201013,0.4860851343043562,P27,0.19741935177828818,-0.06353036596150786,0.19741935177828818,1,P25,False,0.9659998841360268,1.0,1.0,0.987801668201174,1.0,1.0
All audit data; RCADS T scores,Happy Caucasian,CP,Obsessive Compulsive,Obsessive Compulsive T,22,0.253782331420076,-0.187934500879142,0.6101108817942738,0.25443512283726705,0.1975000344670984,0.3783136390429409,P30,0.3441122137416696,0.19707424139572982,0.3441122137416696,1,P25,False,0.7704390635446217,1.0,1.0,0.9844634883820393,1.0,1.0
P27 omitted; RCADS T scores,Angry Neutral,LOT,Social Phobia,Social Phobia T,13,0.3149752526971152,-0.28556974636705584,0.7379003571833268,0.29453920338589823,0.2692307692307692,0.37373304228189164,P8,0.1376445758148226,0.1376445758148226,0.4654673932755332,3,P11; P4; P8,True,0.9761496100637267,1.0,1.0,0.922990404790034,1.0,1.0
P27 omitted; RCADS T scores,Angry Neutral,LOT,Panic Disorder,Panic Disorder T,13,0.5141588186661312,-0.05138296722552232,0.8300079019675897,0.07224859507248631,0.2889067231876921,0.3383958355073424,P8,0.08371179678651619,0.08371179678651619,0.679230089708113,3,P11; P4; P8,True,0.968491629530791,1.0,1.0,0.922990404790034,1.0,1.0
P27 omitted; RCADS T scores,Angry Neutral,LOT,Major Depression,Major Depression T,13,0.43640191868101336,-0.1508571400173471,0.7959904796833182,0.1359937672295306,0.21517425595870956,0.4801957872242605,P8,0.2727931218839503,0.2727931218839503,0.5185622233686238,3,P11; P4; P8,True,0.968491629530791,1.0,1.0,0.922990404790034,1.0,1.0
P27 omitted; RCADS T scores,Angry Neutral,LOT,Separation Anxiety,Separation Anxiety T,13,0.4498332055960672,-0.134484206750282,0.8020333508798508,0.12300055053157548,0.37345291387552554,0.20878224360202818,P8,0.1541753432590804,0.1541753432590804,0.5833458349614821,3,P11; P4; P8,True,0.968491629530791,1.0,1.0,0.922990404790034,1.0,1.0
P27 omitted; RCADS T scores,Angry Neutral,LOT,Generalized Anxiety,Generalized Anxiety T,13,0.516678584295156,-0.04796011342249459,0.8310723059656575,0.07062421124311057,0.39834977480056055,0.1776064247525439,P8,0.25364990868325105,0.25364990868325105,0.6010589974283455,3,P11; P4; P8,True,0.968491629530791,1.0,1.0,0.922990404790034,1.0,1.0
P27 omitted; RCADS T scores,Angry Neutral,LOT,Obsessive Compulsive,Obsessive Compulsive T,13,0.4699711939447332,-0.109322993327194,0.8109605228613024,0.10511707621656305,0.3779342700813232,0.2029366669647055,P11,0.1810396486469041,0.1810396486469041,0.5978990500789338,3,P11; P4; P8,True,0.968491629530791,1.0,1.0,0.922990404790034,1.0,1.0
P27 omitted; RCADS T scores,Angry Neutral,ROT,Social Phobia,Social Phobia T,13,0.5070767147514909,-0.06093267924953949,0.8270038958117018,0.0769537139725843,0.6098901098901099,0.026877834421252016,P4,0.6976447223945651,0.43997263922522833,0.6976447223945651,0,,True,0.968491629530791,1.0,1.0,0.7339314089235879,1.0,1.0
P27 omitted; RCADS T scores,Angry Neutral,ROT,Panic Disorder,Panic Disorder T,13,0.6195292698400662,0.10406760218044088,0.8726381957300797,0.023930908449000865,0.8056052858118338,0.000886674246426557,P4,0.7269017593153742,0.5567231501284932,0.7269017593153742,0,,True,0.968491629530791,1.0,1.0,0.15486462390851996,0.9848618230246052,0.28728245584220446
P27 omitted; RCADS T scores,Angry Neutral,ROT,Major Depression,Major Depression T,13,0.29922740618732596,-0.3014594931863886,0.7298778225802707,0.32062439633212414,0.27310578640913136,0.3666243713942686,P6,0.18316873822096247,0.18316873822096247,0.39724048424750297,0,,True,0.9761496100637267,1.0,1.0,0.922990404790034,1.0,1.0
P27 omitted; RCADS T scores,Angry Neutral,ROT,Separation Anxiety,Separation Anxiety T,13,0.41690926398307004,-0.1740593681113465,0.7870911645429736,0.1564110986162099,0.3568550065921688,0.23133304975131475,P8,0.2885787665378011,0.2885787665378011,0.5298889726628557,0,,True,0.968491629530791,1.0,1.0,0.922990404790034,1.0,1.0
P27 omitted; RCADS T scores,Angry Neutral,ROT,Generalized Anxiety,Generalized Anxiety T,13,0.32508630671349076,-0.27519050719919047,0.7429890600599421,0.27845490427156416,0.475806675456225,0.10028439562199336,P4,0.5808403517204591,0.1705514537063275,0.5808403517204591,0,,True,0.9761496100637267,1.0,1.0,0.8331319020904064,1.0,1.0
P27 omitted; RCADS T scores,Angry Neutral,ROT,Obsessive Compulsive,Obsessive Compulsive T,13,0.15887328820377042,-0.42972914841928317,0.6527214157451142,0.6041650381257518,0.12965628243665833,0.6729021239768895,P1,0.28671638669460286,0.09126687045459989,0.28671638669460286,0,,True,0.9805689848651294,1.0,1.0,0.932951039197122,1.0,1.0
P27 omitted; RCADS T scores,Angry Neutral,O,Social Phobia,Social Phobia T,13,-0.08489252399608685,-0.6074639819806726,0.48896383297378826,0.7827476853423625,0.005494505494505494,0.9857869107140623,P4,0.02512288359345288,-0.13994682366604666,0.02512288359345288,1,P4,True,0.9805689848651294,1.0,1.0,0.9857869107140623,1.0,1.0
P27 omitted; RCADS T scores,Angry Neutral,O,Panic Disorder,Panic Disorder T,13,-0.20488459813850327,-0.6791964932806355,0.3901433650020247,0.5019227523191632,0.0333353911370414,0.9139082725605309,P4,0.24153633491413837,-0.24321675045661656,0.24153633491413837,1,P4,True,0.9805689848651294,1.0,1.0,0.9740338168079342,1.0,1.0
P27 omitted; RCADS T scores,Angry Neutral,O,Major Depression,Major Depression T,13,-0.04768345224071313,-0.5833426617516155,0.5168818246433254,0.8770674046591769,0.1986223901157319,0.5153593167094807,P4,0.2306324854625312,-0.10952810745828166,0.2306324854625312,1,P4,True,0.9867008302415741,1.0,1.0,0.922990404790034,1.0,1.0
P27 omitted; RCADS T scores,Angry Neutral,O,Separation Anxiety,Separation Anxiety T,13,-0.20670374836846617,-0.6802184737591321,0.3885317130192083,0.49804949954739935,-0.10235376158069957,0.7393364826335795,P4,0.05218680850158411,-0.2415333418812497,0.05218680850158411,1,P4,True,0.9805689848651294,1.0,1.0,0.936593041376664,1.0,1.0
P27 omitted; RCADS T scores,Angry Neutral,O,Generalized Anxiety,Generalized Anxiety T,13,0.07021566453390768,-0.500118106347199,0.5980632169689089,0.8196955059517246,0.2600338807725881,0.3908932727563341,P4,0.24876490615437036,0.03595391682244696,0.24876490615437036,1,P4,True,0.9863469583559368,1.0,1.0,0.922990404790034,1.0,1.0
P27 omitted; RCADS T scores,Angry Neutral,O,Obsessive Compulsive,Obsessive Compulsive T,13,-0.08798603596250289,-0.6094269225463532,0.4865886009972062,0.7750106817431333,-0.09379390644354006,0.7605369827695672,P4,0.0694869747636157,-0.13627339909577924,0.0694869747636157,1,P4,True,0.9805689848651294,1.0,1.0,0.9369352943625086,1.0,1.0
P27 omitted; RCADS T scores,Angry Neutral,Frontal,Social Phobia,Social Phobia T,13,0.15468140036890013,-0.43322658061687414,0.6502479081326528,0.6138601083717804,0.16483516483516483,0.5904789886520052,P6,0.024268032144130664,0.024268032144130664,0.2562953837094554,2,P1; P4,True,0.9805689848651294,1.0,1.0,0.922990404790034,1.0,1.0
P27 omitted; RCADS T scores,Angry Neutral,Frontal,Panic Disorder,Panic Disorder T,13,0.07875916822993273,-0.49364806262090577,0.6035531925123292,0.7981413738029834,0.333353911370414,0.265691879935396,P1,0.1978540882791216,-0.0395042545722563,0.1978540882791216,2,P1; P4,True,0.9805689848651294,1.0,1.0,0.922990404790034,1.0,1.0
P27 omitted; RCADS T scores,Angry Neutral,Frontal,Major Depression,Major Depression T,13,-0.06718140942737028,-0.5961014389836781,0.5024007430257412,0.8273794629207458,0.01655186584297766,0.957199579153088,P6,-0.2682057285790041,-0.2682057285790041,0.0825443099440893,2,P1; P4,True,0.9863469583559368,1.0,1.0,0.9760304651685182,1.0,1.0
P27 omitted; RCADS T scores,Angry Neutral,Frontal,Separation Anxiety,Separation Anxiety T,13,-0.10556630994705524,-0.6204621311018264,0.4729270217655197,0.7314225757110426,-0.15491380131132906,0.6133210732173398,P1,0.09813300626925534,-0.2521888320618926,0.09813300626925534,2,P1; P4,True,0.9805689848651294,1.0,1.0,0.922990404790034,1.0,1.0
P27 omitted; RCADS T scores,Angry Neutral,Frontal,Generalized Anxiety,Generalized Anxiety T,13,-0.016781788127825666,-0.5625653194781955,0.5391891362908819,0.9566055364810856,0.04702740396951061,0.8787474759008751,P7,0.14201229655739925,-0.15955948834182354,0.14201229655739925,2,P1; P4,True,0.9929759858584547,1.0,1.0,0.9624125274206469,1.0,1.0
P27 omitted; RCADS T scores,Angry Neutral,Frontal,Obsessive Compulsive,Obsessive Compulsive T,13,-0.24384655608345537,-0.7006900394289546,0.3548094820140931,0.4220656703852793,-0.24551934333750192,0.418787993709676,P1,0.04891766697804072,-0.3390889958239023,0.04891766697804072,2,P1; P4,True,0.9805689848651294,1.0,1.0,0.922990404790034,1.0,1.0
P27 omitted; RCADS T scores,Angry Neutral,PO,Social Phobia,Social Phobia T,13,0.1214358551677459,-0.46035126029414164,0.6302514302271164,0.6926998334493939,0.19230769230769232,0.5290679872349875,P7,0.18980588201475224,0.05651565033993883,0.18980588201475224,1,P4,True,0.9805689848651294,1.0,1.0,0.922990404790034,1.0,1.0
P27 omitted; RCADS T scores,Angry Neutral,PO,Panic Disorder,Panic Disorder T,13,0.29877539008269915,-0.3019107090708634,0.7296457840194682,0.3213915880432439,0.427804186258698,0.14476922075686519,P8,0.21585051876033584,0.21585051876033584,0.3611688317064221,1,P4,True,0.9761496100637267,1.0,1.0,0.922990404790034,1.0,1.0
P27 omitted; RCADS T scores,Angry Neutral,PO,Major Depression,Major Depression T,13,0.09437952561373543,-0.48165254258779233,0.6134636554060935,0.759081465208372,0.16276001412261362,0.5952288234977063,P7,0.21943403487770363,0.017366942119200684,0.21943403487770363,1,P4,True,0.9805689848651294,1.0,1.0,0.922990404790034,1.0,1.0
P27 omitted; RCADS T scores,Angry Neutral,PO,Separation Anxiety,Separation Anxiety T,13,0.23772501504947516,-0.3604765880360718,0.697367090936081,0.43416919191748865,0.01383158940279724,0.9642293357429421,P7,0.37830993750580866,0.12062773506145563,0.37830993750580866,1,P4,True,0.9805689848651294,1.0,1.0,0.9760304651685182,1.0,1.0
P27 omitted; RCADS T scores,Angry Neutral,PO,Generalized Anxiety,Generalized Anxiety T,13,-0.0017483702527890804,-0.5522017218455698,0.549766536357901,0.9954771627933642,0.19917488740028028,0.5141674591224712,P4,0.14836518139378965,-0.1395481878064728,0.14836518139378965,1,P4,True,0.9983095505440389,1.0,1.0,0.922990404790034,1.0,1.0
P27 omitted; RCADS T scores,Angry Neutral,PO,Obsessive Compulsive,Obsessive Compulsive T,13,0.027867742794777547,-0.5312751384770472,0.5700993311261828,0.9279928647048838,-0.15724272550828777,0.6079292395803791,P4,-0.17878913725683448,-0.17878913725683448,0.09665620195914895,1,P4,True,0.9929759858584547,1.0,1.0,0.922990404790034,1.0,1.0
P27 omitted; RCADS T scores,Angry Neutral,CP,Social Phobia,Social Phobia T,13,0.20978734066056515,-0.3857915011814817,0.6819466104478472,0.4915153191935477,0.0879120879120879,0.7751954088891221,P8,0.09020075759883146,0.09020075759883146,0.29653707587409117,2,P11; P4,True,0.9805689848651294,1.0,1.0,0.938749914312209,1.0,1.0
P27 omitted; RCADS T scores,Angry Neutral,CP,Panic Disorder,Panic Disorder T,13,0.3472913422955631,-0.2518946028846645,0.7539974111671693,0.24497170048328606,0.2666831290963312,0.3784460937891163,P8,0.0974259250422958,0.0974259250422958,0.4605060774225684,2,P11; P4,True,0.968491629530791,1.0,1.0,0.922990404790034,1.0,1.0
P27 omitted; RCADS T scores,Angry Neutral,CP,Major Depression,Major Depression T,13,0.25358788539218574,-0.3456996815771781,0.705937361903695,0.4031599686309067,0.29517494086643487,0.3275390514585236,P8,0.12234455121844948,0.12234455121844948,0.382358837397227,2,P11; P4,True,0.9802280141180293,1.0,1.0,0.922990404790034,1.0,1.0
P27 omitted; RCADS T scores,Angry Neutral,CP,Separation Anxiety,Separation Anxiety T,13,0.26686842788139803,-0.3330954180754338,0.7130120269727727,0.37810224571157625,0.160446437072448,0.6005419005682278,P8,0.06940838589836354,0.06940838589836354,0.3958007688550449,2,P11; P4,True,0.9802280141180293,1.0,1.0,0.922990404790034,1.0,1.0
P27 omitted; RCADS T scores,Angry Neutral,CP,Generalized Anxiety,Generalized Anxiety T,13,0.278488493457654,-0.3218883430738661,0.7191285113743003,0.3568707366429613,0.2683328344142665,0.3753906317584065,P8,0.08112736471004364,0.08112736471004364,0.4503067114031047,2,P11; P4,True,0.9802280141180293,1.0,1.0,0.922990404790034,1.0,1.0
P27 omitted; RCADS T scores,Angry Neutral,CP,Obsessive Compulsive,Obsessive Compulsive T,13,0.3695479319925168,-0.22782633922115406,0.7648067428093025,0.21396013718471524,0.3200027396309014,0.28647643009961093,P11,0.10909075057864528,0.10909075057864528,0.4511510518531311,2,P11; P4,True,0.968491629530791,1.0,1.0,0.922990404790034,1.0,1.0
P27 omitted; RCADS T scores,Neutral Angry,LOT,Social Phobia,Social Phobia T,34,0.013569503213114384,-0.3260925485426495,0.35012855180454255,0.9392862701813987,0.21387610831799958,0.22453056067972632,P25,0.3863868997506128,-0.03889495209294386,0.3863868997506128,1,P25,False,0.9929759858584547,1.0,1.0,0.922990404790034,1.0,1.0
P27 omitted; RCADS T scores,Neutral Angry,LOT,Panic Disorder,Panic Disorder T,34,0.15607114714715925,-0.19224060769348594,0.46945974159124765,0.37808909349810915,0.19551794759683117,0.26779701658835847,P35,0.26503451337357625,0.08628897821996603,0.26503451337357625,1,P25,False,0.9802280141180293,1.0,1.0,0.922990404790034,1.0,1.0
P27 omitted; RCADS T scores,Neutral Angry,LOT,Major Depression,Major Depression T,34,0.1885368714121726,-0.15981831504381824,0.49513443042140665,0.28559169232014625,0.08068607910933825,0.6501026017068989,P25,-0.01130964767839985,-0.01130964767839985,0.2240225280813922,1,P25,False,0.9761496100637267,1.0,1.0,0.932951039197122,1.0,1.0
P27 omitted; RCADS T scores,Neutral Angry,LOT,Separation Anxiety,Separation Anxiety T,34,0.3435157862584963,0.006053268020115995,0.6107352657257098,0.046690507709168494,0.33371772774152925,0.05375464176439481,P10,0.3917004425197679,0.31109382676332553,0.3917004425197679,1,P25,False,0.968491629530791,1.0,1.0,0.7339314089235879,1.0,1.0
P27 omitted; RCADS T scores,Neutral Angry,LOT,Generalized Anxiety,Generalized Anxiety T,34,0.22659972619329133,-0.12082454549311578,0.524568644281846,0.197498933838065,0.16629815452412508,0.34723084180365593,P25,0.2916606094242502,0.1735714724108447,0.2916606094242502,1,P25,False,0.968491629530791,1.0,1.0,0.922990404790034,1.0,1.0
P27 omitted; RCADS T scores,Neutral Angry,LOT,Obsessive Compulsive,Obsessive Compulsive T,34,0.22566075115142414,-0.12179955922483059,0.5238509991001378,0.1994125030936134,0.23358037865822245,0.18367323666793264,P30,0.3129878733699878,0.1894043979067179,0.3129878733699878,1,P25,False,0.968491629530791,1.0,1.0,0.922990404790034,1.0,1.0
P27 omitted; RCADS T scores,Neutral Angry,ROT,Social Phobia,Social Phobia T,34,0.07946021272031895,-0.26584903958981626,0.4066976523472207,0.6550875667472316,0.10632610535122299,0.5495110445570479,P24,0.1796289968415414,0.0184231438403537,0.1796289968415414,0,,False,0.9805689848651294,1.0,1.0,0.922990404790034,1.0,1.0
P27 omitted; RCADS T scores,Neutral Angry,ROT,Panic Disorder,Panic Disorder T,34,0.053114877329666195,-0.29026444272636553,0.38437654587025155,0.7654464087167223,0.1879921192918471,0.2870115229945434,P8,0.2117631320864993,-0.004281819114982475,0.2117631320864993,0,,False,0.9805689848651294,1.0,1.0,0.922990404790034,1.0,1.0
P27 omitted; RCADS T scores,Neutral Angry,ROT,Major Depression,Major Depression T,34,0.05226650354688642,-0.2910433085278862,0.3836512653686238,0.7690905765252442,0.024190513281357576,0.8919814558275865,P26,-0.04283664525597717,-0.04283664525597717,0.1376110869808334,0,,False,0.9805689848651294,1.0,1.0,0.9624125274206469,1.0,1.0
P27 omitted; RCADS T scores,Neutral Angry,ROT,Separation Anxiety,Separation Anxiety T,34,0.06063219250344039,-0.28334309481703635,0.39078533409688565,0.733379892790492,0.021451093610566616,0.9041540658599156,P24,0.17293440759994685,-0.04938664763280248,0.17293440759994685,0,,False,0.9805689848651294,1.0,1.0,0.9668182090383256,1.0,1.0
P27 omitted; RCADS T scores,Neutral Angry,ROT,Generalized Anxiety,Generalized Anxiety T,34,0.06334023505295568,-0.2808409335203932,0.39308622438746826,0.7219327763501557,0.05901893838933829,0.7402263613573571,P24,0.15557751152719126,-0.007054838232610956,0.15557751152719126,0,,False,0.9805689848651294,1.0,1.0,0.936593041376664,1.0,1.0
P27 omitted; RCADS T scores,Neutral Angry,ROT,Obsessive Compulsive,Obsessive Compulsive T,34,0.006613547940347242,-0.33229531991763406,0.3440098760990294,0.9703883769952797,-0.028196048347265645,0.8742271511192427,P24,0.0838202644527961,-0.05477631588157553,0.0838202644527961,0,,False,0.9929759858584547,1.0,1.0,0.9624125274206469,1.0,1.0
P27 omitted; RCADS T scores,Neutral Angry,O,Social Phobia,Social Phobia T,34,-0.018774690527262328,-0.3546884864838222,0.32143176336304147,0.9160674337140112,-0.028455619561622264,0.8730786003148063,P29,0.04634019338978013,-0.06589829847509814,0.04634019338978013,2,P29; P4,False,0.9929759858584547,1.0,1.0,0.9624125274206469,1.0,1.0
P27 omitted; RCADS T scores,Neutral Angry,O,Panic Disorder,Panic Disorder T,34,0.031290584356949536,-0.3101570093970201,0.3655878499095999,0.8605515156354002,-0.1210276062107643,0.49535108601625344,P4,-0.1876691046809441,-0.1876691046809441,0.09408153249599621,2,P29; P4,False,0.9864537685813043,1.0,1.0,0.922990404790034,1.0,1.0
P27 omitted; RCADS T scores,Neutral Angry,O,Major Depression,Major Depression T,34,-0.07644647161834428,-0.40416389624584814,0.26866462971234395,0.6674049208410469,-0.17132395165720965,0.33264316447266473,P4,-0.18391554311149308,-0.18391554311149308,-0.027042785534918557,2,P29; P4,False,0.9805689848651294,1.0,1.0,0.922990404790034,1.0,1.0
P27 omitted; RCADS T scores,Neutral Angry,O,Separation Anxiety,Separation Anxiety T,34,0.08051068571600475,-0.264866247750528,0.40757963959351984,0.650814928930318,-0.015628653916269962,0.9300940602402628,P4,0.024174470228953915,0.024174470228953915,0.1125413090961235,2,P29; P4,False,0.9805689848651294,1.0,1.0,0.9745121309614061,1.0,1.0
P27 omitted; RCADS T scores,Neutral Angry,O,Generalized Anxiety,Generalized Anxiety T,34,-0.09914335539152216,-0.4231230562995116,0.24731400988587585,0.5769439769600085,-0.12418568286089932,0.484082447725811,P16,-0.25627191032733715,-0.25627191032733715,0.012466057240364339,2,P29; P4,False,0.9805689848651294,1.0,1.0,0.922990404790034,1.0,1.0
P27 omitted; RCADS T scores,Neutral Angry,O,Obsessive Compulsive,Obsessive Compulsive T,34,-0.12007488894196257,-0.44035968955706284,0.2273212348822724,0.4987765572873984,-0.25669189369696477,0.14279646274373697,P4,-0.26114173069927366,-0.26114173069927366,-0.03475710125492565,2,P29; P4,False,0.9805689848651294,1.0,1.0,0.922990404790034,1.0,1.0
P27 omitted; RCADS T scores,Neutral Angry,Frontal,Social Phobia,Social Phobia T,34,-0.023392520588562705,-0.3587205421696748,0.31728305996581246,0.8955249588722582,0.060429944767961256,0.7342371153612721,P1,0.08723687464720364,-0.06869287156572071,0.08723687464720364,2,P1; P16,False,0.9929759858584547,1.0,1.0,0.936593041376664,1.0,1.0
P27 omitted; RCADS T scores,Neutral Angry,Frontal,Panic Disorder,Panic Disorder T,34,0.04812681299835149,-0.2948373139795163,0.38010634179588126,0.7869409277829729,0.1892208259538853,0.2838154597464834,P1,-0.004933506409042464,-0.004933506409042464,0.09777366101162988,2,P1; P16,False,0.9805689848651294,1.0,1.0,0.922990404790034,1.0,1.0
P27 omitted; RCADS T scores,Neutral Angry,Frontal,Major Depression,Major Depression T,34,0.11585833168457456,-0.23137237688416737,0.4369063388992386,0.5140797708580838,0.20209795905944306,0.2517036565899177,P25,0.08989398911233895,0.08989398911233895,0.1374150288959594,2,P1; P16,False,0.9805689848651294,1.0,1.0,0.922990404790034,1.0,1.0
P27 omitted; RCADS T scores,Neutral Angry,Frontal,Separation Anxiety,Separation Anxiety T,34,0.16722566779730258,-0.18118610109743508,0.47834117913941965,0.3445099387139844,0.14556099235741635,0.41141835462115317,P14,0.1217771594536924,0.1217771594536924,0.21028165487369752,2,P1; P16,False,0.9761496100637267,1.0,1.0,0.922990404790034,1.0,1.0
P27 omitted; RCADS T scores,Neutral Angry,Frontal,Generalized Anxiety,Generalized Anxiety T,34,0.144083926202946,-0.20402261879645844,0.45984407036453745,0.416231606084735,0.21486582257368472,0.22234196164763226,P1,0.3426255992875268,0.01452573915399629,0.3426255992875268,2,P1; P16,False,0.9805689848651294,1.0,1.0,0.922990404790034,1.0,1.0
P27 omitted; RCADS T scores,Neutral Angry,Frontal,Obsessive Compulsive,Obsessive Compulsive T,34,0.17445079088761234,-0.17397846598831768,0.484060193226985,0.3237605275999097,0.06794785421390244,0.702592757913882,P1,-0.007808622263378796,-0.007808622263378796,0.24751862546377718,2,P1; P16,False,0.9761496100637267,1.0,1.0,0.932951039197122,1.0,1.0
P27 omitted; RCADS T scores,Neutral Angry,PO,Social Phobia,Social Phobia T,34,0.27680630181781996,-0.0676961924573542,0.5623339454075842,0.11300796866110036,0.17608826943778078,0.31916811521559246,P13,0.2071655009254112,0.2071655009254112,0.3433112895893017,2,P16; P4,False,0.968491629530791,1.0,1.0,0.922990404790034,1.0,1.0
P27 omitted; RCADS T scores,Neutral Angry,PO,Panic Disorder,Panic Disorder T,34,0.18598660803772163,-0.16239266090868443,0.4931368153064415,0.2922776779443929,0.1631108093855732,0.35667991023271806,P13,0.06491801564361926,0.06491801564361926,0.2755685765266995,2,P16; P4,False,0.9761496100637267,1.0,1.0,0.922990404790034,1.0,1.0
P27 omitted; RCADS T scores,Neutral Angry,PO,Major Depression,Major Depression T,34,0.1841843401512495,-0.16420909223200592,0.49172314720787746,0.29706252455429955,0.2106718118680255,0.23171672131634394,P13,0.11841445801844759,0.11841445801844759,0.2299511178496097,2,P16; P4,False,0.9761496100637267,1.0,1.0,0.922990404790034,1.0,1.0
P27 omitted; RCADS T scores,Neutral Angry,PO,Separation Anxiety,Separation Anxiety T,34,0.2434670123755746,-0.10319495189182107,0.5373883492392711,0.1652815912065367,0.15674620545435466,0.37600404781645536,P13,0.15172600929153734,0.15172600929153734,0.2769684994017028,2,P16; P4,False,0.968491629530791,1.0,1.0,0.922990404790034,1.0,1.0
P27 omitted; RCADS T scores,Neutral Angry,PO,Generalized Anxiety,Generalized Anxiety T,34,0.334911388878407,-0.00366995109167198,0.6046025016336559,0.052851168753329514,0.16122621450629132,0.36233874406728217,P16,0.1179653792526983,0.1179653792526983,0.45650453668056895,2,P16; P4,False,0.968491629530791,1.0,1.0,0.922990404790034,1.0,1.0
P27 omitted; RCADS T scores,Neutral Angry,PO,Obsessive Compulsive,Obsessive Compulsive T,34,0.031159878370789602,-0.310275252305625,0.36547449742714155,0.8611283662932208,-0.007395684812397545,0.9668882365608749,P30,0.13072808516390605,-0.044027584947740644,0.13072808516390605,2,P16; P4,False,0.9864537685813043,1.0,1.0,0.9760304651685182,1.0,1.0
P27 omitted; RCADS T scores,Neutral Angry,CP,Social Phobia,Social Phobia T,34,-0.17788078828896475,-0.48676596482853474,0.17054365255453086,0.3141876772046929,-0.1529872019442057,0.38770036248129336,P25,0.018373100283232004,-0.25320551676842307,0.018373100283232004,1,P25,False,0.9761496100637267,1.0,1.0,0.922990404790034,1.0,1.0
P27 omitted; RCADS T scores,Neutral Angry,CP,Panic Disorder,Panic Disorder T,34,0.06591055334022287,-0.27846169012627864,0.395266284023072,0.7111223618040095,0.05437026979519107,0.7600629817764543,P35,0.13027507485019377,0.02308968536262641,0.13027507485019377,1,P25,False,0.9805689848651294,1.0,1.0,0.9369352943625086,1.0,1.0
P27 omitted; RCADS T scores,Neutral Angry,CP,Major Depression,Major Depression T,34,0.2459039638123405,-0.10062972826370388,0.5392293515774372,0.1609586028888047,0.12003393932015405,0.49892405886186186,P25,0.09931534386158893,0.09931534386158893,0.2865440349357823,1,P25,False,0.968491629530791,1.0,1.0,0.922990404790034,1.0,1.0
P27 omitted; RCADS T scores,Neutral Angry,CP,Separation Anxiety,Separation Anxiety T,34,0.22372069312346654,-0.12381195654660253,0.5223668984583907,0.20340697693044174,0.05454706660972655,0.7593057160864785,P25,0.12471037253993289,0.12471037253993289,0.2712743545899894,1,P25,False,0.968491629530791,1.0,1.0,0.9369352943625086,1.0,1.0
P27 omitted; RCADS T scores,Neutral Angry,CP,Generalized Anxiety,Generalized Anxiety T,34,0.23797534433168543,-0.10895882553307906,0.533229357048538,0.17532709526620852,0.111121594936176,0.5315437638717109,P25,0.30395254952217976,0.17945363556761543,0.30395254952217976,1,P25,False,0.968491629530791,1.0,1.0,0.922990404790034,1.0,1.0
P27 omitted; RCADS T scores,Neutral Angry,CP,Obsessive Compulsive,Obsessive Compulsive T,34,0.17774852771639857,-0.1706762559806608,0.48666174013061037,0.31455348532763927,0.07503538549245009,0.673201830081827,P30,0.26047321881692664,0.10477291126079569,0.26047321881692664,1,P25,False,0.9761496100637267,1.0,1.0,0.932951039197122,1.0,1.0
P27 omitted; RCADS T scores,Neutral Fear,LOT,Social Phobia,Social Phobia T,12,-0.16177746508374455,-0.6731782827973242,0.4543036813867603,0.6154454986076148,-0.25874125874125875,0.41677476889913845,P4,-0.37564659672420553,-0.37564659672420553,0.015996596066057953,1,P4,True,0.9805689848651294,1.0,1.0,0.922990404790034,1.0,1.0
P27 omitted; RCADS T scores,Neutral Fear,LOT,Panic Disorder,Panic Disorder T,12,-0.084554118281032,-0.6279824203674337,0.5143045082564264,0.7938884319674713,-0.16313697954690864,0.612439283185475,P4,-0.42282483966788925,-0.42282483966788925,0.03709010836197234,1,P4,True,0.9805689848651294,1.0,1.0,0.922990404790034,1.0,1.0
P27 omitted; RCADS T scores,Neutral Fear,LOT,Major Depression,Major Depression T,12,0.06781405120255599,-0.526581372254541,0.6176765649796793,0.8341329215726132,0.1335695190804731,0.6789884575548799,P6,0.31499422701151814,-0.13332914528581088,0.31499422701151814,1,P4,True,0.9863469583559368,1.0,1.0,0.932951039197122,1.0,1.0
P27 omitted; RCADS T scores,Neutral Fear,LOT,Separation Anxiety,Separation Anxiety T,12,0.012713753294446475,-0.5653126354631398,0.5823661684184746,0.968718989887523,-0.144626434700972,0.6538245602386141,P4,-0.2362610532861207,-0.2362610532861207,0.12023214222135317,1,P4,True,0.9929759858584547,1.0,1.0,0.932951039197122,1.0,1.0
P27 omitted; RCADS T scores,Neutral Fear,LOT,Generalized Anxiety,Generalized Anxiety T,12,-0.08013015204596144,-0.6252772541264847,0.5175730034965564,0.8044831908943783,-0.014084856304079975,0.965347215766319,P6,0.1127436509945989,-0.2568925353007539,0.1127436509945989,1,P4,True,0.9805689848651294,1.0,1.0,0.9760304651685182,1.0,1.0
P27 omitted; RCADS T scores,Neutral Fear,LOT,Obsessive Compulsive,Obsessive Compulsive T,12,0.324008557932228,-0.30697471033419005,0.7571237449500596,0.304217631899359,0.182457263513851,0.5703270385763173,P11,-0.03939465546407499,-0.03939465546407499,0.4309829799705707,1,P4,True,0.9761496100637267,1.0,1.0,0.922990404790034,1.0,1.0
P27 omitted; RCADS T scores,Neutral Fear,ROT,Social Phobia,Social Phobia T,12,0.18202211998297113,-0.43759152853778394,0.6844266230874911,0.5712625720821325,0.013986013986013986,0.9655902689187795,P12,-0.05908319392848788,-0.05908319392848788,0.2779193936380262,2,P10; P12,True,0.9805689848651294,1.0,1.0,0.9760304651685182,1.0,1.0
P27 omitted; RCADS T scores,Neutral Fear,ROT,Panic Disorder,Panic Disorder T,12,-0.01190706330881752,-0.5818327362737984,0.5658613576059561,0.9707029999615696,0.0709291215421342,0.826613457894019,P12,-0.18522263441106437,-0.18522263441106437,0.1330860171608684,2,P10; P12,True,0.9929759858584547,1.0,1.0,0.9463701779422691,1.0,1.0
P27 omitted; RCADS T scores,Neutral Fear,ROT,Major Depression,Major Depression T,12,0.6545119956848499,0.12910581346308064,0.8929854958603396,0.020919609210592285,0.5588829877314532,0.05889573034572001,P12,0.5541040439618412,0.5541040439618412,0.7410912323837233,2,P10; P12,True,0.968491629530791,1.0,1.0,0.7339314089235879,1.0,1.0
P27 omitted; RCADS T scores,Neutral Fear,ROT,Separation Anxiety,Separation Anxiety T,12,0.3594180621464412,-0.2702225176106758,0.7737233036300647,0.25119306332607916,0.17990117487194077,0.5758312401599606,P10,0.1705913373133427,0.1705913373133427,0.4596901065329845,2,P10; P12,True,0.968491629530791,1.0,1.0,0.922990404790034,1.0,1.0
P27 omitted; RCADS T scores,Neutral Fear,ROT,Generalized Anxiety,Generalized Anxiety T,12,0.44812292059706493,-0.16932559319146018,0.8129510352051679,0.14401286880651362,0.4436729735785192,0.14852484474790698,P12,0.32569515807175276,0.32569515807175276,0.5036687400456871,2,P10; P12,True,0.968491629530791,1.0,1.0,0.922990404790034,1.0,1.0
P27 omitted; RCADS T scores,Neutral Fear,ROT,Obsessive Compulsive,Obsessive Compulsive T,12,0.4832628136471819,-0.1254247770652018,0.8276261886445445,0.11147510481481399,0.17894846998473848,0.577888141330583,P12,0.3478716045009447,0.3478716045009447,0.556776232455172,2,P10; P12,True,0.968491629530791,1.0,1.0,0.922990404790034,1.0,1.0
P27 omitted; RCADS T scores,Neutral Fear,O,Social Phobia,Social Phobia T,12,0.16411917989847513,-0.45239250083705296,0.6744916044620041,0.6102708048111742,0.23076923076923078,0.470531995381542,P3,0.3303371227654387,0.02140646400308583,0.3303371227654387,3,P12; P3; P4,True,0.9805689848651294,1.0,1.0,0.922990404790034,1.0,1.0
P27 omitted; RCADS T scores,Neutral Fear,O,Panic Disorder,Panic Disorder T,12,0.2934723240701823,-0.3372263922053975,0.7423450407813399,0.35454913129890453,0.3262739590938173,0.3006519247123434,P4,0.1673532739300586,0.1673532739300586,0.3652058098584217,3,P12; P3; P4,True,0.9802280141180293,1.0,1.0,0.922990404790034,1.0,1.0
P27 omitted; RCADS T scores,Neutral Fear,O,Major Depression,Major Depression T,12,0.2797077908710475,-0.350449673598876,0.7355374414280045,0.37859085645617696,0.37961863317608147,0.22356045012638107,P12,0.1150698893918533,0.1150698893918533,0.4174348730650322,3,P12; P3; P4,True,0.9802280141180293,1.0,1.0,0.922990404790034,1.0,1.0
P27 omitted; RCADS T scores,Neutral Fear,O,Separation Anxiety,Separation Anxiety T,12,0.3326474004041593,-0.298178554405811,0.7612257783450332,0.29074653000888984,0.2716154993164596,0.39310778803190116,P1,0.4211525146706859,0.25849634350026823,0.4211525146706859,3,P12; P3; P4,True,0.9761496100637267,1.0,1.0,0.922990404790034,1.0,1.0
P27 omitted; RCADS T scores,Neutral Fear,O,Generalized Anxiety,Generalized Anxiety T,12,0.15854713245973895,-0.45693082889173264,0.6713612806145132,0.6226102806289922,0.24648498532139956,0.43994311321635415,P12,0.015985710240217856,0.015985710240217856,0.2637454670675703,3,P12; P3; P4,True,0.9805689848651294,1.0,1.0,0.922990404790034,1.0,1.0
P27 omitted; RCADS T scores,Neutral Fear,O,Obsessive Compulsive,Obsessive Compulsive T,12,0.20765739493538457,-0.415796766240893,0.6983349980907951,0.5172330606398844,0.13684294763538826,0.6715058784279897,P12,0.05702156599284399,0.05702156599284399,0.34400062569856804,3,P12; P3; P4,True,0.9805689848651294,1.0,1.0,0.932951039197122,1.0,1.0
P27 omitted; RCADS T scores,Neutral Fear,Frontal,Social Phobia,Social Phobia T,12,-0.062298029570962726,-0.6142388035501265,0.530573136921135,0.8474790221611193,-0.11188811188811189,0.729194990751066,P3,-0.15256861689762208,-0.15256861689762208,0.006248079401165563,1,P1,True,0.9864537685813043,1.0,1.0,0.936593041376664,1.0,1.0
P27 omitted; RCADS T scores,Neutral Fear,Frontal,Panic Disorder,Panic Disorder T,12,-0.015764587269738013,-0.5843791379762556,0.563232778116872,0.9612171885864698,-0.08511494585056102,0.7925475751726175,P1,-0.2788193227148278,-0.2788193227148278,0.04528334242898188,1,P1,True,0.9929759858584547,1.0,1.0,0.9429111181532509,1.0,1.0
P27 omitted; RCADS T scores,Neutral Fear,Frontal,Major Depression,Major Depression T,12,0.20008361943753114,-0.42231129051109345,0.6942640652457214,0.532960591768683,0.3198638483242909,0.3108020599617978,P6,0.3176230254248192,0.09239302212254598,0.3176230254248192,1,P1,True,0.9805689848651294,1.0,1.0,0.922990404790034,1.0,1.0
P27 omitted; RCADS T scores,Neutral Fear,Frontal,Separation Anxiety,Separation Anxiety T,12,0.26323858101933384,-0.36594790047171555,0.7272693944049264,0.40842833921584554,0.1375714866667782,0.6698442351987368,P1,0.07246165553698058,0.07246165553698058,0.33069436799642254,1,P1,True,0.9802280141180293,1.0,1.0,0.932951039197122,1.0,1.0
P27 omitted; RCADS T scores,Neutral Fear,Frontal,Generalized Anxiety,Generalized Anxiety T,12,0.06191127689759915,-0.5308520341424595,0.6139969783697895,0.8484161970819286,0.10563642228059981,0.743864672402831,P1,-0.028969724204756804,-0.028969724204756804,0.1472672007318831,1,P1,True,0.9864537685813043,1.0,1.0,0.936593041376664,1.0,1.0
P27 omitted; RCADS T scores,Neutral Fear,Frontal,Obsessive Compulsive,Obsessive Compulsive T,12,0.4406162291219764,-0.17839660199600063,0.8097548424495109,0.15167609056933773,0.364914527027702,0.2434852010203052,P1,0.19143046343797876,0.19143046343797876,0.5177371910793135,1,P1,True,0.968491629530791,1.0,1.0,0.922990404790034,1.0,1.0
P27 omitted; RCADS T scores,Neutral Fear,PO,Social Phobia,Social Phobia T,12,0.054739098846643276,-0.5360009102966977,0.609493562539967,0.8658272354791241,0.013986013986013986,0.9655902689187795,P6,0.2185587315941298,-0.10658505166742152,0.2185587315941298,1,P4,True,0.9864537685813043,1.0,1.0,0.9760304651685182,1.0,1.0
P27 omitted; RCADS T scores,Neutral Fear,PO,Panic Disorder,Panic Disorder T,12,0.1142627462551872,-0.49189517994180226,0.6458146935000799,0.7236443681445481,0.04255747292528051,0.8955212175519336,P4,-0.2516672115020287,-0.2516672115020287,0.23541134059392657,1,P4,True,0.9805689848651294,1.0,1.0,0.9624125274206469,1.0,1.0
P27 omitted; RCADS T scores,Neutral Fear,PO,Major Depression,Major Depression T,12,0.007831013430759193,-0.5686261409646096,0.5791298867949792,0.9807299410697214,-0.19683929127648667,0.5397591699292582,P6,0.17556984230270706,-0.11495594363342247,0.17556984230270706,1,P4,True,0.9961018837197171,1.0,1.0,0.922990404790034,1.0,1.0
P27 omitted; RCADS T scores,Neutral Fear,PO,Separation Anxiety,Separation Anxiety T,12,0.06950609260900595,-0.5253516214038843,0.6187269044254766,0.83004688369465,-0.2504506552138783,0.4323797420792088,P4,-0.2943276609911517,-0.2943276609911517,0.1512488960421914,1,P4,True,0.9863469583559368,1.0,1.0,0.922990404790034,1.0,1.0
P27 omitted; RCADS T scores,Neutral Fear,PO,Generalized Anxiety,Generalized Anxiety T,12,-0.06879538323401099,-0.6182859686160233,0.5258684574054266,0.8317626800952487,-0.08450913782447984,0.7939959959092632,P6,0.0705472793513803,-0.1387973416044879,0.0705472793513803,1,P4,True,0.9863469583559368,1.0,1.0,0.9429111181532509,1.0,1.0
P27 omitted; RCADS T scores,Neutral Fear,PO,Obsessive Compulsive,Obsessive Compulsive T,12,0.17445047833420366,-0.4438925075650738,0.6802474785433136,0.587638320561737,0.12631656704805072,0.6956619043380248,P11,0.010051504365796396,0.010051504365796396,0.2852482695391114,1,P4,True,0.9805689848651294,1.0,1.0,0.932951039197122,1.0,1.0
P27 omitted; RCADS T scores,Neutral Fear,CP,Social Phobia,Social Phobia T,12,-0.12454677344030926,-0.651855338763378,0.4839461503481103,0.6997495600024974,0.027972027972027972,0.9312343512018808,P12,-0.4129012869477839,-0.4129012869477839,0.15316318572224102,2,P12; P13,True,0.9805689848651294,1.0,1.0,0.9745121309614061,1.0,1.0
P27 omitted; RCADS T scores,Neutral Fear,CP,Panic Disorder,Panic Disorder T,12,-0.2575342989880516,-0.7243739208830521,0.3712357157381787,0.41902900333016124,-0.0709291215421342,0.826613457894019,P13,0.034581049878204984,-0.45902085383378344,0.034581049878204984,2,P12; P13,True,0.9805689848651294,1.0,1.0,0.9463701779422691,1.0,1.0
P27 omitted; RCADS T scores,Neutral Fear,CP,Major Depression,Major Depression T,12,-0.008542983374118844,-0.579602904732717,0.5681441489355552,0.9789782975411332,0.1792643545553718,0.5772058207934941,P6,0.33113149167782474,-0.34380604053311764,0.33113149167782474,2,P12; P13,True,0.9961018837197171,1.0,1.0,0.922990404790034,1.0,1.0
P27 omitted; RCADS T scores,Neutral Fear,CP,Separation Anxiety,Separation Anxiety T,12,-0.1308788787100744,-0.6555417090094159,0.47900129178910883,0.6851588836811713,-0.04232968820516253,0.8960777530753089,P13,0.13348920318186538,-0.32743311851563794,0.13348920318186538,2,P12; P13,True,0.9805689848651294,1.0,1.0,0.9624125274206469,1.0,1.0
P27 omitted; RCADS T scores,Neutral Fear,CP,Generalized Anxiety,Generalized Anxiety T,12,-0.017547536255013305,-0.585552313889128,0.5620138748845154,0.9568343342289056,0.07746670967243986,0.81087645719889,P6,0.28934964491207876,-0.27147695589169724,0.28934964491207876,2,P12; P13,True,0.9929759858584547,1.0,1.0,0.9463701779422691,1.0,1.0
P27 omitted; RCADS T scores,Neutral Fear,CP,Obsessive Compulsive,Obsessive Compulsive T,12,0.14342913900530663,-0.4690848272352228,0.6627749559290665,0.6565340454137425,0.30526503703278923,0.3346151968129817,P13,0.3851332027563638,-0.0886380041448074,0.3851332027563638,2,P12; P13,True,0.9805689848651294,1.0,1.0,0.922990404790034,1.0,1.0
P27 omitted; RCADS T scores,Neutral Happy,LOT,Social Phobia,Social Phobia T,34,0.15089952021535036,-0.19733604677577327,0.4653203656177372,0.39428642599963937,0.18159580870777217,0.3040215609731884,P20,0.017127258426232167,0.017127258426232167,0.19221762407887394,3,P4; P7; P20,False,0.9802280141180293,1.0,1.0,0.922990404790034,1.0,1.0
P27 omitted; RCADS T scores,Neutral Happy,LOT,Panic Disorder,Panic Disorder T,34,0.23415346606405926,-0.112956422773414,0.5303264957138457,0.18256933170864556,0.35693928532210184,0.03824088805963651,P7,0.28562043965075523,0.1827842429642578,0.28562043965075523,3,P4; P7; P20,False,0.968491629530791,1.0,1.0,0.7339314089235879,1.0,1.0
P27 omitted; RCADS T scores,Neutral Happy,LOT,Major Depression,Major Depression T,34,-0.17884344132452104,-0.4875242950645708,0.16957812371185896,0.311533188823915,-0.14299961648599988,0.419785046608276,P7,-0.1129621004165324,-0.20943024114154182,-0.1129621004165324,3,P4; P7; P20,False,0.9761496100637267,1.0,1.0,0.922990404790034,1.0,1.0
P27 omitted; RCADS T scores,Neutral Happy,LOT,Separation Anxiety,Separation Anxiety T,34,0.10105997556738641,-0.24549553625758472,0.424711161989914,0.5695640622613986,-0.06680483438719319,0.707373945979235,P20,-0.05664893929995529,-0.05664893929995529,0.17126981759110066,3,P4; P7; P20,False,0.9805689848651294,1.0,1.0,0.933324426471792,1.0,1.0
P27 omitted; RCADS T scores,Neutral Happy,LOT,Generalized Anxiety,Generalized Anxiety T,34,-0.07700093517279098,-0.4046304307194209,0.2681470639924221,0.6651322583747742,0.01782863763844594,0.9202829933338477,P20,-0.20369046264619184,-0.20369046264619184,0.01302913776485344,3,P4; P7; P20,False,0.9805689848651294,1.0,1.0,0.9745121309614061,1.0,1.0
P27 omitted; RCADS T scores,Neutral Happy,LOT,Obsessive Compulsive,Obsessive Compulsive T,34,0.17154793932012796,-0.1768787847072027,0.4817656282921869,0.33200193084394425,0.14806777301487584,0.4033220372248494,P20,0.06819355705557419,0.06819355705557419,0.2156318877456574,3,P4; P7; P20,False,0.9761496100637267,1.0,1.0,0.922990404790034,1.0,1.0
P27 omitted; RCADS T scores,Neutral Happy,ROT,Social Phobia,Social Phobia T,34,0.07187864542299294,-0.2729209114359905,0.40031395490884275,0.6862368094262254,0.049873827833811064,0.7793942189814328,P20,-0.061485812144345627,-0.061485812144345627,0.1767444030095401,2,P24; P20,False,0.9805689848651294,1.0,1.0,0.938749914312209,1.0,1.0
P27 omitted; RCADS T scores,Neutral Happy,ROT,Panic Disorder,Panic Disorder T,34,-0.044318627569481975,-0.37683665929420807,0.2983179733790562,0.8034567479370441,0.007372239972229298,0.9669931460465875,P20,-0.1920735763925192,-0.1920735763925192,0.06078922490929459,2,P24; P20,False,0.9805689848651294,1.0,1.0,0.9760304651685182,1.0,1.0
P27 omitted; RCADS T scores,Neutral Happy,ROT,Major Depression,Major Depression T,34,-0.07203176171936337,-0.40044319535194073,0.2727784566137965,0.6856024611951346,-0.09002545449011555,0.6126253796576555,P26,-0.15653348177558496,-0.15653348177558496,0.0026485471365086943,2,P24; P20,False,0.9805689848651294,1.0,1.0,0.922990404790034,1.0,1.0
P27 omitted; RCADS T scores,Neutral Happy,ROT,Separation Anxiety,Separation Anxiety T,34,-0.1288950999529306,-0.44755290569247536,0.218807978295456,0.46752752768522,-0.2456150218409878,0.16146687258625078,P20,-0.32535120568163073,-0.32535120568163073,-0.03626593083860097,2,P24; P20,False,0.9805689848651294,1.0,1.0,0.922990404790034,1.0,1.0
P27 omitted; RCADS T scores,Neutral Happy,ROT,Generalized Anxiety,Generalized Anxiety T,34,-0.04196032776989242,-0.3748076756118745,0.30046888623070633,0.8137270709695614,-0.06931651357706138,0.6968824528990574,P24,0.04213002986891737,-0.11337773254793039,0.04213002986891737,2,P24; P20,False,0.9837595932617086,1.0,1.0,0.932951039197122,1.0,1.0
P27 omitted; RCADS T scores,Neutral Happy,ROT,Obsessive Compulsive,Obsessive Compulsive T,34,0.006360077755181173,-0.3325207923725378,0.3437863733942683,0.9715228009787967,-0.09182975308726953,0.6054911720127258,P20,-0.13575081971410302,-0.13575081971410302,0.09315308028298348,2,P24; P20,False,0.9929759858584547,1.0,1.0,0.922990404790034,1.0,1.0
P27 omitted; RCADS T scores,Neutral Happy,O,Social Phobia,Social Phobia T,34,0.0896133880370293,-0.25631987158653463,0.4151968870400544,0.6142596408781569,0.11244559342899119,0.5266336075249209,P4,0.14806402065818924,0.03729505924480087,0.14806402065818924,4,P24; P29; P4; P20,False,0.9805689848651294,1.0,1.0,0.922990404790034,1.0,1.0
P27 omitted; RCADS T scores,Neutral Happy,O,Panic Disorder,Panic Disorder T,34,0.22259787246251236,-0.12497533948796752,0.5215071386049044,0.20574397498565986,0.29780777721151264,0.08715337442745232,P4,0.17715277131206036,0.17715277131206036,0.2663636889347304,4,P24; P29; P4; P20,False,0.968491629530791,1.0,1.0,0.8024425921656972,1.0,1.0
P27 omitted; RCADS T scores,Neutral Happy,O,Major Depression,Major Depression T,34,-0.025033909703950814,-0.36015071206460864,0.3158052720849537,0.8882385691696317,-0.0848199009991905,0.63340314483915,P4,-0.0918415278759145,-0.0918415278759145,0.007015253177257912,4,P24; P29; P4; P20,False,0.9889666543331982,1.0,1.0,0.9285001453417827,1.0,1.0
P27 omitted; RCADS T scores,Neutral Happy,O,Separation Anxiety,Separation Anxiety T,34,0.04376590198765789,-0.2988224051579199,0.3763614031704564,0.8058610202838498,-0.09285259091430978,0.601462674401181,P4,-0.048360183080627894,-0.048360183080627894,0.08903869047849816,4,P24; P29; P4; P20,False,0.9805689848651294,1.0,1.0,0.922990404790034,1.0,1.0
P27 omitted; RCADS T scores,Neutral Happy,O,Generalized Anxiety,Generalized Anxiety T,34,0.0307058729143149,-0.31068588537000713,0.365080692077028,0.863132595482478,0.08130473543739572,0.6475924791612703,P29,-0.07560982170911879,-0.07560982170911879,0.11265049777474788,4,P24; P29; P4; P20,False,0.9864537685813043,1.0,1.0,0.932951039197122,1.0,1.0
P27 omitted; RCADS T scores,Neutral Happy,O,Obsessive Compulsive,Obsessive Compulsive T,34,0.09805880309508745,-0.24834194412199176,0.422223516773267,0.581138943812874,0.08412591474102207,0.6361945440304808,P29,0.020214906139569402,0.020214906139569402,0.15168803599374214,4,P24; P29; P4; P20,False,0.9805689848651294,1.0,1.0,0.9285001453417827,1.0,1.0
P27 omitted; RCADS T scores,Neutral Happy,Frontal,Social Phobia,Social Phobia T,34,0.1476181792985285,-0.2005593202164064,0.4626868260927823,0.40476739213748036,0.09286323158013286,0.6014208262043979,P20,0.048235068250688795,0.048235068250688795,0.210001256759209,1,P20,False,0.9802280141180293,1.0,1.0,0.922990404790034,1.0,1.0
P27 omitted; RCADS T scores,Neutral Happy,Frontal,Panic Disorder,Panic Disorder T,34,0.08163722535959547,-0.263811492235363,0.4085248155083287,0.6462450144664278,0.18768494262633753,0.28781413888808677,P8,0.23420602825212755,-0.014785179950949811,0.23420602825212755,1,P20,False,0.9805689848651294,1.0,1.0,0.922990404790034,1.0,1.0
P27 omitted; RCADS T scores,Neutral Happy,Frontal,Major Depression,Major Depression T,34,0.019763488722741966,-0.32054451498209546,0.3555529075684432,0.9116638061824247,0.012707674698434675,0.9431358958568663,P20,0.08905650734353066,-0.037123306564802394,0.08905650734353066,1,P20,False,0.9929759858584547,1.0,1.0,0.9760304651685182,1.0,1.0
P27 omitted; RCADS T scores,Neutral Happy,Frontal,Separation Anxiety,Separation Anxiety T,34,-0.11578170431173417,-0.43684349357871693,0.2314458869310087,0.5143600101391649,-0.20332572300872787,0.24877349724911746,P20,-0.28396006543161123,-0.28396006543161123,-0.0387350603616789,1,P20,False,0.9805689848651294,1.0,1.0,0.922990404790034,1.0,1.0
P27 omitted; RCADS T scores,Neutral Happy,Frontal,Generalized Anxiety,Generalized Anxiety T,34,0.05995758605834856,-0.2839656859618358,0.39021151161955814,0.7362404246795913,0.06086328021400511,0.7324008200447647,P8,0.12365839072136042,0.023446330441778837,0.12365839072136042,1,P20,False,0.9805689848651294,1.0,1.0,0.936593041376664,1.0,1.0
P27 omitted; RCADS T scores,Neutral Happy,Frontal,Obsessive Compulsive,Obsessive Compulsive T,34,0.1796391127876227,-0.1687795700642164,0.48815073416452975,0.3093498098380812,0.09167567632034457,0.6060990069482781,P11,0.09889045522961225,0.09889045522961225,0.23737949427861066,1,P20,False,0.9761496100637267,1.0,1.0,0.922990404790034,1.0,1.0
P27 omitted; RCADS T scores,Neutral Happy,PO,Social Phobia,Social Phobia T,34,0.04962038247813497,-0.29346971089253904,0.381386449366993,0.7804878360658348,-0.04666109659298274,0.7932872551785657,P20,-0.07807268805323288,-0.07807268805323288,0.10672981594539861,2,P4; P20,False,0.9805689848651294,1.0,1.0,0.9429111181532509,1.0,1.0
P27 omitted; RCADS T scores,Neutral Happy,PO,Panic Disorder,Panic Disorder T,34,0.22316667420982164,-0.12438610901069805,0.5219427541178643,0.2045577811491628,0.3329795054123566,0.05431951132994309,P20,0.1647456391633451,0.1647456391633451,0.26888169937224005,2,P4; P20,False,0.968491629530791,1.0,1.0,0.7339314089235879,1.0,1.0
P27 omitted; RCADS T scores,Neutral Happy,PO,Major Depression,Major Depression T,34,-0.008569277221389032,-0.345733097205395,0.3305543125010949,0.9616374530830802,0.0033682993176573847,0.9849162711052915,P20,0.05405402652120478,-0.055983642748200724,0.05405402652120478,2,P4; P20,False,0.9929759858584547,1.0,1.0,0.9857869107140623,1.0,1.0
P27 omitted; RCADS T scores,Neutral Happy,PO,Separation Anxiety,Separation Anxiety T,34,0.05770738978687638,-0.28604028674196436,0.38829563035148174,0.7458069312062724,-0.15153665414893133,0.39226964312298995,P20,-0.06404255658789246,-0.06404255658789246,0.10455852243620585,2,P4; P20,False,0.9805689848651294,1.0,1.0,0.922990404790034,1.0,1.0
P27 omitted; RCADS T scores,Neutral Happy,PO,Generalized Anxiety,Generalized Anxiety T,34,0.07489744777520504,-0.27010951554520807,0.40285961866770753,0.673769494472232,0.11142898524028715,0.5304018154131616,P16,0.13642409694580016,0.025097584268881423,0.13642409694580016,2,P4; P20,False,0.9805689848651294,1.0,1.0,0.922990404790034,1.0,1.0
P27 omitted; RCADS T scores,Neutral Happy,PO,Obsessive Compulsive,Obsessive Compulsive T,34,0.23445241202439676,-0.11264413673470498,0.5305538071303808,0.18199535199122088,0.16994667391821858,0.3366027656482591,P20,0.16979924614212985,0.16979924614212985,0.2835877271335732,2,P4; P20,False,0.968491629530791,1.0,1.0,0.922990404790034,1.0,1.0
P27 omitted; RCADS T scores,Neutral Happy,CP,Social Phobia,Social Phobia T,34,0.05573246907508612,-0.2878584417428572,0.3866117684711271,0.7542340431708698,0.21861871157826995,0.21417537193110608,P25,0.295240594152833,-0.08877062730217795,0.295240594152833,2,P25; P20,False,0.9805689848651294,1.0,1.0,0.922990404790034,1.0,1.0
P27 omitted; RCADS T scores,Neutral Happy,CP,Panic Disorder,Panic Disorder T,34,0.24620203566481674,-0.10031565045143384,0.5394543386011311,0.16043548005810104,0.5409381079623247,0.0009559544685711108,P8,0.3226206989243261,0.19441275198972433,0.3226206989243261,2,P25; P20,False,0.968491629530791,1.0,1.0,0.15486462390851996,0.9848618230246052,0.3087732933484688
P27 omitted; RCADS T scores,Neutral Happy,CP,Major Depression,Major Depression T,34,0.23302962776781586,-0.11412979773768141,0.5294715746158948,0.18473854378620963,0.44997416793613876,0.007581645763010058,P20,0.3885338866617788,0.10563742702873406,0.3885338866617788,2,P25; P20,False,0.968491629530791,1.0,1.0,0.6141133068038147,1.0,1.0
P27 omitted; RCADS T scores,Neutral Happy,CP,Separation Anxiety,Separation Anxiety T,34,0.22139338641363077,-0.1262222763279669,0.5205841710948687,0.2082715273667058,0.1161423496914964,0.5130417289270264,P25,0.13050170146028278,0.13050170146028278,0.26097159734545883,2,P25; P20,False,0.968491629530791,1.0,1.0,0.922990404790034,1.0,1.0
P27 omitted; RCADS T scores,Neutral Happy,CP,Generalized Anxiety,Generalized Anxiety T,34,0.21016243111088628,-0.13779642026738764,0.5119443822428315,0.2328732514807681,0.4693849943777061,0.005101463740688239,P8,0.23147034035929662,0.19852035030122456,0.23147034035929662,2,P25; P20,False,0.968491629530791,1.0,1.0,0.5509580839943298,1.0,1.0
P27 omitted; RCADS T scores,Neutral Happy,CP,Obsessive Compulsive,Obsessive Compulsive T,34,0.2984067237111176,-0.044221395572051604,0.5782233703189567,0.08648927813488216,0.3799533072369239,0.02665806298811599,P20,0.25442132787105703,0.25442132787105703,0.3345920211633503,2,P25; P20,False,0.968491629530791,1.0,1.0,0.7339314089235879,1.0,1.0
P27 omitted; RCADS T scores,Neutral Sad,LOT,Social Phobia,Social Phobia T,34,-0.28323745598392225,-0.5670868949364131,0.06074662591526678,0.10454552766494041,-0.14013627698089243,0.4292497924027776,P6,-0.21833972200449636,-0.332565078910636,-0.21833972200449636,2,P6; P20,False,0.968491629530791,1.0,1.0,0.922990404790034,1.0,1.0
P27 omitted; RCADS T scores,Neutral Sad,LOT,Panic Disorder,Panic Disorder T,34,-0.24809380446513346,-0.5408812852861037,0.09832068551070042,0.15714388231929677,-0.2690867589863694,0.12383241708372962,P35,-0.32746611255717994,-0.32746611255717994,-0.19240130585818205,2,P6; P20,False,0.968491629530791,1.0,1.0,0.9118568894347363,1.0,1.0
P27 omitted; RCADS T scores,Neutral Sad,LOT,Major Depression,Major Depression T,34,-0.16934506067835073,-0.48002151477942373,0.1790757102791137,0.3383413916089685,-0.16535287559408976,0.3500172158619047,P20,-0.2895182150973166,-0.2895182150973166,-0.0644970416572628,2,P6; P20,False,0.9761496100637267,1.0,1.0,0.922990404790034,1.0,1.0
P27 omitted; RCADS T scores,Neutral Sad,LOT,Separation Anxiety,Separation Anxiety T,34,-0.32977389078823,-0.600925452886311,0.009445108549243046,0.056827272988674994,-0.20700305334196784,0.240133547981831,P14,-0.27910286677269425,-0.3779090561955467,-0.27910286677269425,2,P6; P20,False,0.968491629530791,1.0,1.0,0.922990404790034,1.0,1.0
P27 omitted; RCADS T scores,Neutral Sad,LOT,Generalized Anxiety,Generalized Anxiety T,34,-0.2189420012092664,-0.5187035737685495,0.12875666961816412,0.21348163711648827,-0.22162840926412972,0.20777666887200275,P6,-0.16180076443070915,-0.2541198728055087,-0.16180076443070915,2,P6; P20,False,0.968491629530791,1.0,1.0,0.922990404790034,1.0,1.0
P27 omitted; RCADS T scores,Neutral Sad,LOT,Obsessive Compulsive,Obsessive Compulsive T,34,-0.27014181991078384,-0.5573885685612264,0.07486279608070102,0.12230919916684305,-0.34081780843798687,0.04855691921955255,P11,-0.3538402297926603,-0.3538402297926603,-0.2154399531208631,2,P6; P20,False,0.968491629530791,1.0,1.0,0.7339314089235879,1.0,1.0
P27 omitted; RCADS T scores,Neutral Sad,ROT,Social Phobia,Social Phobia T,34,0.20403271001791684,-0.14407361524482584,0.5072029919628612,0.24709656175324599,0.22703300768520127,0.19662026328440751,P26,0.29674339835392255,0.12378167957409886,0.29674339835392255,0,,False,0.968491629530791,1.0,1.0,0.922990404790034,1.0,1.0
P27 omitted; RCADS T scores,Neutral Sad,ROT,Panic Disorder,Panic Disorder T,34,-0.10810607879586262,-0.43053247047868193,0.23878921965630107,0.5428088633110779,-0.1609605727270063,0.3631406631986498,P31,-0.16483918968297076,-0.16483918968297076,-0.05445545130774111,0,,False,0.9805689848651294,1.0,1.0,0.922990404790034,1.0,1.0
P27 omitted; RCADS T scores,Neutral Sad,ROT,Major Depression,Major Depression T,34,0.014626681899351304,-0.32514727289161477,0.3510559717409883,0.9345659053908517,-0.02541534939686935,0.8865465621603944,P26,0.12559415950092784,-0.07491049098922062,0.12559415950092784,0,,False,0.9929759858584547,1.0,1.0,0.9624125274206469,1.0,1.0
P27 omitted; RCADS T scores,Neutral Sad,ROT,Separation Anxiety,Separation Anxiety T,34,-0.02820904354377051,-0.3629127959633658,0.31294191055516085,0.8741696439480198,0.04029741156842158,0.8209875051800273,P14,0.06405220348081933,-0.11451275693860329,0.06405220348081933,0,,False,0.9867008302415741,1.0,1.0,0.9463701779422691,1.0,1.0
P27 omitted; RCADS T scores,Neutral Sad,ROT,Generalized Anxiety,Generalized Anxiety T,34,-0.12758133095797725,-0.44648408456976657,0.22007939045333824,0.47211549876345094,-0.09544468942650802,0.5913055585949974,P16,-0.21038091405799073,-0.21038091405799073,-0.06500141626524866,0,,False,0.9805689848651294,1.0,1.0,0.922990404790034,1.0,1.0
P27 omitted; RCADS T scores,Neutral Sad,ROT,Obsessive Compulsive,Obsessive Compulsive T,34,-0.13210092703570908,-0.4501572012374235,0.2157005458788966,0.45643154989167567,-0.06070624616842985,0.7330660970634719,P30,-0.06826290952160173,-0.18955047449668141,-0.06826290952160173,0,,False,0.9805689848651294,1.0,1.0,0.936593041376664,1.0,1.0
P27 omitted; RCADS T scores,Neutral Sad,O,Social Phobia,Social Phobia T,34,-0.18182278931357568,-0.4898683299758919,0.16658563082952632,0.3034072539782199,-0.10357233571622726,0.55995577758491,P29,-0.10358538600188295,-0.22634392516913068,-0.10358538600188295,2,P29; P35,False,0.9761496100637267,1.0,1.0,0.922990404790034,1.0,1.0
P27 omitted; RCADS T scores,Neutral Sad,O,Panic Disorder,Panic Disorder T,34,0.10012259496175718,-0.24638522018396317,0.4239347000313817,0.5731680699653576,-0.08447358301512738,0.6347955107599551,P35,-0.16543804261431416,-0.16543804261431416,0.1618874593960261,2,P29; P35,False,0.9805689848651294,1.0,1.0,0.9285001453417827,1.0,1.0
P27 omitted; RCADS T scores,Neutral Sad,O,Major Depression,Major Depression T,34,-0.05927347938704774,-0.3896293461049549,0.28459674879699054,0.7391447998669776,-0.09079097706231039,0.6095941761732255,P35,-0.16889421314677708,-0.16889421314677708,0.03229918332546032,2,P29; P35,False,0.9805689848651294,1.0,1.0,0.922990404790034,1.0,1.0
P27 omitted; RCADS T scores,Neutral Sad,O,Separation Anxiety,Separation Anxiety T,34,-0.0707943535186549,-0.39939836566352177,0.2739292717088682,0.6907349446860166,-0.006435328083169985,0.9711860069165046,P14,-0.015280483750869251,-0.11006104657217974,-0.015280483750869251,2,P29; P35,False,0.9805689848651294,1.0,1.0,0.9772182181395885,1.0,1.0
P27 omitted; RCADS T scores,Neutral Sad,O,Generalized Anxiety,Generalized Anxiety T,34,-0.1357850564623963,-0.4531433848980324,0.21212077057776113,0.4438562191774223,-0.104359008245731,0.5569626881997845,P29,0.05962798035975231,-0.277008312377225,0.05962798035975231,2,P29; P35,False,0.9805689848651294,1.0,1.0,0.922990404790034,1.0,1.0
P27 omitted; RCADS T scores,Neutral Sad,O,Obsessive Compulsive,Obsessive Compulsive T,34,-0.2193945901347066,-0.519050999008497,0.12828909687954,0.2125130400819024,-0.17426082339211715,0.32429594370000114,P29,-0.09543175210890094,-0.2690771848990659,-0.09543175210890094,2,P29; P35,False,0.968491629530791,1.0,1.0,0.922990404790034,1.0,1.0
P27 omitted; RCADS T scores,Neutral Sad,Frontal,Social Phobia,Social Phobia T,34,-0.12648296097883713,-0.44558980303081147,0.22114144241073116,0.4759692998720252,0.02356002909940768,0.8947809669451599,P18,-0.02345654038248572,-0.1752593838755867,-0.02345654038248572,3,P18; P4; P6,False,0.9805689848651294,1.0,1.0,0.9624125274206469,1.0,1.0
P27 omitted; RCADS T scores,Neutral Sad,Frontal,Panic Disorder,Panic Disorder T,34,-0.04326038403525724,-0.3759265847953666,0.2992835864729903,0.8080614782684863,-0.04100808484552547,0.8178828207133761,P35,-0.15367911965861356,-0.15367911965861356,0.03432217859230806,3,P18; P4; P6,False,0.9805689848651294,1.0,1.0,0.9463701779422691,1.0,1.0
P27 omitted; RCADS T scores,Neutral Sad,Frontal,Major Depression,Major Depression T,34,0.01190453570691796,-0.3275799022119632,0.3486666042623517,0.9467245071481916,0.1301388372731262,0.4632059040998969,P6,0.14565245980244312,-0.03811514479725498,0.14565245980244312,3,P18; P4; P6,False,0.9929759858584547,1.0,1.0,0.922990404790034,1.0,1.0
P27 omitted; RCADS T scores,Neutral Sad,Frontal,Separation Anxiety,Separation Anxiety T,34,-0.19087870806642332,-0.4969659347495264,0.15745018346776893,0.27953955252292184,-0.1565929833571363,0.37647670933572697,P31,-0.23558304666449248,-0.23558304666449248,-0.15933957152653908,3,P18; P4; P6,False,0.9761496100637267,1.0,1.0,0.922990404790034,1.0,1.0
P27 omitted; RCADS T scores,Neutral Sad,Frontal,Generalized Anxiety,Generalized Anxiety T,34,0.046973918959216335,-0.2958920139004599,0.3791173496276489,0.7919316727297933,0.1068181306786201,0.5476545297386097,P6,0.13183172058994502,-0.010976008610240761,0.13183172058994502,3,P18; P4; P6,False,0.9805689848651294,1.0,1.0,0.922990404790034,1.0,1.0
P27 omitted; RCADS T scores,Neutral Sad,Frontal,Obsessive Compulsive,Obsessive Compulsive T,34,-0.10174961755640385,-0.4252821103787226,0.2448406123098697,0.5669191450632323,-0.04113849676896135,0.8173133901591488,P18,-0.18447801804133104,-0.18447801804133104,-0.04452266384008617,3,P18; P4; P6,False,0.9805689848651294,1.0,1.0,0.9463701779422691,1.0,1.0
P27 omitted; RCADS T scores,Neutral Sad,PO,Social Phobia,Social Phobia T,34,-0.07880671684785225,-0.40614866296126817,0.26646006928839794,0.6577510078846025,-0.11596429907370792,0.5136923548079724,P4,-0.1639540342173487,-0.1639540342173487,-0.03594944000172151,1,P4,False,0.9805689848651294,1.0,1.0,0.922990404790034,1.0,1.0
P27 omitted; RCADS T scores,Neutral Sad,PO,Panic Disorder,Panic Disorder T,34,-0.1983894220181535,-0.5028215757525147,0.1498280118134252,0.2606931085719648,-0.184613175971242,0.2959195118555202,P8,-0.27184667966933146,-0.27184667966933146,-0.1449449051133304,1,P4,False,0.9748827200576293,1.0,1.0,0.922990404790034,1.0,1.0
P27 omitted; RCADS T scores,Neutral Sad,PO,Major Depression,Major Depression T,34,-0.02515648106576386,-0.3602574473810322,0.31569485131568953,0.8876948084764285,0.09982414341420975,0.5743177035387026,P6,0.036200110920819,-0.06195471275706904,0.036200110920819,1,P4,False,0.9889666543331982,1.0,1.0,0.922990404790034,1.0,1.0
P27 omitted; RCADS T scores,Neutral Sad,PO,Separation Anxiety,Separation Anxiety T,34,-0.0873235551004185,-0.41328501611210955,0.25847486152554683,0.6233742378338932,-0.02865253217982827,0.8722074710529256,P4,-0.03502788522621485,-0.1185236744164959,-0.03502788522621485,1,P4,False,0.9805689848651294,1.0,1.0,0.9624125274206469,1.0,1.0
P27 omitted; RCADS T scores,Neutral Sad,PO,Generalized Anxiety,Generalized Anxiety T,34,0.05449760187291246,-0.2889940302258496,0.38555777072837205,0.7595175640177823,0.03903856862211439,0.8264934844591505,P6,0.09503272749644243,0.031553410010363145,0.09503272749644243,1,P4,False,0.9805689848651294,1.0,1.0,0.9463701779422691,1.0,1.0
P27 omitted; RCADS T scores,Neutral Sad,PO,Obsessive Compulsive,Obsessive Compulsive T,34,-0.01352941175274254,-0.35009336820326575,0.32612838293371127,0.9394653218920372,0.08489629857564683,0.633096155780797,P30,0.03336176686101177,-0.03655126859064791,0.03336176686101177,1,P4,False,0.9929759858584547,1.0,1.0,0.9285001453417827,1.0,1.0
P27 omitted; RCADS T scores,Neutral Sad,CP,Social Phobia,Social Phobia T,34,-0.15521183771742086,-0.46877290233690777,0.19308856091401233,0.3807530202539968,-0.08674374350236465,0.6256909699247213,P18,-0.09573468389284541,-0.202819899251143,-0.09573468389284541,1,P4,False,0.9802280141180293,1.0,1.0,0.9285001453417827,1.0,1.0
P27 omitted; RCADS T scores,Neutral Sad,CP,Panic Disorder,Panic Disorder T,34,0.01443520756666378,-0.32531852991148197,0.35088804801879236,0.9354206917199301,0.09783576796479297,0.5820033085421634,P4,0.16313779422180386,-0.09169347630076728,0.16313779422180386,1,P4,False,0.9929759858584547,1.0,1.0,0.922990404790034,1.0,1.0
P27 omitted; RCADS T scores,Neutral Sad,CP,Major Depression,Major Depression T,34,0.10037262149973537,-0.24614797282778114,0.424141851467771,0.5722057701476253,0.27727227564897833,0.11237807287484416,P6,0.1896572828935843,0.05850279461045996,0.1896572828935843,1,P4,False,0.9805689848651294,1.0,1.0,0.8640039465369176,1.0,1.0
P27 omitted; RCADS T scores,Neutral Sad,CP,Separation Anxiety,Separation Anxiety T,34,-0.010428756360969937,-0.3473694045243344,0.32889684459454294,0.9533212653684008,0.0752320497342015,0.6723927910132507,P4,0.05939870784311887,-0.06396164140475136,0.05939870784311887,1,P4,False,0.9929759858584547,1.0,1.0,0.932951039197122,1.0,1.0
P27 omitted; RCADS T scores,Neutral Sad,CP,Generalized Anxiety,Generalized Anxiety T,34,0.07174619770551538,-0.27304412463509914,0.40020214959512934,0.6867856992982494,0.18935242733246035,0.2834745093480717,P6,0.1243781071965543,0.026649443878630497,0.1243781071965543,1,P4,False,0.9805689848651294,1.0,1.0,0.922990404790034,1.0,1.0
P27 omitted; RCADS T scores,Neutral Sad,CP,Obsessive Compulsive,Obsessive Compulsive T,34,0.02954261122953302,-0.3117374362390099,0.36407112990886054,0.8682716717360559,0.2605438128700885,0.1366891704642085,P30,0.14356836839081932,-0.0031513881613845322,0.14356836839081932,1,P4,False,0.9864537685813043,1.0,1.0,0.922990404790034,1.0,1.0
P27 omitted; RCADS T scores,Positive Valence,LOT,Social Phobia,Social Phobia T,34,-0.14069412523754668,-0.45711140961626523,0.2073361989699539,0.42739662545381363,-0.08750867951208566,0.6226352883440496,P25,0.011179519529563964,-0.2105180677992107,0.011179519529563964,1,P25,False,0.9805689848651294,1.0,1.0,0.9285001453417827,1.0,1.0
P27 omitted; RCADS T scores,Positive Valence,LOT,Panic Disorder,Panic Disorder T,34,-0.08218132397893867,-0.40898106774201637,0.2633017680441412,0.6440423576978366,-0.10275059461294583,0.5630902004053799,P25,-0.14965222825551672,-0.14965222825551672,-0.02170236326563304,1,P25,False,0.9805689848651294,1.0,1.0,0.922990404790034,1.0,1.0
P27 omitted; RCADS T scores,Positive Valence,LOT,Major Depression,Major Depression T,34,0.28137352850346703,-0.06276424171490116,0.5657113005961423,0.10694724274526186,0.2206236053065587,0.20989805399421751,P25,0.17632042279266782,0.17632042279266782,0.3306070242401559,1,P25,False,0.968491629530791,1.0,1.0,0.922990404790034,1.0,1.0
P27 omitted; RCADS T scores,Positive Valence,LOT,Separation Anxiety,Separation Anxiety T,34,-0.06155804676031995,-0.3915724512569399,0.28248815595075827,0.7294597346262477,-0.10802157853892476,0.543126155238839,P25,-0.24834043915779833,-0.24834043915779833,0.028455634540461572,1,P25,False,0.9805689848651294,1.0,1.0,0.922990404790034,1.0,1.0
P27 omitted; RCADS T scores,Positive Valence,LOT,Generalized Anxiety,Generalized Anxiety T,34,0.05236163560959993,-0.29095599336325173,0.38373261477008086,0.7686816957078254,0.13463695320067798,0.44775478151272374,P16,0.20686436672410188,-0.0054641867380111325,0.20686436672410188,1,P25,False,0.9805689848651294,1.0,1.0,0.922990404790034,1.0,1.0
P27 omitted; RCADS T scores,Positive Valence,LOT,Obsessive Compulsive,Obsessive Compulsive T,34,0.12451021190651518,-0.22304689365610414,0.4439820103201068,0.4829320162964947,0.02526858977569161,0.8871975070832099,P25,0.03993032855681428,0.03993032855681428,0.17546342843680474,1,P25,False,0.9805689848651294,1.0,1.0,0.9624125274206469,1.0,1.0
P27 omitted; RCADS T scores,Positive Valence,ROT,Social Phobia,Social Phobia T,34,0.10350252614507763,-0.2431745239979573,0.42673216945511505,0.5602217435622414,0.15589395878114562,0.3786374947387553,P25,0.20155049753130624,0.03161270522471442,0.20155049753130624,0,,False,0.9805689848651294,1.0,1.0,0.922990404790034,1.0,1.0
P27 omitted; RCADS T scores,Positive Valence,ROT,Panic Disorder,Panic Disorder T,34,0.12412295856134956,-0.2234206247539176,0.4436661566742471,0.48430496379734733,0.14683044611356683,0.40730689655487196,P8,-0.04399821061264425,-0.04399821061264425,0.19882316207149545,0,,False,0.9805689848651294,1.0,1.0,0.922990404790034,1.0,1.0
P27 omitted; RCADS T scores,Positive Valence,ROT,Major Depression,Major Depression T,34,0.3173471607212202,-0.023321281854712078,0.5919835921926333,0.06742673030726669,0.2771191711345394,0.1125847456297624,P11,0.23445839172363644,0.23445839172363644,0.3692702567780334,0,,False,0.968491629530791,1.0,1.0,0.8640039465369176,1.0,1.0
P27 omitted; RCADS T scores,Positive Valence,ROT,Separation Anxiety,Separation Anxiety T,34,0.16056654629226122,-0.1877961237306398,0.4730467074091813,0.3643320958391544,0.1296258942467097,0.46498565714860474,P8,0.04926070218255042,0.04926070218255042,0.22141305337335943,0,,False,0.9802280141180293,1.0,1.0,0.922990404790034,1.0,1.0
P27 omitted; RCADS T scores,Positive Valence,ROT,Generalized Anxiety,Generalized Anxiety T,34,0.1950455381360165,-0.15322663773844358,0.500218001669598,0.2689777541658117,0.2177860304627405,0.21596931390453192,P16,0.3248218388182989,0.1235753786380429,0.3248218388182989,0,,False,0.9761496100637267,1.0,1.0,0.922990404790034,1.0,1.0
P27 omitted; RCADS T scores,Positive Valence,ROT,Obsessive Compulsive,Obsessive Compulsive T,34,0.2626115956575683,-0.08291771166743106,0.5517761332178266,0.1334909211156913,0.23635376046287151,0.17837455593504392,P11,0.06959672201241639,0.06959672201241639,0.42218670911703166,0,,False,0.968491629530791,1.0,1.0,0.922990404790034,1.0,1.0
P27 omitted; RCADS T scores,Positive Valence,O,Social Phobia,Social Phobia T,34,-0.09390069428744913,-0.41876880976532044,0.2522757665013014,0.5973466610391286,-0.008567283308875519,0.961646372788244,P4,-0.19131667811137817,-0.19131667811137817,-0.017201220177568484,3,P25; P29; P4,False,0.9805689848651294,1.0,1.0,0.9760304651685182,1.0,1.0
P27 omitted; RCADS T scores,Positive Valence,O,Panic Disorder,Panic Disorder T,34,-0.15094115473983533,-0.4653537449407286,0.19729510059738029,0.3941544539899662,-0.11534483789883755,0.5159591480499838,P4,-0.025494768674208284,-0.17892179408414302,-0.025494768674208284,3,P25; P29; P4,False,0.9802280141180293,1.0,1.0,0.922990404790034,1.0,1.0
P27 omitted; RCADS T scores,Positive Valence,O,Major Depression,Major Depression T,34,0.051739904493501306,-0.29152653408137763,0.3832008665396755,0.7713550205610048,0.039960278268571695,0.8224612608530405,P4,0.1808036654702498,-0.0306023567248647,0.1808036654702498,3,P25; P29; P4,False,0.9805689848651294,1.0,1.0,0.9463701779422691,1.0,1.0
P27 omitted; RCADS T scores,Positive Valence,O,Separation Anxiety,Separation Anxiety T,34,-0.00102566382321706,-0.3390737556808638,0.33725700952036874,0.9954066934578047,0.05607928758190988,0.7527520971030708,P4,0.17259695596414268,-0.07094609621022166,0.17259695596414268,3,P25; P29; P4,False,0.9983095505440389,1.0,1.0,0.9369352943625086,1.0,1.0
P27 omitted; RCADS T scores,Positive Valence,O,Generalized Anxiety,Generalized Anxiety T,34,0.02184152906413591,-0.31867794169646596,0.35736768899600313,0.9024177900565729,-0.03473510436455847,0.845376066905315,P29,0.07151810657375196,-0.017070822108288614,0.07151810657375196,3,P25; P29; P4,False,0.9929759858584547,1.0,1.0,0.9543618316282998,1.0,1.0
P27 omitted; RCADS T scores,Positive Valence,O,Obsessive Compulsive,Obsessive Compulsive T,34,0.010489020602810034,-0.32884309237940923,0.34742240163888743,0.9530518206149514,-0.07087531278547647,0.6903987271251322,P4,0.07587527483863728,-0.042195039513684196,0.07587527483863728,3,P25; P29; P4,False,0.9929759858584547,1.0,1.0,0.932951039197122,1.0,1.0
P27 omitted; RCADS T scores,Positive Valence,Frontal,Social Phobia,Social Phobia T,34,-0.09871303453956495,-0.4227662198946747,0.247721959581202,0.5786067988975587,0.02891458116745488,0.8710484115301809,P25,0.10365924348867549,-0.16463974755263103,0.10365924348867549,1,P25,False,0.9805689848651294,1.0,1.0,0.9624125274206469,1.0,1.0
P27 omitted; RCADS T scores,Positive Valence,Frontal,Panic Disorder,Panic Disorder T,34,-0.0861438828227941,-0.4122989387618768,0.2595837239646352,0.6280915208869089,-0.014437303278949041,0.935411335583325,P35,0.04125753184141885,-0.17822146424789517,0.04125753184141885,1,P25,False,0.9805689848651294,1.0,1.0,0.9745121309614061,1.0,1.0
P27 omitted; RCADS T scores,Positive Valence,Frontal,Major Depression,Major Depression T,34,0.21341759905458174,-0.13445153460463646,0.5144548287022577,0.22554943420760146,0.12156498446454378,0.4934242473968493,P25,0.06530868040546346,0.06530868040546346,0.27168996306094506,1,P25,False,0.968491629530791,1.0,1.0,0.922990404790034,1.0,1.0
P27 omitted; RCADS T scores,Positive Valence,Frontal,Separation Anxiety,Separation Anxiety T,34,0.021951915251510114,-0.31857871478170924,0.3574640199666456,0.9019269802742002,-0.07078860891486984,0.6907588037888193,P25,-0.17389444795241393,-0.17389444795241393,0.10261355104928088,1,P25,False,0.9929759858584547,1.0,1.0,0.932951039197122,1.0,1.0
P27 omitted; RCADS T scores,Positive Valence,Frontal,Generalized Anxiety,Generalized Anxiety T,34,0.034814370597599294,-0.306965236756517,0.36864005928841026,0.8450274661240399,0.07039237964145036,0.6924051704223293,P16,0.1488785849756883,-0.03757512809414501,0.1488785849756883,1,P25,False,0.9864537685813043,1.0,1.0,0.932951039197122,1.0,1.0
P27 omitted; RCADS T scores,Positive Valence,Frontal,Obsessive Compulsive,Obsessive Compulsive T,34,0.14858128660675574,-0.1996140372101341,0.46346037400775014,0.4016747994968499,0.05038310278445828,0.7771979556008879,P30,0.25372815473686505,0.06315698528346071,0.25372815473686505,1,P25,False,0.9802280141180293,1.0,1.0,0.938749914312209,1.0,1.0
P27 omitted; RCADS T scores,Positive Valence,PO,Social Phobia,Social Phobia T,34,-0.13861120408259908,-0.45542931109771784,0.20936833148536893,0.4343387014971796,-0.08934452593541614,0.6153269365266893,P25,-0.0669269078419832,-0.19071274248890616,-0.0669269078419832,3,P24; P25; P4,False,0.9805689848651294,1.0,1.0,0.922990404790034,1.0,1.0
P27 omitted; RCADS T scores,Positive Valence,PO,Panic Disorder,Panic Disorder T,34,-0.21064675427159718,-0.5123182280475715,0.13729925045945918,0.2317735226745886,-0.16111416105976112,0.3626768820095272,P8,-0.2987248458826694,-0.2987248458826694,-0.1253853450580319,3,P24; P25; P4,False,0.968491629530791,1.0,1.0,0.922990404790034,1.0,1.0
P27 omitted; RCADS T scores,Positive Valence,PO,Major Depression,Major Depression T,34,0.008373337425001508,-0.3307288439286616,0.3455605542930879,0.9625140053091293,0.06920324052641534,0.6973544342833533,P25,-0.07702229802967882,-0.07702229802967882,0.08535342809238503,3,P24; P25; P4,False,0.9929759858584547,1.0,1.0,0.932951039197122,1.0,1.0
P27 omitted; RCADS T scores,Positive Valence,PO,Separation Anxiety,Separation Anxiety T,34,-0.0935657790715084,-0.4184901402881096,0.2525921194005825,0.5986605826287836,-0.04474085238775324,0.8016213252510329,P24,-0.004349966426956951,-0.1702726771610637,-0.004349966426956951,3,P24; P25; P4,False,0.9805689848651294,1.0,1.0,0.9463701779422691,1.0,1.0
P27 omitted; RCADS T scores,Positive Valence,PO,Generalized Anxiety,Generalized Anxiety T,34,0.08889353778877676,-0.25699770232880137,0.4145961657440669,0.6171189544403791,0.1764420345597926,0.3181813184165221,P24,0.1798958562972865,0.04185966585121621,0.1798958562972865,3,P24; P25; P4,False,0.9805689848651294,1.0,1.0,0.922990404790034,1.0,1.0
P27 omitted; RCADS T scores,Positive Valence,PO,Obsessive Compulsive,Obsessive Compulsive T,34,0.06694319672954348,-0.27750462079948246,0.3961410947473604,0.7067945948102472,0.13034894481850673,0.46247794135226206,P24,0.14726554244870754,0.019118020616236946,0.14726554244870754,3,P24; P25; P4,False,0.9805689848651294,1.0,1.0,0.922990404790034,1.0,1.0
P27 omitted; RCADS T scores,Positive Valence,CP,Social Phobia,Social Phobia T,34,-0.20510271727958368,-0.5080319757770668,0.14297987944753887,0.24457292963083946,-0.06501956082628742,0.7148636200569005,P25,0.013014287117690041,-0.2407893222237371,0.013014287117690041,1,P25,False,0.968491629530791,1.0,1.0,0.936593041376664,1.0,1.0
P27 omitted; RCADS T scores,Positive Valence,CP,Panic Disorder,Panic Disorder T,34,0.014985528398945522,-0.3248262560939644,0.3513706232217257,0.9329641246435351,-0.057134859784777066,0.7482470222639171,P25,-0.07416510377409886,-0.07416510377409886,0.04705352431482822,1,P25,False,0.9929759858584547,1.0,1.0,0.936593041376664,1.0,1.0
P27 omitted; RCADS T scores,Positive Valence,CP,Major Depression,Major Depression T,34,0.29521332928218225,-0.04771589491117908,0.5758875814468267,0.09007536686234391,0.35076244257968486,0.0419606431100186,P25,0.21811982661604803,0.21811982661604803,0.32098562915211426,1,P25,False,0.968491629530791,1.0,1.0,0.7339314089235879,1.0,1.0
P27 omitted; RCADS T scores,Positive Valence,CP,Separation Anxiety,Separation Anxiety T,34,0.14854382024888038,-0.19965082229467082,0.46343029077120435,0.4017948530857107,0.01731409698567163,0.9225766614158545,P25,-0.06506608538984898,-0.06506608538984898,0.18325971339550898,1,P25,False,0.9802280141180293,1.0,1.0,0.9745121309614061,1.0,1.0
P27 omitted; RCADS T scores,Positive Valence,CP,Generalized Anxiety,Generalized Anxiety T,34,0.16876965019606585,-0.1796489939865863,0.479565532703048,0.3400094198973014,0.31369180534541524,0.07082255133556736,P25,0.2443055467336831,0.13891948419013656,0.2443055467336831,1,P25,False,0.9761496100637267,1.0,1.0,0.7827396878650654,1.0,1.0
P27 omitted; RCADS T scores,Positive Valence,CP,Obsessive Compulsive,Obsessive Compulsive T,34,0.2013882529985677,-0.14677307236889228,0.5051518001450627,0.2534078387092031,0.2542266654261656,0.14680835702182513,P30,0.2976310899643769,0.17422520719373746,0.2976310899643769,1,P25,False,0.968491629530791,1.0,1.0,0.922990404790034,1.0,1.0
P27 omitted; RCADS T scores,Negative Valence,LOT,Social Phobia,Social Phobia T,34,-0.10239501528801005,-0.42581619619261946,0.24422741863887754,0.5644490039279615,-0.19658855449830434,0.26513371848149114,P23,-0.2317404824684819,-0.2317404824684819,-0.041273509988260446,0,,False,0.9805689848651294,1.0,1.0,0.922990404790034,1.0,1.0
P27 omitted; RCADS T scores,Negative Valence,LOT,Panic Disorder,Panic Disorder T,34,-0.12021082463331847,-0.44047086311137157,0.22719043156364166,0.49828707177726006,-0.15174527276171973,0.39161057905065044,P4,-0.18987597852766588,-0.18987597852766588,-0.056649464847237346,0,,False,0.9805689848651294,1.0,1.0,0.922990404790034,1.0,1.0
P27 omitted; RCADS T scores,Negative Valence,LOT,Major Depression,Major Depression T,34,-0.18927998951715125,-0.495715903758292,0.1590672870080366,0.2836621471926478,-0.11911531223352023,0.5022387694179586,P26,-0.105706649246544,-0.242088585955865,-0.105706649246544,0,,False,0.9761496100637267,1.0,1.0,0.922990404790034,1.0,1.0
P27 omitted; RCADS T scores,Negative Valence,LOT,Separation Anxiety,Separation Anxiety T,34,-0.1967300784492176,-0.5015302879733005,0.15151554935387926,0.2647829610033067,-0.25082457314641116,0.1524788236721894,P23,-0.31435603533517364,-0.31435603533517364,-0.14032902276067682,0,,False,0.9748827200576293,1.0,1.0,0.922990404790034,1.0,1.0
P27 omitted; RCADS T scores,Negative Valence,LOT,Generalized Anxiety,Generalized Anxiety T,34,-0.3416168748770452,-0.6093845722807358,-0.003901941641240347,0.04799802914131639,-0.34335496969213997,0.04680012205175276,P16,-0.4394396263361223,-0.4394396263361223,-0.2719317629098381,0,,False,0.968491629530791,1.0,1.0,0.7339314089235879,1.0,1.0
P27 omitted; RCADS T scores,Negative Valence,LOT,Obsessive Compulsive,Obsessive Compulsive T,34,-0.24185266754460732,-0.5361672430583112,0.10489173447111129,0.16819075964669494,-0.30707499648142306,0.07730762349284596,P30,-0.35201178753657686,-0.35201178753657686,-0.17916721775892816,0,,False,0.968491629530791,1.0,1.0,0.7827396878650654,1.0,1.0
P27 omitted; RCADS T scores,Negative Valence,ROT,Social Phobia,Social Phobia T,34,-0.09479186685106963,-0.41951002070689614,0.251433625643173,0.593856557772489,-0.025089901118849733,0.8879901694324561,P26,0.0011491531535314028,-0.16793945704888893,0.0011491531535314028,1,P26,False,0.9805689848651294,1.0,1.0,0.9624125274206469,1.0,1.0
P27 omitted; RCADS T scores,Negative Valence,ROT,Panic Disorder,Panic Disorder T,34,-0.1497128321352739,-0.4643685952837806,0.19850260464591832,0.39805865176548993,-0.046383676491942666,0.7944899236291281,P8,-0.0699557413813329,-0.2019711126080968,-0.0699557413813329,1,P26,False,0.9802280141180293,1.0,1.0,0.9429111181532509,1.0,1.0
P27 omitted; RCADS T scores,Negative Valence,ROT,Major Depression,Major Depression T,34,-0.10020809783142912,-0.4240055444927106,0.24630409214950127,0.5728389050818472,-0.051749325880372544,0.7713144910153377,P26,0.048086273865033786,-0.18796501496396575,0.048086273865033786,1,P26,False,0.9805689848651294,1.0,1.0,0.938749914312209,1.0,1.0
P27 omitted; RCADS T scores,Negative Valence,ROT,Separation Anxiety,Separation Anxiety T,34,-0.34780803393757004,-0.613782617146028,-0.010927605702073247,0.04384006924643634,-0.3277420659500142,0.05846367605090676,P22,-0.398405358036251,-0.398405358036251,-0.30415751131386615,1,P26,False,0.968491629530791,1.0,1.0,0.7339314089235879,1.0,1.0
P27 omitted; RCADS T scores,Negative Valence,ROT,Generalized Anxiety,Generalized Anxiety T,34,-0.22334616739456498,-0.5220801862192128,0.12420011836464272,0.2041844465092792,-0.15430993266379073,0.38356076824146645,P26,-0.15088739364474824,-0.2818343724030576,-0.15088739364474824,1,P26,False,0.968491629530791,1.0,1.0,0.922990404790034,1.0,1.0
P27 omitted; RCADS T scores,Negative Valence,ROT,Obsessive Compulsive,Obsessive Compulsive T,34,-0.17817859676055517,-0.4870006132939226,0.17024502587831425,0.31336497015332054,-0.3437452670095609,0.04653444735787775,P11,-0.34206393271881125,-0.34206393271881125,-0.10767342331962584,1,P26,False,0.9761496100637267,1.0,1.0,0.7339314089235879,1.0,1.0
P27 omitted; RCADS T scores,Negative Valence,O,Social Phobia,Social Phobia T,34,-0.14135572835300675,-0.4576452252474293,0.20669009883075465,0.4252045499346445,-0.3862926849091194,0.024032891782625895,P4,-0.4133039304457691,-0.4133039304457691,-0.11849477822851726,1,P4,False,0.9805689848651294,1.0,1.0,0.7339314089235879,1.0,1.0
P27 omitted; RCADS T scores,Negative Valence,O,Panic Disorder,Panic Disorder T,34,-0.20339646201247757,-0.5067097952689309,0.14472356974711978,0.2486053677958272,-0.11273383624200635,0.5255675672405199,P8,-0.17399748234485118,-0.22569320275437957,-0.17399748234485118,1,P4,False,0.968491629530791,1.0,1.0,0.922990404790034,1.0,1.0
P27 omitted; RCADS T scores,Negative Valence,O,Major Depression,Major Depression T,34,-0.10077044409438152,-0.4244713847374473,0.24577039784564064,0.5706761428554794,-0.27558812599014965,0.11466719043545512,P4,-0.24840976728786462,-0.24840976728786462,-0.0751879624603045,1,P4,False,0.9805689848651294,1.0,1.0,0.8640039465369176,1.0,1.0
P27 omitted; RCADS T scores,Negative Valence,O,Separation Anxiety,Separation Anxiety T,34,-0.21698713592356733,-0.5172018033351792,0.13077448003890216,0.2177001234107036,-0.42611065236418405,0.011978490845120144,P4,-0.4612751313539794,-0.4612751313539794,-0.1900929539475741,1,P4,False,0.968491629530791,1.0,1.0,0.6468385056364878,1.0,1.0
P27 omitted; RCADS T scores,Negative Valence,O,Generalized Anxiety,Generalized Anxiety T,34,-0.10619174405055427,-0.42895354605866065,0.24061451847260965,0.5500185310067379,-0.29540208225080256,0.08986028510408796,P4,-0.44606742645810543,-0.44606742645810543,-0.04752755337925306,1,P4,False,0.9805689848651294,1.0,1.0,0.8024425921656972,1.0,1.0
P27 omitted; RCADS T scores,Negative Valence,O,Obsessive Compulsive,Obsessive Compulsive T,34,-0.11279768156817944,-0.43439373151692157,0.23430543444533197,0.5253315832720816,-0.43788617160070464,0.009596249509226003,P4,-0.2961629993788721,-0.2961629993788721,-0.08952720052744818,1,P4,False,0.9805689848651294,1.0,1.0,0.6218369681978451,1.0,1.0
P27 omitted; RCADS T scores,Negative Valence,Frontal,Social Phobia,Social Phobia T,34,0.04838537561541008,-0.29460065883864633,0.3803280415397503,0.785822775678382,-0.06104189357573808,0.7316443546667435,P1,-0.07910687290969257,-0.07910687290969257,0.07108382461207392,1,P1,False,0.9805689848651294,1.0,1.0,0.936593041376664,1.0,1.0
P27 omitted; RCADS T scores,Negative Valence,Frontal,Panic Disorder,Panic Disorder T,34,-0.038698588884494636,-0.3719961458517437,0.3034380616884759,0.827981907712309,0.06650374808281846,0.7086352126915458,P1,0.10426034008048185,-0.05298123033639416,0.10426034008048185,1,P1,False,0.9863469583559368,1.0,1.0,0.933324426471792,1.0,1.0
P27 omitted; RCADS T scores,Negative Valence,Frontal,Major Depression,Major Depression T,34,-0.07427586528958015,-0.4023358716593797,0.27068887364048627,0.6763297262223461,-0.050524489764860764,0.7765885198366953,P1,0.043805072688748024,-0.09734752033140154,0.043805072688748024,1,P1,False,0.9805689848651294,1.0,1.0,0.938749914312209,1.0,1.0
P27 omitted; RCADS T scores,Negative Valence,Frontal,Separation Anxiety,Separation Anxiety T,34,-0.11607781977810351,-0.43708633294041965,0.23116179597680472,0.5132774844763407,-0.17436674663446294,0.32399733542599507,P1,-0.09166794958156474,-0.1303443946545717,-0.09166794958156474,1,P1,False,0.9805689848651294,1.0,1.0,0.922990404790034,1.0,1.0
P27 omitted; RCADS T scores,Negative Valence,Frontal,Generalized Anxiety,Generalized Anxiety T,34,-0.07087849894398679,-0.3994694425508734,0.27385104600064986,0.6903854964449503,-0.19042829339684933,0.28069708582986247,P1,-0.37802593864614836,-0.37802593864614836,-0.022083396014763265,1,P1,False,0.9805689848651294,1.0,1.0,0.922990404790034,1.0,1.0
P27 omitted; RCADS T scores,Negative Valence,Frontal,Obsessive Compulsive,Obsessive Compulsive T,34,-0.20110937054265565,-0.5049352827646539,0.1470574531287619,0.2540795941670285,-0.23234776452282288,0.18606348089297178,P1,-0.08752394040764723,-0.24692557237264634,-0.08752394040764723,1,P1,False,0.968491629530791,1.0,1.0,0.922990404790034,1.0,1.0
P27 omitted; RCADS T scores,Negative Valence,PO,Social Phobia,Social Phobia T,34,-0.06499443993135309,-0.39448969200059747,0.2793101856133372,0.714969197249427,-0.12942717284479802,0.46567613051538326,P23,-0.14418669102478002,-0.14418669102478002,-0.01990638630730454,1,P4,False,0.9805689848651294,1.0,1.0,0.922990404790034,1.0,1.0
P27 omitted; RCADS T scores,Negative Valence,PO,Panic Disorder,Panic Disorder T,34,0.11994308476149194,-0.22744805071038537,0.440251885535493,0.499251398080775,0.07095780973270699,0.6900561835284142,P4,0.02162764125892839,0.02162764125892839,0.16344456654994716,1,P4,False,0.9805689848651294,1.0,1.0,0.932951039197122,1.0,1.0
P27 omitted; RCADS T scores,Negative Valence,PO,Major Depression,Major Depression T,34,-0.08040897413684367,-0.4074942682455568,0.26496143751576995,0.6512281505506587,-0.06935634504085432,0.6967165113674156,P25,-0.01580914556358544,-0.13262449586941058,-0.01580914556358544,1,P4,False,0.9805689848651294,1.0,1.0,0.932951039197122,1.0,1.0
P27 omitted; RCADS T scores,Negative Valence,PO,Separation Anxiety,Separation Anxiety T,34,-0.20369345135771663,-0.5069400354950213,0.1444202198321368,0.24790032201805787,-0.3295807311166343,0.05698126275400681,P4,-0.34996188688441443,-0.34996188688441443,-0.1549259261122329,1,P4,False,0.968491629530791,1.0,1.0,0.7339314089235879,1.0,1.0
P27 omitted; RCADS T scores,Negative Valence,PO,Generalized Anxiety,Generalized Anxiety T,34,-0.23039684070134603,-0.5274664125719786,0.11687484600673179,0.18989124729171575,-0.17290704606251453,0.3281273956566474,P16,-0.1772137579798095,-0.2830047005754272,-0.1772137579798095,1,P4,False,0.968491629530791,1.0,1.0,0.922990404790034,1.0,1.0
P27 omitted; RCADS T scores,Negative Valence,PO,Obsessive Compulsive,Obsessive Compulsive T,34,-0.16655609587273584,-0.47780984296182616,0.18185216269030668,0.34647285542385364,-0.3365036589640883,0.05166484297891878,P30,-0.32584771342250207,-0.32584771342250207,-0.1137109692809292,1,P4,False,0.9761496100637267,1.0,1.0,0.7339314089235879,1.0,1.0
P27 omitted; RCADS T scores,Negative Valence,CP,Social Phobia,Social Phobia T,34,0.22928439226448455,-0.11803313641284396,0.5266181627267772,0.19209846214859727,0.1871033479777636,0.28933772089673293,P25,0.07098391608778233,0.07098391608778233,0.2777881578965986,1,P25,False,0.968491629530791,1.0,1.0,0.922990404790034,1.0,1.0
P27 omitted; RCADS T scores,Negative Valence,CP,Panic Disorder,Panic Disorder T,34,0.09535833908932718,-0.2508980476623717,0.419980945123222,0.5916427097190092,0.2047332475621178,0.24544237599960375,P25,0.25486274381502066,0.04145882170442184,0.25486274381502066,1,P25,False,0.9805689848651294,1.0,1.0,0.922990404790034,1.0,1.0
P27 omitted; RCADS T scores,Negative Valence,CP,Major Depression,Major Depression T,34,-0.04970128275935402,-0.38145575102059964,0.2933955935576594,0.7801387061879879,0.1996482868284195,0.2576182404522342,P25,0.28405456311273675,-0.09491668996208934,0.28405456311273675,1,P25,False,0.9805689848651294,1.0,1.0,0.922990404790034,1.0,1.0
P27 omitted; RCADS T scores,Negative Valence,CP,Separation Anxiety,Separation Anxiety T,34,-0.16663089867881897,-0.4778692137376813,0.1817777679091445,0.34625322772738076,-0.09714280963642312,0.5846924858111924,P25,-0.015216832758958687,-0.2302118967386457,-0.015216832758958687,1,P25,False,0.9761496100637267,1.0,1.0,0.922990404790034,1.0,1.0
P27 omitted; RCADS T scores,Negative Valence,CP,Generalized Anxiety,Generalized Anxiety T,34,-0.05719588470347442,-0.3878597213275394,0.2865114270922773,0.7479868226235007,0.10082401974845291,0.5704702863402993,P25,0.02301439184166587,-0.0826472267681078,0.02301439184166587,1,P25,False,0.9805689848651294,1.0,1.0,0.922990404790034,1.0,1.0
P27 omitted; RCADS T scores,Negative Valence,CP,Obsessive Compulsive,Obsessive Compulsive T,34,-0.061150246620855206,-0.3912258185212623,0.2828647881845449,0.7311855775624044,-0.03497542609196339,0.8443192577312635,P25,0.11670203833276194,-0.1424020712740288,0.11670203833276194,1,P25,False,0.9805689848651294,1.0,1.0,0.9543618316282998,1.0,1.0
P27 omitted; RCADS T scores,Angry Caucasian,LOT,Social Phobia,Social Phobia T,21,0.1905453693061231,-0.2627545244963128,0.5749399371487113,0.4080438705134951,0.13411503809701023,0.5621927793492272,P20,0.37030209089801364,0.036857870510620144,0.37030209089801364,1,P29,False,0.9802280141180293,1.0,1.0,0.922990404790034,1.0,1.0
P27 omitted; RCADS T scores,Angry Caucasian,LOT,Panic Disorder,Panic Disorder T,21,-0.2800218878330313,-0.6349542842170175,0.17251932960180838,0.21891215822072882,-0.4634976784327605,0.03432618565157552,P29,-0.41838815032743787,-0.41838815032743787,-0.1876965511999123,1,P29,False,0.968491629530791,1.0,1.0,0.7339314089235879,1.0,1.0
P27 omitted; RCADS T scores,Angry Caucasian,LOT,Major Depression,Major Depression T,21,0.003309993515695095,-0.42898976105393066,0.43437610149096767,0.9886389426513914,-0.1324214718433947,0.5671845515211499,P25,0.16799612085393556,-0.15781727065293855,0.16799612085393556,1,P29,False,0.9983095505440389,1.0,1.0,0.922990404790034,1.0,1.0
P27 omitted; RCADS T scores,Angry Caucasian,LOT,Separation Anxiety,Separation Anxiety T,21,-0.025972501331789064,-0.45258490544537383,0.41031472084104925,0.9110206407090912,0.08987339148246418,0.698446605808853,P25,0.12592692195016875,-0.10165808476999436,0.12592692195016875,1,P29,False,0.9929759858584547,1.0,1.0,0.932951039197122,1.0,1.0
P27 omitted; RCADS T scores,Angry Caucasian,LOT,Generalized Anxiety,Generalized Anxiety T,21,0.3272748645689466,-0.12159020771197876,0.6650090158261123,0.14757168185622663,0.19738983707004082,0.3910859956964886,P29,0.15037899309245337,0.15037899309245337,0.435193448026672,1,P29,False,0.968491629530791,1.0,1.0,0.922990404790034,1.0,1.0
P27 omitted; RCADS T scores,Angry Caucasian,LOT,Obsessive Compulsive,Obsessive Compulsive T,21,-0.0644220649082768,-0.48268529221990464,0.37777057227135163,0.7814501142457456,-0.05140598035722946,0.8248644902001244,P29,-0.338666595676296,-0.338666595676296,0.1480210006321453,1,P29,False,0.9805689848651294,1.0,1.0,0.9463701779422691,1.0,1.0
P27 omitted; RCADS T scores,Angry Caucasian,ROT,Social Phobia,Social Phobia T,21,0.4166765193969092,-0.018302377222607382,0.7190288814070646,0.060240764701126714,0.4134128601534053,0.062486752895577084,P24,0.5029946762836656,0.3629194902436188,0.5029946762836656,0,,False,0.968491629530791,1.0,1.0,0.7498410347469251,1.0,1.0
P27 omitted; RCADS T scores,Angry Caucasian,ROT,Panic Disorder,Panic Disorder T,21,-0.13673139703507223,-0.5367371906164936,0.3134572387408276,0.55451965467039,-0.21642929569574754,0.34603549833424874,P20,-0.34045149252023893,-0.34045149252023893,-0.013179163849689535,0,,False,0.9805689848651294,1.0,1.0,0.922990404790034,1.0,1.0
P27 omitted; RCADS T scores,Angry Caucasian,ROT,Major Depression,Major Depression T,21,-0.2780987511041452,-0.6337079109484283,0.17454207587660728,0.2222259880683032,-0.3248566156552245,0.15076439339160083,P19,-0.39832225825533335,-0.39832225825533335,-0.20087140806837078,0,,False,0.968491629530791,1.0,1.0,0.922990404790034,1.0,1.0
P27 omitted; RCADS T scores,Angry Caucasian,ROT,Separation Anxiety,Separation Anxiety T,21,0.2671387241492173,-0.1859973129999179,0.6265693644408478,0.2417396357257464,0.13350757430366056,0.5639810300494451,P14,0.061086910039361765,0.061086910039361765,0.39727328696098396,0,,False,0.968491629530791,1.0,1.0,0.922990404790034,1.0,1.0
P27 omitted; RCADS T scores,Angry Caucasian,ROT,Generalized Anxiety,Generalized Anxiety T,21,0.10461964743674756,-0.3425371075865096,0.513131892976222,0.6517642506417817,-0.0973877010709804,0.6745148775366381,P16,-0.1163710653206052,-0.1163710653206052,0.16478110665036536,0,,False,0.9805689848651294,1.0,1.0,0.932951039197122,1.0,1.0
P27 omitted; RCADS T scores,Angry Caucasian,ROT,Obsessive Compulsive,Obsessive Compulsive T,21,-0.14107170372728872,-0.5398804192338658,0.30946086801025846,0.5418954865116371,-0.010544816483534246,0.9638167722570488,P30,0.10853273796102812,-0.30589660381862877,0.10853273796102812,0,,False,0.9805689848651294,1.0,1.0,0.9760304651685182,1.0,1.0
P27 omitted; RCADS T scores,Angry Caucasian,O,Social Phobia,Social Phobia T,21,0.09708630039053902,-0.3492373198308376,0.5075031789326556,0.6754691666136488,0.19466211840294204,0.3977965138864561,P25,0.4322985770594769,0.00886369435388379,0.4322985770594769,1,P25,False,0.9805689848651294,1.0,1.0,0.922990404790034,1.0,1.0
P27 omitted; RCADS T scores,Angry Caucasian,O,Panic Disorder,Panic Disorder T,21,0.0378053483117478,-0.400416252065495,0.46195302257150084,0.870758573500781,0.047588369234305934,0.837697758647709,P35,0.2923620469330108,-0.06532007297764801,0.2923620469330108,1,P25,False,0.9864537685813043,1.0,1.0,0.9523300835152902,1.0,1.0
P27 omitted; RCADS T scores,Angry Caucasian,O,Major Depression,Major Depression T,21,0.162396541518663,-0.289591917155225,0.5551638688692633,0.48185914430914467,0.020221998163277022,0.9306692113030008,P25,-0.1137546390894971,-0.1137546390894971,0.23869275822945743,1,P25,False,0.9805689848651294,1.0,1.0,0.9745121309614061,1.0,1.0
P27 omitted; RCADS T scores,Angry Caucasian,O,Separation Anxiety,Separation Anxiety T,21,0.41671608482609884,-0.018254514293993804,0.7190520060105059,0.060213918759742864,0.3099980749684996,0.1714455536365664,P25,0.27871090026660905,0.27871090026660905,0.478085648264664,1,P25,False,0.968491629530791,1.0,1.0,0.922990404790034,1.0,1.0
P27 omitted; RCADS T scores,Angry Caucasian,O,Generalized Anxiety,Generalized Anxiety T,21,0.3602324796562051,-0.08461212883714479,0.6853431858214426,0.10869146623109248,0.38170749949968164,0.08774011909621145,P29,0.3026986314999008,0.3026986314999008,0.4078368479598618,1,P25,False,0.968491629530791,1.0,1.0,0.8024425921656972,1.0,1.0
P27 omitted; RCADS T scores,Angry Caucasian,O,Obsessive Compulsive,Obsessive Compulsive T,21,0.2551294155271081,-0.1984093784205352,0.6186775292864893,0.26435514612426514,0.35852376044016443,0.11050190742377343,P30,0.5873253106269236,0.162922878299186,0.5873253106269236,1,P25,False,0.9748827200576293,1.0,1.0,0.8640039465369176,1.0,1.0
P27 omitted; RCADS T scores,Angry Caucasian,Frontal,Social Phobia,Social Phobia T,21,0.31505355220672515,-0.13499285700261435,0.6573392643977461,0.16420171442242473,0.2343757947326392,0.3064915144153588,P31,0.4247476970797567,0.20597068938510288,0.4247476970797567,0,,False,0.968491629530791,1.0,1.0,0.922990404790034,1.0,1.0
P27 omitted; RCADS T scores,Angry Caucasian,Frontal,Panic Disorder,Panic Disorder T,21,0.298895362121506,-0.15246368047309072,0.6470888059953077,0.18811759599582678,0.1538473306752904,0.5055208756805583,P20,0.19518603869785617,0.19518603869785617,0.39333322920485947,0,,False,0.968491629530791,1.0,1.0,0.922990404790034,1.0,1.0
P27 omitted; RCADS T scores,Angry Caucasian,Frontal,Major Depression,Major Depression T,21,-0.18104038480959822,-0.5683120222056822,0.27189579634370176,0.4322466308161574,-0.1800410159053051,0.4348348542360996,P26,-0.27848437746553756,-0.27848437746553756,-0.09710908638147965,0,,False,0.9805689848651294,1.0,1.0,0.922990404790034,1.0,1.0
P27 omitted; RCADS T scores,Angry Caucasian,Frontal,Separation Anxiety,Separation Anxiety T,21,0.12183281772907274,-0.32705496525097794,0.5258625821270749,0.5988271804532048,0.0761970058220892,0.7427038163073794,P20,-0.018988292592215072,-0.018988292592215072,0.22825112833070832,0,,False,0.9805689848651294,1.0,1.0,0.936593041376664,1.0,1.0
P27 omitted; RCADS T scores,Angry Caucasian,Frontal,Generalized Anxiety,Generalized Anxiety T,21,0.0013742981393621914,-0.4305679228060914,0.43280430940241954,0.9952828061366579,0.030719610404940128,0.8948375996566963,P20,-0.06698087453693982,-0.06698087453693982,0.05423884515359028,0,,False,0.9983095505440389,1.0,1.0,0.9624125274206469,1.0,1.0
P27 omitted; RCADS T scores,Angry Caucasian,Frontal,Obsessive Compulsive,Obsessive Compulsive T,21,-0.08552481559832548,-0.49879607771219014,0.3594321754446653,0.7124246167654108,-0.12126538956064385,0.6005433889932729,P20,-0.2810009820735961,-0.2810009820735961,-0.03415259948894665,0,,False,0.9805689848651294,1.0,1.0,0.922990404790034,1.0,1.0
P27 omitted; RCADS T scores,Angry Caucasian,PO,Social Phobia,Social Phobia T,21,0.0900678018661639,-0.35543882268392807,0.5022274365576703,0.6978238449646532,0.036458456958410546,0.8753278120485044,P20,-0.030466906079959777,-0.030466906079959777,0.17508976025890705,0,,False,0.9805689848651294,1.0,1.0,0.9624125274206469,1.0,1.0
P27 omitted; RCADS T scores,Angry Caucasian,PO,Panic Disorder,Panic Disorder T,21,0.50460722769231,0.09322865839939541,0.7688201659565095,0.0196557738996094,0.3970043405985248,0.07475447403194171,P37,0.4513658419447366,0.4513658419447366,0.5534936196916538,0,,False,0.968491629530791,1.0,1.0,0.7827396878650654,1.0,1.0
P27 omitted; RCADS T scores,Angry Caucasian,PO,Major Depression,Major Depression T,21,-0.033046044261788046,-0.4581964044238357,0.4044098604401879,0.8869209799486502,-0.0750170899605438,0.7465612013099203,P37,-0.19932987357941445,-0.19932987357941445,0.043586959652156226,0,,False,0.9889666543331982,1.0,1.0,0.936593041376664,1.0,1.0
P27 omitted; RCADS T scores,Angry Caucasian,PO,Separation Anxiety,Separation Anxiety T,21,-0.0004924899789654907,-0.43208740707640114,0.4312859815207903,0.9983095505440389,-0.04949549096135709,0.8312816191219721,P14,-0.14034542767198277,-0.14034542767198277,0.0903049071200939,0,,False,0.9983095505440389,1.0,1.0,0.9483635373081654,1.0,1.0
P27 omitted; RCADS T scores,Angry Caucasian,PO,Generalized Anxiety,Generalized Anxiety T,21,0.022860386292771165,-0.41290111884626995,0.4501052897869255,0.921648759143783,-0.030066001672920128,0.8970635286451709,P37,-0.06782953422638517,-0.06782953422638517,0.09076917858871228,0,,False,0.9929759858584547,1.0,1.0,0.9624125274206469,1.0,1.0
P27 omitted; RCADS T scores,Angry Caucasian,PO,Obsessive Compulsive,Obsessive Compulsive T,21,-0.0416351254783615,-0.4649649352469296,0.39719049106460236,0.8577884082133029,-0.09885765453313355,0.6698676505749959,P20,-0.16585399656062674,-0.16585399656062674,0.013561545336409866,0,,False,0.9864537685813043,1.0,1.0,0.932951039197122,1.0,1.0
P27 omitted; RCADS T scores,Angry Caucasian,CP,Social Phobia,Social Phobia T,21,0.43134992736335187,-0.0004139290538451715,0.7275593002994782,0.05089324644595532,0.49023603731577026,0.02406220208681919,P25,0.37590308204324685,0.37590308204324685,0.4693343776507081,2,P25; P20,False,0.968491629530791,1.0,1.0,0.7339314089235879,1.0,1.0
P27 omitted; RCADS T scores,Angry Caucasian,CP,Panic Disorder,Panic Disorder T,21,0.15476954693842954,-0.29674323163516086,0.5497279224602171,0.5029417317905192,0.377447476529632,0.09163696268558888,P25,0.4429122635017495,0.08338277091475572,0.4429122635017495,2,P25; P20,False,0.9805689848651294,1.0,1.0,0.8024425921656972,1.0,1.0
P27 omitted; RCADS T scores,Angry Caucasian,CP,Major Depression,Major Depression T,21,-0.15276571063310604,-0.5482941687678009,0.29861372988040785,0.5085539479841161,0.24788255813049254,0.2786288196450019,P25,0.28089088942124363,-0.24863918827538667,0.28089088942124363,2,P25; P20,False,0.9805689848651294,1.0,1.0,0.922990404790034,1.0,1.0
P27 omitted; RCADS T scores,Angry Caucasian,CP,Separation Anxiety,Separation Anxiety T,21,-0.1644497534850113,-0.5566215336490763,0.2876581001978799,0.47626017331384,0.06968444122191064,0.7640663397573899,P25,0.23000944870451612,-0.28335420892660174,0.23000944870451612,2,P25; P20,False,0.9805689848651294,1.0,1.0,0.9377177806113423,1.0,1.0
P27 omitted; RCADS T scores,Angry Caucasian,CP,Generalized Anxiety,Generalized Anxiety T,21,0.06707891412789548,-0.37548068989304045,0.4847293469413489,0.7726603641486489,0.26013627534396105,0.2547691259217436,P25,0.29278314917035514,-0.03600587595371016,0.29278314917035514,2,P25; P20,False,0.9805689848651294,1.0,1.0,0.922990404790034,1.0,1.0
P27 omitted; RCADS T scores,Angry Caucasian,CP,Obsessive Compulsive,Obsessive Compulsive T,21,-0.08576266177648653,-0.498976047043913,0.35922350859240865,0.7116577413046171,0.2003515131871507,0.3838719515753676,P25,0.16787571436617765,-0.18859393153934573,0.16787571436617765,2,P25; P20,False,0.9805689848651294,1.0,1.0,0.922990404790034,1.0,1.0
P27 omitted; RCADS T scores,Happy Caucasian,LOT,Social Phobia,Social Phobia T,21,0.09485240742477771,-0.3512154251077582,0.5058273135025736,0.6825569331908822,0.1796881092950234,0.4357507912545474,P25,0.2806375862708952,-0.007736174338576901,0.2806375862708952,0,,False,0.9805689848651294,1.0,1.0,0.922990404790034,1.0,1.0
P27 omitted; RCADS T scores,Happy Caucasian,LOT,Panic Disorder,Panic Disorder T,21,0.22184019363405316,-0.23207097376342084,0.5964113542519925,0.33381163467786984,0.2425051144542713,0.2895255443435313,P20,0.36963711302279034,0.14205066673931535,0.36963711302279034,0,,False,0.9761496100637267,1.0,1.0,0.922990404790034,1.0,1.0
P27 omitted; RCADS T scores,Happy Caucasian,LOT,Major Depression,Major Depression T,21,0.48565894460021786,0.06828916170679744,0.7583547253569964,0.02561957950319896,0.454668797413035,0.03838025687971965,P19,0.5974256024761174,0.38846315598921616,0.5974256024761174,0,,False,0.968491629530791,1.0,1.0,0.7339314089235879,1.0,1.0
P27 omitted; RCADS T scores,Happy Caucasian,LOT,Separation Anxiety,Separation Anxiety T,21,0.22458103106680313,-0.2293399496985577,0.5982666584774107,0.32771870308802054,0.3093468185084818,0.172394429410385,P25,0.07825673314641793,0.07825673314641793,0.35506865001318677,0,,False,0.9761496100637267,1.0,1.0,0.922990404790034,1.0,1.0
P27 omitted; RCADS T scores,Happy Caucasian,LOT,Generalized Anxiety,Generalized Anxiety T,21,0.38666366476032976,-0.054044010902275175,0.7012924046484568,0.0833624744213742,0.484977679158842,0.02585806790782096,P16,0.5039713368803904,0.29585801891078173,0.5039713368803904,0,,False,0.968491629530791,1.0,1.0,0.7339314089235879,1.0,1.0
P27 omitted; RCADS T scores,Happy Caucasian,LOT,Obsessive Compulsive,Obsessive Compulsive T,21,0.1022073849568636,-0.3446875528886043,0.5113333315619623,0.6593210392941464,0.14630932870903768,0.5268392154466628,P30,0.36256141073371073,-0.014978506875223396,0.36256141073371073,0,,False,0.9805689848651294,1.0,1.0,0.922990404790034,1.0,1.0
P27 omitted; RCADS T scores,Happy Caucasian,ROT,Social Phobia,Social Phobia T,21,0.07695105012652709,-0.36692450307022956,0.4922847452402748,0.7402417901954343,0.18294332866631005,0.42734101589440365,P24,0.24583393281613594,-0.03415593769515682,0.24583393281613594,0,,False,0.9805689848651294,1.0,1.0,0.922990404790034,1.0,1.0
P27 omitted; RCADS T scores,Happy Caucasian,ROT,Panic Disorder,Panic Disorder T,21,0.04138355261492288,-0.39740272018744904,0.4647673870372076,0.8586393558283973,0.089309679247944,0.7002534159928374,P24,0.2375299065439581,-0.060092649176472314,0.2375299065439581,0,,False,0.9864537685813043,1.0,1.0,0.932951039197122,1.0,1.0
P27 omitted; RCADS T scores,Happy Caucasian,ROT,Major Depression,Major Depression T,21,-0.13986750249346688,-0.5390094560667935,0.3105712430849844,0.5453847675743309,-0.17938869338390906,0.43652869859560073,P31,-0.31953319291139265,-0.31953319291139265,-0.023672481530445776,0,,False,0.9805689848651294,1.0,1.0,0.922990404790034,1.0,1.0
P27 omitted; RCADS T scores,Happy Caucasian,ROT,Separation Anxiety,Separation Anxiety T,21,-0.28362345883002826,-0.637283480976069,0.16872091904914938,0.2127942172846422,-0.24422117250669614,0.2860199342623025,P31,-0.4128167386104376,-0.4128167386104376,-0.16924860714699294,0,,False,0.968491629530791,1.0,1.0,0.922990404790034,1.0,1.0
P27 omitted; RCADS T scores,Happy Caucasian,ROT,Generalized Anxiety,Generalized Anxiety T,21,-0.01913064449025972,-0.44712486727092243,0.41599157912185475,0.9344029229123163,-0.13921865992026058,0.5472690817386554,P16,-0.27132991026704806,-0.27132991026704806,0.11358496616001248,0,,False,0.9929759858584547,1.0,1.0,0.922990404790034,1.0,1.0
P27 omitted; RCADS T scores,Happy Caucasian,ROT,Obsessive Compulsive,Obsessive Compulsive T,21,-0.15954435296954034,-0.5531349641308901,0.2922721405831302,0.4896910666558778,-0.19442005391516268,0.39839508296425585,P30,-0.2606285488604825,-0.2606285488604825,-0.07441369079119886,0,,False,0.9805689848651294,1.0,1.0,0.922990404790034,1.0,1.0
P27 omitted; RCADS T scores,Happy Caucasian,O,Social Phobia,Social Phobia T,21,-0.19539470300065287,-0.5783020993964467,0.25805919122669607,0.39598803909461316,0.018880272353462606,0.935259679451307,P25,0.06042637455951298,-0.2671965290405618,0.06042637455951298,1,P25,False,0.9802280141180293,1.0,1.0,0.9745121309614061,1.0,1.0
P27 omitted; RCADS T scores,Happy Caucasian,O,Panic Disorder,Panic Disorder T,21,0.32026420685648177,-0.12929859829155552,0.6606180189894987,0.15695998495079883,0.22164445944745226,0.3342493054450951,P35,0.18013526757189569,0.18013526757189569,0.42114686070980734,1,P25,False,0.968491629530791,1.0,1.0,0.922990404790034,1.0,1.0
P27 omitted; RCADS T scores,Happy Caucasian,O,Major Depression,Major Depression T,21,0.3536460506158532,-0.09210131373785055,0.6813196290528146,0.11579016464352156,0.13503076192897887,0.559501839203824,P25,0.14074435485115805,0.14074435485115805,0.4726070879896087,1,P25,False,0.968491629530791,1.0,1.0,0.922990404790034,1.0,1.0
P27 omitted; RCADS T scores,Happy Caucasian,O,Separation Anxiety,Separation Anxiety T,21,0.37060935142938567,-0.072710112228662,0.6916422529545089,0.09815690943112354,0.3301870252290532,0.14379022576353892,P25,0.19182485504942012,0.19182485504942012,0.42932501119593025,1,P25,False,0.968491629530791,1.0,1.0,0.922990404790034,1.0,1.0
P27 omitted; RCADS T scores,Happy Caucasian,O,Generalized Anxiety,Generalized Anxiety T,21,0.10900339770356436,-0.3386171206916511,0.516391220137825,0.6381156347602026,0.26536514520012106,0.2449981981140791,P29,0.27489963810166307,0.047794339180021315,0.27489963810166307,1,P25,False,0.9805689848651294,1.0,1.0,0.922990404790034,1.0,1.0
P27 omitted; RCADS T scores,Happy Caucasian,O,Obsessive Compulsive,Obsessive Compulsive T,21,0.11655328134339663,-0.3318293284306583,0.5219770414182316,0.6148734036209524,0.16608085961566438,0.47183571907223276,P25,-0.07954823842277442,-0.07954823842277442,0.2640586395712239,1,P25,False,0.9805689848651294,1.0,1.0,0.922990404790034,1.0,1.0
P27 omitted; RCADS T scores,Happy Caucasian,Frontal,Social Phobia,Social Phobia T,21,0.2614655692790829,-0.19187880709271746,0.6228504523836017,0.2522618991903563,0.2486987599663005,0.2769976060606062,P20,0.16933448181594954,0.16933448181594954,0.3386620498003863,0,,False,0.968491629530791,1.0,1.0,0.922990404790034,1.0,1.0
P27 omitted; RCADS T scores,Happy Caucasian,Frontal,Panic Disorder,Panic Disorder T,21,0.3260412658098695,-0.12295051660019966,0.6642380630101689,0.1491943663067751,0.44980787358453544,0.040766424915790786,P35,0.5896907411976869,0.2390950521718919,0.5896907411976869,0,,False,0.968491629530791,1.0,1.0,0.7339314089235879,1.0,1.0
P27 omitted; RCADS T scores,Happy Caucasian,Frontal,Major Depression,Major Depression T,21,0.11487488903388231,-0.3333423267365492,0.5207382727374966,0.6200107123990928,0.12263663402245421,0.5963995108659503,P20,0.23441916787209027,0.02120594909213512,0.23441916787209027,0,,False,0.9805689848651294,1.0,1.0,0.922990404790034,1.0,1.0
P27 omitted; RCADS T scores,Happy Caucasian,Frontal,Separation Anxiety,Separation Anxiety T,21,0.3778095133639986,-0.06437682900730152,0.6959844500142176,0.09130091309572406,0.39466141477082095,0.0766437115307397,P14,0.28049405569722735,0.28049405569722735,0.44713571033250593,0,,False,0.968491629530791,1.0,1.0,0.7827396878650654,1.0,1.0
P27 omitted; RCADS T scores,Happy Caucasian,Frontal,Generalized Anxiety,Generalized Anxiety T,21,0.3163381042512048,-0.13359184035456373,0.6581487618155019,0.16239538484928562,0.3830147169637216,0.08656932343995277,P29,0.41042298172309766,0.2798284387876276,0.41042298172309766,0,,False,0.968491629530791,1.0,1.0,0.8024425921656972,1.0,1.0
P27 omitted; RCADS T scores,Happy Caucasian,Frontal,Obsessive Compulsive,Obsessive Compulsive T,21,0.34893653648356415,-0.09742558443915107,0.6784304607173746,0.12106706438045074,0.3697276279539195,0.09902172587407376,P30,0.2431573616493455,0.2431573616493455,0.4325984741379133,0,,False,0.968491629530791,1.0,1.0,0.8331319020904064,1.0,1.0
P27 omitted; RCADS T scores,Happy Caucasian,PO,Social Phobia,Social Phobia T,21,0.06292700846804619,-0.37905675592481614,0.48153305911767647,0.7864076357225622,0.1712245389296781,0.4580206864279135,P22,0.1764477751598372,-0.009950681559670993,0.1764477751598372,0,,False,0.9805689848651294,1.0,1.0,0.922990404790034,1.0,1.0
P27 omitted; RCADS T scores,Happy Caucasian,PO,Panic Disorder,Panic Disorder T,21,0.4454629888424307,0.017056106958574416,0.7356784475167178,0.042995506851809154,0.42308015935704857,0.05601298180134446,P35,0.32624770650113977,0.32624770650113977,0.5244987444472055,0,,False,0.968491629530791,1.0,1.0,0.7339314089235879,1.0,1.0
P27 omitted; RCADS T scores,Happy Caucasian,PO,Major Depression,Major Depression T,21,0.04762651938154634,-0.39212218989947273,0.46965726812802056,0.837569311301407,0.07436476743914777,0.7486962892486295,P21,-0.05476787018869047,-0.05476787018869047,0.14470381317406691,0,,False,0.9864537685813043,1.0,1.0,0.936593041376664,1.0,1.0
P27 omitted; RCADS T scores,Happy Caucasian,PO,Separation Anxiety,Separation Anxiety T,21,0.11602281277902304,-0.3323077724317164,0.5215857039840648,0.6164952294198558,0.12829752262351773,0.5794206622538289,P14,-0.11006778228594323,-0.11006778228594323,0.21853257956103161,0,,False,0.9805689848651294,1.0,1.0,0.922990404790034,1.0,1.0
P27 omitted; RCADS T scores,Happy Caucasian,PO,Generalized Anxiety,Generalized Anxiety T,21,0.31177958514580795,-0.13855554040627738,0.6552725014676425,0.16886826625385115,0.3098105389774813,0.17171842330621334,P22,0.4012415041188274,0.22882240726242747,0.4012415041188274,0,,False,0.968491629530791,1.0,1.0,0.922990404790034,1.0,1.0
P27 omitted; RCADS T scores,Happy Caucasian,PO,Obsessive Compulsive,Obsessive Compulsive T,21,0.21021031541041935,-0.2435801480428814,0.5884941820663091,0.360403471144401,0.19376100288494177,0.40002728509525587,P30,0.08943045878841249,0.08943045878841249,0.3034293921631755,0,,False,0.9802280141180293,1.0,1.0,0.922990404790034,1.0,1.0
P27 omitted; RCADS T scores,Happy Caucasian,CP,Social Phobia,Social Phobia T,21,-0.1976417180114633,-0.579855612808673,0.2558762481409699,0.3904695408994711,0.1842454164148247,0.4240015994894384,P25,0.24430300960859902,-0.2576449064411322,0.24430300960859902,1,P25,False,0.9802280141180293,1.0,1.0,0.922990404790034,1.0,1.0
P27 omitted; RCADS T scores,Happy Caucasian,CP,Panic Disorder,Panic Disorder T,21,0.14943653855388167,-0.3017137264711033,0.5459069799246532,0.5179442438840764,0.29139727462650344,0.1999784273982948,P35,0.23816219752537485,0.11665710305907898,0.23816219752537485,1,P25,False,0.9805689848651294,1.0,1.0,0.922990404790034,1.0,1.0
P27 omitted; RCADS T scores,Happy Caucasian,CP,Major Depression,Major Depression T,21,0.38103877128710434,-0.06061922877567211,0.6979243870757997,0.0883435716495234,0.23548843022396793,0.30413443650340555,P25,0.19280405889464133,0.19280405889464133,0.44022221286218893,1,P25,False,0.968491629530791,1.0,1.0,0.922990404790034,1.0,1.0
P27 omitted; RCADS T scores,Happy Caucasian,CP,Separation Anxiety,Separation Anxiety T,21,0.391374237053266,-0.048508026013641035,0.7041021885614536,0.07935429201950327,0.4011739793709996,0.07147890772608098,P25,0.27494357203783304,0.27494357203783304,0.4601248696469938,1,P25,False,0.968491629530791,1.0,1.0,0.7827396878650654,1.0,1.0
P27 omitted; RCADS T scores,Happy Caucasian,CP,Generalized Anxiety,Generalized Anxiety T,21,0.19741935177828818,-0.25609248016952535,0.5797019998121784,0.39101373317764615,0.30523527785334126,0.17846821086369238,P25,0.3292057685566749,0.17187181239013335,0.3292057685566749,1,P25,False,0.9802280141180293,1.0,1.0,0.922990404790034,1.0,1.0
P27 omitted; RCADS T scores,Happy Caucasian,CP,Obsessive Compulsive,Obsessive Compulsive T,21,0.282312583520646,-0.17010499553864716,0.6364364630408519,0.21500771297360138,0.2939367594785171,0.19590657989675045,P30,0.4095779412615975,0.2644653212942125,0.4095779412615975,1,P25,False,0.968491629530791,1.0,1.0,0.922990404790034,1.0,1.0
